Time,Label,A1,A2,A3,A4,A5,A6,Cur1,Cur2,Cur3,Cur4,Cur5,Cur6
4315948,1,0.625891,-89.518929,90.282394,4.939883,90.483284,-143.840973,2.895355,3.17764,-1.935957,4.146088,0.054825,-1.165862
4315972,1,0.608115,-89.519753,90.328773,4.917767,90.485245,-143.839401,11.775015,5.66864,7.155278,13.411037,1.847737,-1.912112
4315996,1,0.50135,-89.549217,90.595215,4.455314,90.549042,-143.730713,20.647999,10.7069,18.301006,33.295147,6.999963,-7.066725
4316020,1,0.226077,-89.65757,91.355507,2.790814,90.796524,-143.163864,32.197948,14.48631,31.32275,53.784836,11.684888,-9.689325
4316044,1,-0.296389,-89.875557,92.811157,-0.526556,91.299004,-141.975067,36.52763,16.161915,39.163315,68.821899,11.99245,-11.272426
4316068,1,-1.092502,-90.212036,95.020309,-5.5956,92.0653,-140.175339,37.779804,18.767355,42.35812,74.002739,14.603138,-13.325212
4316092,1,-2.121174,-90.654411,97.902992,-12.268958,93.074318,-137.78952,34.234043,18.350599,36.990299,68.128098,14.054775,-13.918875
4316116,1,-3.299656,-91.152962,101.186234,-19.868177,94.224953,-135.063828,26.11446,17.166134,28.578892,57.725899,12.810225,-13.337125
4316140,1,-4.538167,-91.667267,104.610573,-27.72739,95.414597,-132.238251,23.169514,16.23535,24.3582,55.029385,11.35825,-12.6934
4316164,1,-5.785697,-92.18325,108.063004,-35.617199,96.606979,-129.40596,23.277279,15.772815,24.457657,52.995674,11.625288,-12.533663
4316188,1,-7.034623,-92.699738,111.519691,-43.507103,97.80043,-126.588753,23.212429,15.35511,26.069365,53.272236,10.812275,-13.110638
4316212,1,-8.285548,-93.214401,114.979385,-51.396935,98.993584,-123.768578,22.020336,15.556335,26.033943,52.523613,9.8586,-12.5646518
4316236,1,-9.523949,-93.726059,118.414246,-59.255501,100.180885,-120.962646,18.250465,13.973234,18.76967,47.826763,10.504712,-12.290475
4316260,1,-10.684666,-94.209854,121.642151,-66.718613,101.310165,-118.277405,11.131285,10.17761,5.314686,34.296513,6.76155,-10.0779505
4316284,1,-11.668887,-94.614952,124.339958,-72.965675,102.256256,-116.017593,0.14019,5.768775,-4.34875,19.645687,5.271425,-7.207388505
4316308,1,-12.395072,-94.911034,126.319206,-77.505699,102.943665,-114.370827,-3.077505,3.196715,-9.563986,11.963838,2.868175,-5.25712505
4316332,1,-12.838788,-95.091415,127.54467,-80.301796,103.365433,-113.366882,-4.076955,2.216335,-12.672964,-0.069137,1.699913,-2.9969125
4316356,1,-13.041969,-95.168739,128.100449,-81.487793,103.541794,-112.936096,-4.4651,1.476285,-11.408665,-3.411762,2.639287,-1.7046875
4316380,1,-13.096066,-95.181793,128.246445,-81.700996,103.572273,-112.875244,-2.822875,1.65176,-5.471364,3.449912,3.75985,-1.819125875
4316404,1,-13.093352,-95.177574,128.256058,-81.708473,103.573128,-112.877663,-0.006675,2.70271,-4.420957,4.7779,3.9482,-1.268375875
4316428,1,-13.09088,-95.1763,128.251999,-81.707756,103.573189,-112.882713,0.0,2.127645,-4.574907,3.175725,3.736012,-0.6175005875
4316452,1,-13.09099,-95.148193,128.257736,-81.70652,103.573318,-112.889069,-1.070975,-10.13374,-1.243857,1.602162,3.499975,-0.1716505
4316476,1,-13.090111,-94.990082,128.273285,-81.704773,103.573677,-112.894928,-1.12247,-24.212835,-1.55585,0.53405,3.099437,0.01906305
4316500,1,-13.087771,-94.559906,128.283646,-81.703224,103.574448,-112.903099,-0.49114,-43.158531,0.155307,-0.469675,2.57015,0.32423705
4316524,1,-13.087595,-93.671761,128.29213,-81.700974,103.575287,-112.910774,-1.149175,-62.140457,1.337864,-1.173012,1.938337,0.49113805
4316548,1,-13.087145,-92.150101,128.298004,-81.69902,103.575645,-112.917229,-1.268385,-74.947357,1.630779,-1.811975,1.432887,0.61035005
4316572,1,-13.086057,-89.949608,128.280243,-81.69706,103.575569,-112.922501,-0.92506,-75.432777,-1.641679,-2.079,1.1444,0.6437255
4316596,1,-13.085716,-87.129692,128.255569,-81.696053,103.574974,-112.927963,-1.060485,-65.097801,-0.074929,-1.59025,1.049037,0.6914135
4316620,1,-13.08565,-83.843933,128.244492,-81.693855,103.574196,-112.933052,-1.173015,-51.786423,-1.739771,-2.000325,0.94175,0.6651885
4316644,1,-13.08497,-80.283524,128.232452,-81.692879,103.573143,-112.935959,-0.96035,-40.22789,-1.826964,-2.19345,0.9799,0.6890255
4316668,1,-13.084794,-76.599319,128.229385,-81.692284,103.572556,-112.937271,-1.04141,-36.227226,-0.871929,-2.362725,1.065725,0.7987005
4316692,1,-13.084826,-72.862701,128.232834,-81.692039,103.571541,-112.938416,-1.12438,-31.610485,0.326971,-2.229213,1.375675,0.85830005
4316716,1,-13.08464,-69.11676,128.234039,-81.691521,103.571198,-112.939529,-1.154895,-29.626846,0.91825,-2.408025,1.268375,0.99420005
4316740,1,-13.084365,-65.372818,128.234894,-81.69075,103.570969,-112.940964,-1.00803,-29.155731,1.189364,-2.541538,1.490113,0.97990005
4316764,1,-13.084442,-61.629631,128.235535,-81.690178,103.570694,-112.942207,-1.18637,-28.564449,1.448221,-2.8038,1.389975,0.97273705
4316788,1,-13.084387,-57.883953,128.236069,-81.690254,103.570717,-112.942863,-1.15871,-27.860641,1.802443,-2.949237,1.36375,1.04665005
4316812,1,-13.084156,-54.13723,128.236496,-81.690445,103.57058,-112.943405,-1.04141,-25.717735,2.223421,-2.853863,1.5521,1.07048705
4316836,1,-13.084179,-50.393791,128.236908,-81.6903,103.570503,-112.943604,-1.188275,-26.260376,2.467286,-2.944463,1.46865,1.12056205
4316860,1,-13.084201,-46.65062,128.237198,-81.689819,103.570496,-112.944046,-1.1816,-26.126858,2.810614,-3.154275,1.497262,1.09195005
4316884,1,-13.084014,-42.905117,128.237549,-81.689514,103.570442,-112.944962,-1.09291,-23.515699,3.173007,-3.328313,1.542562,1.10148805
4316908,1,-13.084024,-39.160316,128.237854,-81.689537,103.570442,-112.945427,-1.136775,-23.914335,3.467286,-3.411762,1.46865,1.12295005
4316932,1,-13.084068,-35.417339,128.238098,-81.689796,103.570473,-112.945763,-1.16825,-24.2815,3.762921,-3.395075,1.554487,1.15871305
4316956,1,-13.08397,-31.672287,128.238297,-81.689774,103.570396,-112.945961,-1.13487,-22.043224,4.038129,-3.404613,1.55925,1.19685005
4316980,1,-13.083915,-27.934189,128.237747,-81.689346,103.570419,-112.946075,-1.16634,-20.23506,2.78745,-3.604887,1.518725,1.17778805
4317004,1,-13.083904,-24.244497,128.231064,-81.689133,103.570435,-112.946136,-1.13487,-13.399119,0.265664,-3.771775,1.63555,1.16347505
4317028,1,-13.083849,-20.685169,128.218292,-81.689034,103.570244,-112.946404,-1.154895,-3.947255,0.250679,-3.840913,1.59025,1.215925505
4317052,1,-13.083761,-17.366705,128.205887,-81.689514,103.57003,-112.946556,-1.084325,9.208674,-0.329693,-3.442762,1.835812,1.220700505
4317076,1,-13.083728,-14.415974,128.195496,-81.689156,103.569664,-112.946556,-1.089095,19.440649,-0.867843,-3.521438,2.083775,1.22307505
4317100,1,-13.083739,-11.934657,128.190018,-81.688148,103.569336,-112.946991,-1.068115,26.813503,-0.297,-3.049362,2.198212,1.26361305
4317124,1,-13.08363,-9.978992,128.19104,-81.68808,103.569237,-112.947128,-1.30653,31.446453,0.328336,-3.392687,2.2149,1.2254621305
4317148,1,-13.083652,-8.564776,128.195145,-81.688171,103.56929,-112.947189,-1.296995,32.059662,2.279279,-3.395075,2.386563,1.2516881305
4317172,1,-13.083794,-7.638574,128.205566,-81.687958,103.569382,-112.947647,-1.11103,31.140324,3.26565,-3.011225,2.412787,1.2254621305
4317196,1,-13.083794,-7.108616,128.216217,-81.688171,103.569504,-112.947845,-1.107215,26.2537,4.463193,-3.163813,2.436637,1.2254621305
4317220,1,-13.083772,-6.858512,128.22467,-81.688034,103.569649,-112.948364,-1.0643,21.062849,5.423678,-3.116125,2.458087,1.1181751305
4317244,1,-13.083881,-6.770127,128.232422,-81.688171,103.56987,-112.948692,-1.07574,14.657969,5.484985,-3.137587,2.505775,1.1420121305
4317268,1,-13.083904,-6.755229,128.231537,-81.688271,103.570015,-112.94915,-1.08051,13.10253,3.253386,-3.137587,2.4414,1.1658621305
4317292,1,-13.083859,-6.755394,128.230759,-81.688248,103.570114,-112.94915,-1.055715,13.321875,3.2275,-3.123275,2.522462,1.0871881305
4317316,1,-13.083859,-6.755394,128.23053,-81.688721,103.570114,-112.949234,-1.21593,13.405795,2.890993,-1.84535,2.601138,1.0538001305
4317340,1,-13.082904,-6.755537,128.229401,-81.834412,103.574585,-112.963905,-2.74658,13.441084,2.265657,20.928375,4.703988,2.6321381305
4317364,1,-13.081388,-6.755504,128.22934,-82.842911,103.621086,-113.132248,-3.214835,13.555525,2.179821,42.746059,5.068775,6.1488131305
4317388,1,-13.08086,-6.75557,128.229401,-85.381516,103.740944,-113.655731,-3.55148,13.633725,2.367836,57.559013,5.688663,7.0548001305
4317412,1,-13.080278,-6.75568,128.229385,-89.659325,103.941971,-114.550674,-3.746985,13.733859,2.28745,68.247314,5.76495,8.1014621305
4317436,1,-13.080091,-6.755735,128.229568,-95.660133,104.222885,-115.794159,-2.95925,13.888354,2.806521,70.326324,6.170262,10.213850305
4317460,1,-13.080784,-6.755867,128.229691,-102.971367,104.566025,-117.336662,-1.67179,13.945575,3.181179,59.120647,6.163113,9.567738305
4317484,1,-13.081113,-6.755955,128.229446,-110.788879,104.932648,-118.990822,-1.20544,14.018054,2.750664,50.821297,4.904263,9.155262305
4317508,1,-13.081311,-6.756064,128.229218,-118.671997,105.301872,-120.657555,-0.751495,14.10007,2.7602,49.312111,5.338188,8.778563305
4317532,1,-13.082486,-6.756119,128.229218,-126.437157,105.665672,-122.283913,0.656125,14.14871,3.118514,40.156837,5.226125,7.9822503305
4317556,1,-13.085222,-6.756229,128.229095,-133.499176,105.99736,-123.781708,2.304075,14.201159,2.940036,18.217562,3.671638,6.2155633305
4317580,1,-13.085672,-6.756317,128.228287,-139.004547,106.256088,-124.957771,2.677915,14.232635,2.701622,7.858275,3.578662,5.04970033305
4317604,1,-13.086331,-6.756339,128.22821,-142.765106,106.433235,-125.752419,2.86293,14.319415,2.652571,0.302787,2.663125,3.62157533305
4317628,1,-13.086431,-6.756394,128.228088,-144.805344,106.528275,-126.190376,2.246855,14.390945,2.482271,-6.883138,2.954,1.9836383305
4317652,1,-13.085025,-6.756416,128.227509,-145.421249,106.555023,-126.316429,0.07534,14.427185,2.025871,-4.334437,3.795613,2.2125123305
4317676,1,-13.08475,-6.75646,128.227585,-145.465073,106.556488,-126.317963,-0.009535,14.49203,2.480914,1.955025,4.10795,2.0837753305
4317700,1,-13.08475,-6.756548,128.227615,-145.465317,106.556587,-126.316582,-0.033375,14.55879,2.486364,1.473425,4.222387,1.4638873305
4317724,1,-13.087035,-6.755559,128.227386,-145.464508,106.556625,-126.315231,6.02531,11.624334,1.569471,0.100125,4.239075,1.04665073305
4317748,1,-13.156303,-6.72594,128.205444,-145.477112,106.561218,-126.315941,19.257545,5.138395,-1.987729,6.372925,5.164137,1.3232133305
4317772,1,-13.352015,-6.624097,128.136902,-145.615662,106.598991,-126.346054,35.752296,-1.595495,-4.119872,10.018337,5.807875,4.57047505
4317796,1,-13.78682,-6.386836,127.98465,-146.011047,106.70681,-126.547684,48.819538,-8.24165,-6.497243,15.001288,5.304812,5.31672505
4317820,1,-14.544075,-5.954469,127.69577,-146.781769,106.909348,-126.96859,58.970451,-13.330455,-7.704321,18.703938,6.537425,5.6314375
4317844,1,-15.653441,-5.305418,127.249565,-147.981689,107.224274,-127.620911,62.007896,-14.273641,-8.961807,21.42905,8.542538,6.3395505
4317868,1,-17.084915,-4.46124,126.664551,-149.559601,107.639824,-128.4767,55.253983,-11.390685,-9.335108,21.708,7.364737,6.9284375
4317892,1,-18.762022,-3.479348,125.983521,-151.390579,108.120705,-129.487213,43.723106,-5.70583,-8.626664,22.420876,7.007113,5.94615075
4317916,1,-20.565132,-2.434109,125.252876,-153.341965,108.634056,-130.544037,34.70993,-4.42123,-7.1689,21.665087,8.5473,6.42059975
4317940,1,-22.427502,-1.361195,124.511658,-155.321671,109.155975,-131.6241,34.294125,-3.07655,-6.549014,19.435875,8.940688,6.06060075
4317964,1,-24.303482,-0.281129,123.770798,-157.300797,109.677155,-132.706879,32.579418,-3.178595,-8.008136,19.502636,7.805812,5.54322575
4317988,1,-26.182167,0.798256,123.028366,-159.278137,110.198097,-133.774307,28.720856,-2.613065,-7.787429,22.468563,7.057188,6.270400575
4318012,1,-28.055281,1.879849,122.284729,-161.257629,110.719986,-134.845993,31.365389,-2.48718,-6.735664,20.945063,8.161063,6.315700575
4318036,1,-29.925308,2.960376,121.54232,-163.235931,111.24147,-135.925491,32.41539,-3.50189,-7.513586,20.475388,8.015625,5.948538575
4318060,1,-31.79818,4.040123,120.800743,-165.215027,111.763641,-137.002441,30.40218,-3.06892,-7.885522,19.671913,6.0439,5.850788575
4318084,1,-33.672855,5.121376,120.058067,-167.192184,112.282478,-138.071625,30.463215,-2.267835,-7.585793,22.206301,8.64505,6.320475575
4318108,1,-35.545662,6.200827,119.314819,-169.169373,112.803413,-139.153824,29.645914,-3.609655,-7.437293,22.397038,10.247226,5.61236275
4318132,1,-37.415379,7.281134,118.571686,-171.148727,113.326363,-140.225266,30.520435,-3.064155,-7.050371,20.651814,7.095325,5.583762275
4318156,1,-39.287636,8.361222,117.830437,-173.126694,113.846107,-141.29512,31.29673,-3.68118,-7.974079,19.845963,7.045262,5.936613275
4318180,1,-41.161388,9.440771,117.088013,-175.103897,114.366249,-142.367706,28.61404,-3.178595,-8.084429,21.936888,9.57965,5.948538275
4318204,1,-43.031185,10.521738,116.344292,-177.081482,114.889748,-143.443634,30.96294,-2.92015,-6.900514,22.864338,7.56025,5.51223875
4318228,1,-44.90308,11.60131,115.601883,-179.06012,115.410248,-144.509064,30.755993,-4.21333,-7.089886,20.685186,6.039137,6.21080075
4318252,1,-46.776402,12.679739,114.861259,-181.037659,115.929314,-145.581879,28.926846,-4.16088,-7.955,21.047588,8.738037,6.28232575
4318276,1,-48.64679,13.761618,114.117828,-183.015839,116.451515,-146.657272,31.275745,-3.07083,-6.850101,21.6031,8.802412,6.12258875
4318300,1,-50.512676,14.83753,113.376083,-184.991928,116.973328,-147.742172,26.190754,-3.415105,-6.820129,22.854801,6.937975,5.36202575
4318324,1,-52.316795,15.888505,112.644173,-186.941574,117.484894,-148.79866,15.027044,1.30081,-5.720679,20.081987,7.252687,5.445475575
4318348,1,-53.979347,16.861498,111.961502,-188.767014,117.964996,-149.794998,5.40924,8.04138,-4.726136,16.398426,6.048675,4.7612125575
4318372,1,-55.39534,17.684704,111.376976,-190.323929,118.376694,-150.654449,-8.076665,14.925,-2.643036,12.145038,5.173675,3.30447575
4318396,1,-56.482494,18.306519,110.936554,-191.490021,118.682304,-151.279312,-15.738484,17.752644,0.256129,7.922637,5.762575,3.550050575
4318420,1,-57.207867,18.71121,110.657738,-192.223938,118.875267,-151.682571,-18.380165,18.983839,1.186643,5.459775,5.357263,2.632138575
4318444,1,-57.611778,18.928774,110.517792,-192.586731,118.972725,-151.879471,-12.735365,16.493793,2.940036,4.286762,3.838538,2.090925575
4318468,1,-57.781528,19.016422,110.477768,-192.707047,119.002594,-151.949966,-3.81851,14.05334,3.390993,2.086163,4.36305,1.4567385575
4318492,1,-57.836624,19.038801,110.491325,-192.71875,119.00573,-151.953583,-2.81906,12.397765,3.920957,3.471363,4.525175,1.4209635575
4318516,1,-57.835613,19.03779,110.496193,-192.71846,119.005745,-151.952515,-2.457615,12.521739,4.261557,2.4867,4.541862,0.9703625575
4318540,1,-57.828812,19.037539,110.496819,-192.717941,119.005714,-151.951508,0.21839,12.545586,4.423686,1.55925,4.396438,0.60557525575
4318564,1,-57.825218,19.034044,110.494995,-192.7173,119.005348,-151.950378,-1.38092,15.595434,2.042222,0.445837,3.879062,0.2932505575
4318588,1,-57.817451,19.016071,110.48259,-192.714401,118.999786,-151.945831,-4.481315,17.40646,0.152586,-2.582062,0.11205,-0.00952575
4318612,1,-57.798389,18.980188,110.459068,-192.697357,118.959717,-151.926636,-3.88813,19.193645,0.050407,-5.095,-1.728525,-0.5197505
4318636,1,-57.771278,18.919807,110.42469,-192.658325,118.871498,-151.888123,-4.294395,21.150585,-0.309257,-6.010525,-2.279275,-1.101488
4318660,1,-57.736404,18.828875,110.37706,-192.598709,118.737762,-151.828674,-5.966185,22.210119,-0.802443,-5.939,-3.042212,-1.757138
4318684,1,-57.692833,18.711519,110.315445,-192.521454,118.564629,-151.749802,-5.805015,20.341869,-0.664843,-5.068775,-3.488062,-2.1696
4318708,1,-57.642593,18.579903,110.246597,-192.439468,118.368881,-151.667114,-5.206105,19.433975,-0.123971,-6.141663,-3.027912,-2.87055
4318732,1,-57.58897,18.444265,110.1745,-192.355011,118.16748,-151.567688,-4.31728,19.717215,-0.595364,-5.662437,-2.4414,-2.515312
4318756,1,-57.535938,18.307936,110.101013,-192.271271,117.966309,-151.479111,-4.36115,19.585606,-0.584464,-5.092613,-1.716612,-2.944463
4318780,1,-57.48436,18.170738,110.026352,-192.190567,117.764969,-151.396393,-4.64439,18.181799,-0.433236,-5.838862,-1.1301,-3.4666
4318804,1,-57.432701,18.034914,109.950356,-192.109009,117.566216,-151.298981,-4.30202,17.988201,-0.403264,-4.7779,-2.417562,-2.90155
4318828,1,-57.381428,17.899837,109.87381,-192.029572,117.366074,-151.2061,-3.99971,18.004414,-0.209807,-4.677763,-2.927775,-2.574913
4318852,1,-57.330196,17.766474,109.798141,-191.95195,117.165161,-151.127762,-3.37505,18.611904,-0.820157,-5.099762,-2.725112,-3.125662
4318876,1,-57.280651,17.633188,109.719658,-191.875031,116.96508,-151.038605,-3.67832,18.910404,-0.376014,-4.723063,-3.001688,-2.663125
4318900,1,-57.232212,17.501671,109.640938,-191.799393,116.764923,-150.94342,-3.78036,19.221304,-0.30245,-4.844663,-3.402225,-1.804825
4318924,1,-57.18576,17.374933,109.564949,-191.725418,116.565582,-150.867416,-2.90775,18.298145,-0.361029,-5.097387,-2.586838,-2.076625
4318948,1,-57.145397,17.261873,109.495857,-191.659546,116.384315,-150.801407,-2.841945,16.663549,0.478193,-5.016325,-0.815388,-2.2983505
4318972,1,-57.112923,17.171423,109.441681,-191.607025,116.242851,-150.748596,-2.50053,15.50865,0.773836,-4.351138,-0.9799,-2.4199385
4318996,1,-57.090321,17.11058,109.404533,-191.571396,116.144661,-150.711792,-1.87778,14.952655,1.468657,-4.158012,-0.050062,-2.4628625
4319020,1,-57.078236,17.076719,109.387329,-191.552795,116.093674,-150.694992,-1.28555,15.02037,1.356936,-4.22715,-0.317088,-2.5963755
4319044,1,-57.075832,17.065086,109.385544,-191.547089,116.078064,-150.689606,-1.860615,15.63835,2.475464,-4.324913,-0.562662,-2.7656505
4319068,1,-57.075764,17.065262,109.387566,-191.546371,116.076393,-150.688049,-1.74236,15.305514,3.464557,-4.267687,-0.53405,-2.7418125
4319092,1,-57.075588,17.065294,109.388,-191.54628,116.076271,-150.687195,-2.003665,15.315054,3.420964,-4.184237,-0.517362,-2.8371755
4319116,1,-57.075272,17.064997,109.387703,-191.546249,116.076317,-150.686661,-2.43473,16.414639,2.668921,-4.1151,-0.4673,-2.8800875
4319140,1,-57.071724,17.05567,109.381248,-191.545746,116.073563,-150.685684,-4.426955,20.004269,-0.41825,-4.827975,-1.366138,-3.027912
4319164,1,-57.059307,17.030214,109.361961,-191.538391,116.048241,-150.679626,-4.80747,21.75045,-0.967293,-6.053438,-1.795287,-3.402225
4319188,1,-57.03997,16.979458,109.331589,-191.514099,115.981186,-150.65918,-5.019185,20.968435,-1.143043,-5.90085,-1.592625,-3.833763
4319212,1,-57.012672,16.903389,109.288795,-191.474197,115.871361,-150.612289,-5.09357,22.842405,-1.381464,-5.84125,-1.947875,-3.559587
4319236,1,-56.978165,16.80081,109.231201,-191.420547,115.718506,-150.549255,-5.361555,22.768021,-1.311979,-6.484975,-2.68935,-3.423687
4319260,1,-56.937416,16.677685,109.163658,-191.353912,115.531013,-150.468643,-4.73976,20.532604,-0.788821,-5.73635,-2.379413,-2.77995
4319284,1,-56.893074,16.544323,109.091316,-191.284393,115.331444,-150.381577,-4.315375,19.287106,-0.757486,-5.359637,-1.575938,-1.893038
4319308,1,-56.84779,16.410509,109.016518,-191.215439,115.131241,-150.310654,-4.268645,19.832609,-0.768386,-5.445475,-1.847737,-2.024163
4319332,1,-56.803074,16.277937,108.940201,-191.148666,114.931114,-150.242447,-4.445075,19.766804,-0.449586,-5.676737,-2.202987,-2.07185
4319356,1,-56.758591,16.145475,108.864372,-191.081558,114.729851,-150.169388,-4.147525,19.67239,-0.702993,-5.285738,-1.8835,-1.749987
4319380,1,-56.714401,16.012959,108.787872,-191.015244,114.528404,-150.102356,-3.93009,18.638609,-0.942771,-5.383487,-1.78575,-1.945487
4319404,1,-56.670952,15.88132,108.710083,-190.949478,114.329041,-150.040176,-4.00543,18.31436,-0.818793,-4.7636,-2.3651,-2.417562
4319428,1,-56.627346,15.749956,108.631439,-190.886108,114.12812,-149.972244,-3.77655,17.884251,-0.835143,-5.438325,-2.295963,-2.477163
4319452,1,-56.584393,15.62079,108.552109,-190.822464,113.926926,-149.895279,-3.728865,18.554684,-0.876014,-5.183212,-2.353188,-1.955025
4319476,1,-56.542271,15.491799,108.471237,-190.759674,113.724808,-149.827148,-3.80516,18.737789,-0.681193,-5.176063,-1.554487,-1.986025
4319500,1,-56.50061,15.363753,108.390739,-190.697189,113.522743,-149.762787,-4.01306,19.124981,-0.806536,-5.0354,-1.187312,-2.181525
4319524,1,-56.459236,15.235631,108.309532,-190.636444,113.32148,-149.696426,-4.271505,19.222256,-0.916886,-5.404938,-1.797675,-2.17675
4319548,1,-56.418079,15.108442,108.226341,-190.575348,113.118973,-149.62645,-4.04739,19.263264,-0.591271,-5.002012,-1.761913,-1.902575
4319572,1,-56.377155,14.981693,108.143944,-190.514816,112.91716,-149.560699,-4.12464,19.313808,-0.956393,-4.730212,-2.286425,-1.916875
4319596,1,-56.336781,14.856284,108.060577,-190.454971,112.715683,-149.497604,-4.328725,19.421574,-0.998629,-4.251,-2.431862,-1.995563
4319620,1,-56.296967,14.732655,107.976402,-190.39743,112.513527,-149.437332,-4.159925,19.754406,-0.938686,-4.95195,-2.4557,-2.226825
4319644,1,-56.259953,14.616123,107.895676,-190.341461,112.317268,-149.375397,-3.75938,18.513676,-0.389643,-4.706375,-2.53915,-2.16245
4319668,1,-56.228367,14.514412,107.825363,-190.293213,112.144485,-149.32579,-3.2444,16.932484,0.292907,-5.023475,-0.989425,-2.398488
4319692,1,-56.203793,14.436222,107.770905,-190.256668,112.015709,-149.289978,-2.953525,15.795705,0.930507,-4.684925,-1.666538,-2.799025
4319716,1,-56.188156,14.386871,107.737694,-190.231705,111.928139,-149.265869,-2.49195,15.91682,1.273836,-3.898137,-0.162113,-2.970687
4319740,1,-56.181751,14.360867,107.723717,-190.220078,111.888023,-149.251953,-2.449035,15.39516,1.418243,-3.75985,-0.236025,-3.054137
4319764,1,-56.180939,14.353517,107.72451,-190.217377,111.878418,-149.24675,-2.934455,15.76328,2.681186,-3.709788,-0.503062,-3.09705
4319788,1,-56.180809,14.35399,107.726341,-190.217087,111.877808,-149.245255,-2.78759,14.996526,3.374643,-3.585813,-0.457763,-3.12805
4319812,1,-56.180546,14.35399,107.726395,-190.217072,111.877907,-149.244385,-3.06606,15.286446,3.160743,-3.376,-0.407687,-3.137587
4319836,1,-56.180126,14.35389,107.726288,-190.217072,111.878075,-149.243393,-3.415105,15.514369,2.876007,-3.259175,-0.329012,-3.213875
4319860,1,-56.179775,14.353781,107.72612,-190.217087,111.878242,-149.242599,-3.520965,15.78712,2.542221,-3.108975,-0.271787,-3.24725
4319884,1,-56.179184,14.353703,107.725945,-190.217148,111.878273,-149.242126,-3.57723,16.06941,2.2929,-2.925388,-0.212187,-3.283013
4319908,1,-56.178799,14.353506,107.72567,-190.217209,111.878487,-149.241867,-3.829955,16.285894,2.020422,-2.794263,-0.197875,-3.283013
4319932,1,-56.178391,14.353319,107.725395,-190.217239,111.878586,-149.241272,-3.849025,16.420361,1.769743,-2.684587,-0.169275,-3.364075
4319956,1,-56.177963,14.35311,107.725067,-190.217285,111.878685,-149.241196,-3.926275,16.572948,1.5395,-2.558225,-0.159737,-3.371238
4319980,1,-56.177624,14.352891,107.724716,-190.217331,111.878754,-149.241074,-4.105565,16.711235,1.355579,-2.47955,-0.145425,-3.447525
4320004,1,-56.177338,14.352715,107.724342,-190.217377,111.878876,-149.24054,-4.10175,16.834255,1.149857,-2.341262,-0.140663,-3.483288
4320028,1,-56.177017,14.352572,107.723946,-190.217422,111.878952,-149.240479,-4.232405,16.97254,0.948221,-2.288813,-0.1049,-3.471363
4320052,1,-56.176601,14.353286,107.722252,-190.217529,111.879745,-149.240128,-4.37164,14.915464,0.14305,-2.198212,0.731937,-3.5142883
4320076,1,-56.175339,14.357099,107.714798,-190.217529,111.88871,-149.240234,-4.94003,11.42883,-0.88555,-2.224437,4.1151,-3.64065
4320100,1,-56.172768,14.367371,107.699203,-190.217407,111.927353,-149.239197,-5.3091,8.95786,-0.585821,-2.43425,5.693425,-3.85045
4320124,1,-56.167854,14.390409,107.679993,-190.217209,112.009491,-149.235901,-5.536075,8.167265,-0.734329,-2.8944,6.806849,-4.301063
4320148,1,-56.160397,14.428532,107.654724,-190.216736,112.14946,-149.228714,-5.53417,7.443425,-1.153943,-3.812312,7.176387,-4.754062
4320172,1,-56.150696,14.48142,107.61908,-190.214966,112.348511,-149.208572,-5.37014,6.46114,-1.265657,-4.708763,8.499613,-4.835125
4320196,1,-56.139542,14.549172,107.572083,-190.210953,112.606445,-149.168854,-5.302425,6.958005,-0.851493,-5.073538,7.30275,-3.955362
4320220,1,-56.127449,14.625175,107.519829,-190.205551,112.898003,-149.136322,-5.047795,7.884025,-0.915521,-5.350112,7.526863,-3.821837
4320244,1,-56.115551,14.70409,107.466331,-190.199295,113.196251,-149.103683,-4.797935,9.020805,-0.662121,-5.431175,6.29425,-3.5429
4320268,1,-56.10463,14.776381,107.417068,-190.193375,113.473915,-149.074936,-4.90856,10.24532,-0.54495,-5.540837,5.793562,-3.41415
4320292,1,-56.096157,14.834498,107.376549,-190.187958,113.702904,-149.050156,-4.722595,9.943005,-0.39645,-5.593287,5.064,-3.139963
4320316,1,-56.090183,14.87874,107.347137,-190.183777,113.870628,-149.032898,-4.645345,11.18469,-0.006807,-5.578988,4.367825,-3.023138
4320340,1,-56.086807,14.907228,107.328712,-190.181,113.979179,-149.022873,-4.64344,11.14082,0.200271,-5.679125,4.45365,-2.9397008
4320364,1,-56.085346,14.922664,107.320992,-190.179092,114.038666,-149.018921,-4.74262,10.942454,0.502721,-5.650513,4.813663,-2.9158508
4320388,1,-56.08461,14.927146,107.321228,-190.178116,114.064682,-149.017075,-5.06687,10.775565,1.772472,-5.624288,5.288113,-2.8848638
4320412,1,-56.084328,14.926927,107.32312,-190.177612,114.071571,-149.016693,-4.67014,11.18469,2.772464,-5.52415,5.497925,-2.8586388
4320436,1,-56.084042,14.92674,107.323448,-190.177383,114.072243,-149.016541,-4.762645,11.49082,2.757478,-5.421638,5.564687,-2.7632638
4320460,1,-56.083733,14.926816,107.323425,-190.177231,114.072479,-149.016724,-4.933355,11.164665,2.502707,-5.416862,5.617137,-2.6106758
4320484,1,-56.083359,14.926816,107.323471,-190.177139,114.072624,-149.016647,-4.97913,11.70635,2.828321,-5.278575,5.571837,-2.5534638
4320508,1,-56.083019,14.919939,107.335907,-190.177109,114.073418,-149.016754,-5.08022,17.568584,6.5858,-5.254738,5.884162,-2.4557008
4320532,1,-56.082623,14.893088,107.375801,-190.177185,114.079063,-149.017044,-5.084035,21.534916,7.584429,-4.894725,6.780612,-2.2864258
4320556,1,-56.082317,14.823809,107.462585,-190.177612,114.098373,-149.017563,-5.09548,23.786541,9.788778,-4.07695,7.145401,-1.9478758
4320580,1,-56.08202,14.691929,107.627815,-190.178329,114.139511,-149.018982,-5.037305,27.082439,11.672972,-2.412787,6.446837,-1.42335
4320604,1,-56.081722,14.477608,107.902771,-190.17955,114.204079,-149.022568,-5.058285,29.168125,13.091222,0.0739,6.9499,-0.576962
4320628,1,-56.081459,14.170133,108.301643,-190.183975,114.295235,-149.03479,-5.052565,30.770298,14.378679,2.70605,7.455338,-0.026225
4320652,1,-56.081261,13.764759,108.825874,-190.192139,114.414742,-149.058136,-5.109785,31.18515,15.810556,4.553787,7.224075,0.3147125
4320676,1,-56.081074,13.257477,109.473358,-190.204575,114.557739,-149.094193,-5.125045,31.003948,17.281937,5.445475,7.431499,0.1764255
4320700,1,-56.080864,12.652811,110.244362,-190.220123,114.722939,-149.128815,-5.12695,32.68623,17.61845,5.66005,6.415837,0.4482255
4320724,1,-56.080677,11.955169,111.131454,-190.237778,114.905037,-149.165344,-5.09834,33.167835,18.295557,5.483625,7.355212,0.7915375
4320748,1,-56.08049,11.173426,112.111176,-190.256149,115.0979,-149.202606,-5.049705,32.529831,17.950872,5.23805,7.195462,1.1563255
4320772,1,-56.080395,10.32683,113.156059,-190.274155,115.293335,-149.23938,-5.15556,30.357361,18.469944,5.354875,6.604187,1.6283885
4320796,1,-56.080208,9.440068,114.240753,-190.291397,115.481728,-149.27655,-5.060195,31.400681,16.727444,5.32865,7.071487,2.05755085
4320820,1,-56.079987,8.529972,115.334023,-190.307327,115.65992,-149.314056,-5.024905,29.513355,17.100742,5.214212,5.702962,2.22205085
4320844,1,-56.079922,7.606275,116.4217,-190.321625,115.821411,-149.349472,-5.081175,28.940201,16.142979,5.121225,5.7435,2.31503785
4320868,1,-56.079788,6.673326,117.500732,-190.333664,115.966286,-149.381973,-5.043025,29.464718,16.434528,6.129737,5.32865,2.42947585
4320892,1,-56.079624,5.7336,118.568794,-190.34552,116.093124,-149.410019,-5.03349,30.01022,17.404551,6.103513,4.758825,2.57252585
4320916,1,-56.079578,4.78493,119.631248,-190.356354,116.198715,-149.433701,-5.04684,29.829975,15.607556,5.111688,6.849763,2.72511285
4320940,1,-56.079514,3.823374,120.681366,-190.363876,116.292305,-149.455261,-5.01728,29.489513,16.373222,5.99145,3.981588,2.62021385
4320964,1,-56.07935,2.854061,121.721916,-190.370758,116.361244,-149.471252,-4.992485,30.547138,17.303736,5.891313,5.164137,2.74181285
4320988,1,-56.079273,1.873993,122.757019,-190.376038,116.411652,-149.480927,-5.029675,30.629154,15.959057,5.025863,5.064,2.79902585
4321012,1,-56.079239,0.878412,123.78009,-190.378204,116.442322,-149.48735,-4.964825,30.171391,16.236986,5.526537,3.688325,2.91108885
4321036,1,-56.079075,-0.128771,124.793076,-190.379379,116.450462,-149.490555,-4.96101,30.648228,16.871857,5.404938,4.012575,2.9659255
4321060,1,-56.07901,-1.147841,125.800919,-190.379578,116.443695,-149.490051,-4.97341,31.378746,15.844615,3.974437,-0.498288,2.880087
4321084,1,-56.078941,-2.184697,126.797035,-190.378448,116.406021,-149.489502,-4.9324,31.414986,15.474042,2.679812,-0.510212,2.474775
4321108,1,-56.078812,-3.237144,127.782875,-190.377045,116.342781,-149.487122,-4.87709,31.034464,16.305099,-0.219338,-1.299375,1.72615
4321132,1,-56.078766,-4.304498,128.761642,-190.371384,116.252907,-149.480484,-4.894255,31.413074,15.968593,-2.086163,-2.508162,0.882137
4321156,1,-56.078667,-5.390871,129.730148,-190.361923,116.133354,-149.460464,-4.814145,31.065941,15.140258,-4.293913,-1.013275,0.379075
4321180,1,-56.078526,-6.495546,130.687561,-190.346756,115.990654,-149.436432,-4.77409,32.477375,14.974043,-3.578662,-3.001688,-0.0286
4321204,1,-56.078526,-7.620853,131.636246,-190.329544,115.814636,-149.398666,-4.817005,32.752033,15.712463,-4.329675,-1.59025,-0.417225
4321228,1,-56.078392,-8.767749,132.574783,-190.310928,115.609932,-149.361572,-4.717825,32.22179,15.647064,-4.75645,-2.641675,-1.201625
4321252,1,-56.078327,-9.936881,133.502045,-190.289413,115.373222,-149.311996,-4.75311,32.449718,15.251972,-4.947175,-3.447525,-1.51395
4321276,1,-56.078293,-11.129392,134.421249,-190.265839,115.100937,-149.260452,-4.776,32.788273,14.247892,-6.4659,-3.457062,-2.22205
4321300,1,-56.078217,-12.348193,135.326248,-190.237564,114.793915,-149.203979,-4.692075,33.834454,15.088485,-4.508488,-4.146088,-3.046988
4321324,1,-56.078175,-13.593362,136.220215,-190.206802,114.448265,-149.133331,-4.73499,34.882545,15.108922,-3.24725,-3.631112,-3.399837
4321348,1,-56.07814,-14.867721,137.105347,-190.176376,114.065384,-149.041199,-4.731175,34.787174,15.21655,-4.792212,-5.323875,-2.748962
4321372,1,-56.078117,-16.173435,137.975845,-190.143555,113.639221,-148.939926,-4.725455,33.709526,14.95225,-6.175037,-4.482263,-1.978863
4321396,1,-56.078117,-17.506516,138.834213,-190.10817,113.170021,-148.848511,-4.70161,33.336636,14.540807,-6.887913,-5.519388,-2.205363
4321420,1,-56.078087,-18.856735,139.672577,-190.069656,112.658997,-148.749023,-4.731175,31.09264,13.392307,-6.561275,-4.940025,-2.1696
4321444,1,-56.078053,-20.194948,140.475082,-190.028732,112.122078,-148.655685,-4.725455,28.713226,11.7479,-5.26905,-6.387225,-2.96115
4321468,1,-56.07803,-21.487753,141.217743,-189.988693,111.572441,-148.552475,-4.73499,25.137901,11.7588,-4.4775,-4.851812,-2.965925
4321492,1,-56.077999,-22.692986,141.889984,-189.951385,111.035622,-148.440201,-4.78363,21.55685,9.716578,-4.837512,-4.742137,-2.3937135
4321516,1,-56.077942,-23.777205,142.47229,-189.917816,110.533546,-148.352936,-4.726405,19.315716,9.006771,-5.1999,-4.222387,-3.1447375
4321540,1,-56.077911,-24.718569,142.959808,-189.888672,110.082848,-148.261353,-4.75502,17.10224,8.305136,-4.856575,-3.769388,-2.5105385
4321564,1,-56.077911,-25.504562,143.35701,-189.865204,109.695679,-148.183853,-4.759785,14.69326,7.356914,-5.507463,-3.228188,-2.1815255
4321588,1,-56.077877,-26.127005,143.664825,-189.845749,109.381821,-148.13028,-4.746435,13.083455,5.944114,-5.683887,-2.593987,-2.5010005
4321612,1,-56.077854,-26.585716,143.885147,-189.830658,109.148804,-148.091843,-4.738805,10.487555,5.159371,-5.271425,-1.783363,-2.7894885
4321636,1,-56.077812,-26.890356,144.027588,-189.821533,108.994957,-148.064621,-4.741665,9.861945,4.031314,-5.4407,-0.1955,-2.88486385
4321660,1,-56.077789,-27.064621,144.102386,-189.816315,108.909744,-148.048492,-4.71401,11.0836,3.953657,-5.588525,-0.796312,-2.9015505
4321684,1,-56.077789,-27.143372,144.131882,-189.813919,108.872925,-148.041595,-4.722595,12.60185,3.404614,-5.455013,-1.0848,-2.9516125
4321708,1,-56.077766,-27.169838,144.129883,-189.813232,108.862984,-148.038651,-4.70161,12.744901,1.465929,-5.409712,-0.879763,-2.9563885
4321732,1,-56.077736,-27.17075,144.124207,-189.812958,108.86235,-148.037674,-4.668235,12.58087,1.987729,-5.333413,-0.846375,-2.9706875
4321756,1,-56.077736,-27.170025,144.123901,-189.81279,108.862427,-148.03714,-4.64344,12.519835,1.689364,-5.2762,-0.755775,-2.9754635
4321780,1,-56.077713,-27.172573,144.122681,-189.812775,108.862617,-148.036865,-4.639625,17.220495,0.750671,-5.264275,-0.66995,-2.9706875
4321804,1,-56.07769,-27.231152,144.111862,-189.812775,108.86274,-148.036392,-4.63104,26.350021,-0.306536,-5.145062,-0.557887,-2.977837
4321828,1,-56.077637,-27.421392,144.098465,-189.813019,108.862694,-148.035553,-4.55379,39.937969,0.108986,-5.331038,-0.309938,-2.9993007
4321852,1,-56.077526,-27.86982,144.09552,-189.812576,108.861938,-148.034897,-4.464145,51.036827,-0.369207,-4.909038,-0.023837,-2.91585
4321876,1,-56.077469,-28.674294,144.097244,-189.812683,108.861916,-148.0345,-4.41265,57.081223,1.400536,-4.796975,0.095362,-2.9087005
4321900,1,-56.077469,-29.860664,144.104279,-189.812744,108.861961,-148.033981,-4.40311,55.222511,3.7602,-5.202288,0.302787,-2.9039385
4321924,1,-56.07745,-31.369131,144.118118,-189.812561,108.862152,-148.033966,-4.36592,50.673477,2.885543,-5.0497,0.433913,-2.9015505
4321948,1,-56.07745,-33.094139,144.127075,-189.812653,108.862541,-148.033951,-4.32205,40.923115,4.668914,-4.615775,0.507825,-2.9349255
4321972,1,-56.077461,-34.918507,144.127899,-189.812439,108.862778,-148.034012,-4.25529,37.818905,2.855571,-4.985325,0.605575,-2.8920135
4321996,1,-56.077438,-36.782303,144.126678,-189.812698,108.863365,-148.033997,-4.245755,35.895344,2.648486,-4.72545,0.600812,-2.9158505
4322020,1,-56.077461,-38.64978,144.126694,-189.812347,108.863571,-148.034119,-4.188535,35.503384,2.301079,-4.534712,0.574588,-2.8944005
4322044,1,-56.077438,-40.522884,144.126526,-189.812653,108.86396,-148.033783,-4.15134,35.41851,2.152579,-4.882813,0.381463,-2.9110885
4322068,1,-56.07745,-42.39735,144.126328,-189.812561,108.864227,-148.034103,-4.099845,34.399029,2.272464,-4.270075,0.557887,-2.8824755
4322092,1,-56.07745,-44.268234,144.12645,-189.812439,108.864128,-148.033768,-4.05788,34.842491,2.065386,-4.701612,0.426762,-2.8991635
4322116,1,-56.077461,-46.141293,144.126434,-189.812775,108.864449,-148.033966,-4.01592,34.435268,1.971379,-4.436963,0.39815,-2.8872385
4322140,1,-56.077461,-48.014297,144.126251,-189.812408,108.864418,-148.034088,-3.96919,33.585545,2.059936,-4.241462,0.581738,-2.8848635
4322164,1,-56.077461,-49.886181,144.126434,-189.812698,108.864449,-148.03363,-3.94344,33.740993,1.912793,-4.642,0.319475,-2.8800875
4322188,1,-56.077469,-51.759274,144.126389,-189.812683,108.864571,-148.034088,-3.90148,33.80489,1.784729,-4.079338,0.545975,-2.8800875
4322212,1,-56.077469,-53.631783,144.126282,-189.812515,108.864494,-148.033951,-3.86238,32.195091,1.84195,-4.427425,0.407687,-2.8777005
4322236,1,-56.077469,-55.502426,144.126511,-189.81282,108.864639,-148.033829,-3.80516,33.403393,1.664843,-4.248612,0.362388,-2.8657885
4322260,1,-56.077469,-57.376221,144.12645,-189.812561,108.864563,-148.034088,-3.734585,32.43446,1.588543,-4.0698,0.605575,-2.8395625
4322284,1,-56.077469,-59.248234,144.126465,-189.812775,108.864594,-148.033768,-3.746985,31.321526,1.607621,-4.389275,0.264638,-2.8800875
4322308,1,-56.077503,-61.11903,144.126785,-189.812744,108.864738,-148.034088,-3.671645,32.63092,1.411436,-3.898137,0.514975,-2.8324125
4322332,1,-56.07748,-62.991989,144.12674,-189.812607,108.864563,-148.03389,-3.674505,31.831741,1.301079,-4.241462,0.4816,-2.8395625
4322356,1,-56.077515,-64.864906,144.126984,-189.812912,108.864761,-148.033829,-3.659245,29.947281,1.316064,-4.057875,0.245562,-2.8610125
4322380,1,-56.077503,-66.734833,144.127502,-189.812607,108.864685,-148.034088,-3.565785,31.664845,0.982279,-3.883837,0.548362,-2.7775755
4322404,1,-56.077515,-68.599174,144.130493,-189.812897,108.864616,-148.033905,-3.55339,25.307655,3.333772,-4.215238,0.362388,-2.8324125
4322428,1,-56.077526,-70.341759,144.149933,-189.812683,108.864952,-148.03421,-3.526685,9.87434,5.155286,-3.8433,0.29325,-2.79902525
4322452,1,-56.077526,-71.82225,144.160172,-189.812637,108.865433,-148.034332,-3.47328,-1.01566,0.2752,-3.716938,-0.002375,-2.830025
4322476,1,-56.077549,-72.946648,144.157013,-189.813019,108.865707,-148.034073,-3.42941,-8.66222,0.324243,-4.2057,-0.0143,-2.822875
4322500,1,-56.077549,-73.650269,144.156891,-189.813065,108.865631,-148.034073,-3.402705,-9.829519,-0.271114,-4.086487,-0.0143,-2.796638
4322524,1,-56.077538,-73.991776,144.146851,-189.812607,108.865578,-148.034393,-3.36647,-3.573415,-4.592621,-3.77655,-0.054825,-2.820487
4322548,1,-56.077526,-74.122803,144.126556,-189.812851,108.865341,-148.034409,-3.31211,1.52111,-1.6444,-3.879062,-0.035763,-2.8467127
4322572,1,-56.077515,-74.137383,144.127106,-189.812897,108.865097,-148.03421,-3.29208,8.004185,-0.930507,-3.824225,-0.02145,-2.8252507
4322596,1,-56.077503,-74.137421,144.127579,-189.812897,108.865005,-148.03421,-3.243445,7.85732,-0.970021,-3.824225,-0.040525,-2.7894887
4322620,1,-56.075714,-74.111031,144.086655,-189.812607,108.857483,-148.033722,-6.814955,-5.82695,-12.790129,-4.253375,-4.813663,-2.82525
4322644,1,-56.057739,-73.969627,143.838287,-189.807404,108.677368,-148.033813,-8.094786,-14.051435,-21.27647,-7.526863,-10.876651,-3.0446
4322668,1,-56.020596,-73.654945,143.231201,-189.779739,108.152573,-148.027649,-7.81536,-18.450735,-26.028494,-8.134837,-12.567038,-3.352163
4322692,1,-55.962112,-73.125954,142.214142,-189.730072,107.27018,-148.01358,-7.017135,-20.028111,-30.475342,-8.444775,-15.580649,-3.485675
4322716,1,-55.881718,-72.384102,140.78421,-189.659592,106.028114,-147.991699,-6.65283,-18.44215,-31.606129,-7.617463,-17.454613,-3.6478
4322740,1,-55.78706,-71.504471,139.036163,-189.574997,104.489502,-147.958038,-6.11305,-14.805789,-25.024408,-7.72475,-11.911387,-3.204338
4322764,1,-55.685104,-70.552177,137.181671,-189.483734,102.875496,-147.916,-5.595205,-8.462905,-22.054394,-5.748262,-11.999599,-2.3436508
4322788,1,-55.581985,-69.580566,135.313156,-189.393234,101.258308,-147.874023,-5.753515,-5.515095,-23.64567,-4.7779,-10.964862,-1.4448138
4322812,1,-55.478848,-68.620064,133.435608,-189.305161,99.6437,-147.852783,-5.640025,-9.36317,-22.382736,-5.350112,-12.729162,-1.84773738
4322836,1,-55.37529,-67.657005,131.561279,-189.216812,98.028015,-147.830093,-5.387305,-9.18579,-21.433144,-5.233287,-12.409676,-1.93833738
4322860,1,-55.271469,-66.685432,129.686417,-189.127823,96.410378,-147.802505,-5.18703,-5.21469,-23.7097,-4.472725,-11.444087,-1.80005038
4322884,1,-55.167782,-65.716942,127.809319,-189.040268,94.79673,-147.781113,-5.361555,-6.50787,-21.836414,-4.851812,-13.287063,-2.30073738
4322908,1,-55.064663,-64.751945,125.93808,-188.951248,93.178947,-147.760193,-5.701065,-7.534025,-22.422241,-4.465575,-10.972013,-2.74657538
4322932,1,-54.96114,-63.786499,124.06279,-188.861923,91.564163,-147.728729,-5.424495,-5.901335,-23.369106,-3.712175,-12.1665,-2.59398738
4322956,1,-54.857395,-62.820461,122.187317,-188.774811,89.949272,-147.69162,-5.53417,-6.466865,-21.765572,-4.239075,-11.370175,-2.09092538
4322980,1,-54.753551,-61.851357,120.316925,-188.687561,88.331902,-147.66568,-5.56087,-5.619045,-22.501265,-5.288113,-11.069763,-2.26973738
4323004,1,-54.649513,-60.88446,118.442909,-188.598618,86.717728,-147.644775,-5.2042,-4.49848,-23.565287,-4.961488,-11.484612,-2.82525038
4323028,1,-54.545681,-59.920982,116.568329,-188.510056,85.102554,-147.611053,-5.065915,-6.374355,-21.726057,-4.496562,-11.074538,-2.48431338
4323052,1,-54.441837,-58.953484,114.699196,-188.421478,83.486748,-147.572723,-5.20706,-4.92191,-23.392265,-4.594325,-11.880387,-1.79051338
4323076,1,-54.338608,-57.984531,112.8246,-188.332535,81.870125,-147.548874,-5.49316,-2.887725,-23.085728,-4.568088,-10.087488,-2.19582538
4323100,1,-54.234974,-57.019054,110.952057,-188.244446,80.255867,-147.526093,-5.629535,-4.70352,-21.939957,-4.563325,-11.663425,-2.58922538
4323124,1,-54.131199,-56.053299,109.082298,-188.156372,78.639351,-147.498886,-5.714415,-4.134175,-23.788721,-4.48465,-10.385512,-2.67505038
4323148,1,-54.027302,-55.087231,107.207008,-188.068329,77.023308,-147.473267,-5.639075,-2.88963,-22.430414,-5.700587,-9.620188,-2.980225038
4323172,1,-53.923248,-54.121895,105.335564,-187.980728,75.409813,-147.45134,-5.52368,-4.034995,-22.871828,-6.2251,-10.952938,-3.62157538
4323196,1,-53.819363,-53.154964,103.465668,-187.891052,73.792809,-147.419403,-5.18703,-2.82764,-23.675642,-5.486,-9.462825,-3.495213538
4323220,1,-53.715202,-52.18763,101.591202,-187.801651,72.179016,-147.376434,-5.070685,-1.782415,-22.805071,-5.10215,-11.031625,-2.63928738
4323244,1,-53.611931,-51.222458,99.718987,-187.71347,70.563606,-147.338577,-5.693435,-2.99072,-22.832321,-5.469313,-10.430813,-2.174375738
4323268,1,-53.508297,-50.25631,97.848854,-187.625031,68.948555,-147.315292,-5.65147,-1.961705,-23.845942,-5.483625,-11.23905,-2.536762738
4323292,1,-53.404751,-49.289127,95.974312,-187.536316,67.332985,-147.289948,-5.779265,-1.060485,-23.104801,-5.574225,-10.533324,-2.601138738
4323316,1,-53.300732,-48.323826,94.103348,-187.448212,65.716568,-147.256012,-5.867,-1.999855,-22.856844,-5.710113,-10.404575,-2.250662738
4323340,1,-53.196648,-47.357964,92.233025,-187.358765,64.101738,-147.231354,-5.676265,-1.19686,-24.048937,-5.5313,-11.518,-2.589225738
4323364,1,-53.09267,-46.391209,90.359871,-187.269867,62.485275,-147.211914,-5.4636,-0.455855,-23.644308,-5.369175,-9.868137,-3.1256625738
4323388,1,-52.989929,-45.432434,88.492981,-187.181961,60.873871,-147.17981,-4.57382,2.13909,-21.029879,-5.173675,-11.510838,-2.9182375738
4323412,1,-52.898586,-44.546738,86.732246,-187.09758,59.33601,-147.14325,-3.407475,9.97257,-14.540807,-5.14745,-6.184575,-2.28642575738
4323436,1,-52.820168,-43.806499,85.279755,-187.028305,58.073254,-147.125168,-2.12669,17.152784,-8.89505,-5.32865,-2.958762,-2.60113875738
4323460,1,-52.761982,-43.261448,84.233925,-186.978989,57.165848,-147.115402,-1.20735,21.08955,-6.73975,-5.357263,-0.2408,-3.01598875738
4323484,1,-52.727947,-42.937504,83.591148,-186.948883,56.618214,-147.109695,-0.944135,20.606991,-1.395086,-5.073538,1.094337,-3.361700875738
4323508,1,-52.713226,-42.796658,83.33213,-186.937241,56.407543,-147.107086,-1.351355,18.548965,-1.160757,-4.9448,2.608288,-3.509512875738
4323532,1,-52.710018,-42.756031,83.299141,-186.936081,56.384819,-147.105988,-1.54018,16.201969,-3.941393,-5.1093,0.0,-3.652563875738
4323556,1,-52.710052,-42.756371,83.306396,-186.935837,56.384598,-147.104599,-2.06947,14.105795,-4.074907,-5.08785,-0.0143,-3.71455075738
4323580,1,-52.70982,-42.757305,83.306488,-186.935745,56.38496,-147.103867,-2.53582,14.068601,-3.504071,-5.01155,0.190725,-3.821837075738
4323604,1,-52.679356,-42.770248,83.311142,-186.935165,56.385601,-147.103165,-11.91425,20.81966,-1.611707,-5.836475,0.951288,-3.91006375738
4323628,1,-52.554859,-42.835453,83.350891,-186.91217,56.393894,-147.102463,-26.136395,28.63121,-1.967293,-6.952275,4.727838,-3.92913775738
4323652,1,-52.256569,-43.002377,83.435699,-186.819427,56.439854,-147.101349,-42.549129,38.518906,-0.873293,-7.328975,7.8845,-3.94105075738
4323676,1,-51.684303,-43.346031,83.597771,-186.613815,56.555824,-147.099075,-57.676315,44.260975,2.321514,-7.946487,9.055138,-3.817075075738
4323700,1,-50.762375,-43.908497,83.881012,-186.262833,56.755459,-147.095108,-64.908981,48.068043,3.926407,-8.580675,9.250637,-3.676413075738
4323724,1,-49.508327,-44.689758,84.291153,-185.764908,57.039261,-147.092377,-64.84127,46.053886,5.335122,-9.996887,11.162749,-3.44752575738
4323748,1,-47.952114,-45.644943,84.79834,-185.153214,57.389393,-147.087799,-49.294468,40.471073,5.559914,-11.153213,10.130401,-3.1423505738
4323772,1,-46.210308,-46.7071,85.357101,-184.476074,57.774971,-147.084808,-36.988255,35.211559,5.6294,-13.320437,9.503363,-2.80856305738
4323796,1,-44.369881,-47.820244,85.932343,-183.769531,58.175541,-147.084702,-29.583931,32.530777,6.389614,-14.030925,7.526863,-2.73227505738
4323820,1,-42.506489,-48.947067,86.51709,-183.054413,58.579025,-147.084198,-31.411171,32.393456,6.788793,-12.607563,6.921288,-2.51053805738
4323844,1,-40.633671,-50.078209,87.101799,-182.341827,58.980087,-147.08577,-30.920979,31.538004,6.250649,-12.907974,8.039463,-2.54392505738
4323868,1,-38.756966,-51.210186,87.688332,-181.629852,59.381062,-147.085785,-28.676029,31.429291,4.844665,-13.058175,7.948874,-2.32933705738
4323892,1,-36.880577,-52.342953,88.272644,-180.916641,59.782188,-147.086929,-26.99184,31.534189,5.671636,-12.469287,10.018337,-2.3078885738
4323916,1,-35.009087,-53.476017,88.853485,-180.202911,60.183739,-147.086868,-28.885841,31.270981,6.13485,-12.495513,8.943075,-2.19821285738
