Time;Label;A1;A2;A3;A4;A5;A6;Cur1;Cur2;Cur3;Cur4;Cur5;Cur6
11433894;0;0.625968;-89.518295;90.282593;4.940050;90.483261;-143.840912;0.967025;2.731320;-3.480907;0.977513;-0.805850;-0.581738
11433918;0;0.608346;-89.519272;90.328117;4.919224;90.484718;-143.840164;10.014530;5.190845;5.701607;11.825550;1.118175;-1.282687
11433942;0;0.503207;-89.550812;90.592682;4.457345;90.547424;-143.751068;20.031925;9.398459;17.521721;31.681049;6.284712;-8.065700
11433966;0;0.227274;-89.660698;91.354385;2.792056;90.795517;-143.166351;30.694958;12.833595;29.539379;51.689137;10.557163;-9.164800
11433990;0;-0.297290;-89.879456;92.813416;-0.529995;91.299942;-141.969101;33.977505;14.431951;36.814548;63.722126;10.769362;-10.559550
11434014;0;-1.095875;-90.215950;95.027298;-5.602024;92.066818;-140.160675;33.906933;16.849514;39.260040;67.367546;13.322825;-11.892313
11434038;0;-2.124888;-90.658524;97.912231;-12.274237;93.076569;-137.775253;30.042645;16.153336;33.960335;61.676502;12.338150;-12.443063
11434062;0;-3.303237;-91.157104;101.194618;-19.872715;94.227570;-135.049728;21.377560;14.954565;25.221956;49.819939;10.282988;-11.675350
11434086;0;-4.543045;-91.671127;104.618408;-27.729898;95.416130;-132.225555;17.743111;13.709065;20.687914;48.792351;9.508124;-10.9434130
11434110;0;-5.791212;-92.187233;108.070755;-35.619659;96.607643;-129.398575;16.669270;13.176915;20.750586;46.131599;10.161387;-11.210438
11434134;0;-7.037908;-92.702545;111.526932;-43.508152;97.800659;-126.583832;17.926214;13.413424;22.378643;47.051899;9.427062;-11.5132258
11434158;0;-8.287481;-93.216003;114.984825;-51.397770;98.993477;-123.771057;16.158100;13.760565;22.454943;45.957561;8.668888;-11.1103008
11434182;0;-9.524289;-93.727737;118.416237;-59.253757;100.180908;-120.963638;12.866969;11.594770;15.163422;41.196339;8.771413;-10.623925
11434206;0;-10.678579;-94.204948;121.630234;-66.685913;101.305588;-118.279869;6.566045;5.094525;2.464564;27.520651;5.044925;-8.478163925
11434230;0;-11.656549;-94.534058;124.319221;-72.893021;102.244446;-116.038445;-2.184865;-8.969305;-5.153921;14.529225;4.153250;-5.953300
11434254;0;-12.379076;-94.553856;126.306168;-77.429443;102.933556;-114.411095;-5.269050;-30.649185;-9.786057;5.192750;0.619888;-4.065025
11434278;0;-12.823067;-94.112610;127.543053;-80.222237;103.355568;-113.398842;-5.493160;-54.080956;-12.440000;-2.284038;-0.271787;-2.467625
11434302;0;-13.028247;-93.041092;128.115768;-81.420609;103.533104;-112.973938;-4.691120;-67.187302;-8.017672;-3.902900;1.056188;-1.44957525
11434326;0;-13.086717;-91.249947;128.285645;-81.679527;103.570656;-112.900848;-1.534460;-72.662346;-2.602164;1.583087;1.745212;-2.148150525
11434350;0;-13.087420;-88.794777;128.287445;-81.702599;103.573769;-112.900192;1.160620;-68.174362;-1.957750;4.320138;2.117150;-1.8906500525
11434374;0;-13.085464;-85.772514;128.259827;-81.703316;103.573463;-112.901222;1.081465;-53.761482;-0.745221;3.011225;2.138613;-1.3113000525
11434398;0;-13.086035;-82.361488;128.247955;-81.701881;103.572937;-112.903694;0.563620;-41.511536;-2.499986;1.494875;2.036088;-0.8153880525
11434422;0;-13.085849;-78.744225;128.236359;-81.700882;103.572510;-112.906700;0.536915;-34.030910;-2.324236;0.560275;2.057550;-0.4076870525
11434446;0;-13.085398;-75.036392;128.236176;-81.699997;103.572235;-112.910179;0.612255;-28.314590;0.204357;-0.197875;1.969325;-0.0619870525
11434470;0;-13.085442;-71.296753;128.240311;-81.698730;103.571808;-112.912521;0.299450;-24.230000;0.292907;-0.560275;2.224437;0.04528870525
11434494;0;-13.085541;-67.554016;128.241776;-81.696793;103.571609;-112.916618;0.042915;-24.180408;0.618521;-0.939363;1.933563;0.36238870525
11434518;0;-13.085047;-63.810516;128.242294;-81.695267;103.571564;-112.921577;0.309940;-23.406025;0.893729;-1.404275;1.966950;0.50782570525
11434542;0;-13.084904;-60.066959;128.242615;-81.694145;103.571236;-112.926888;0.086780;-21.061893;1.094000;-1.516338;2.036088;0.53643870525
11434566;0;-13.085079;-56.324093;128.242798;-81.693451;103.571198;-112.931290;-0.017165;-21.656990;1.322879;-1.664150;1.785750;0.5412000525
11434590;0;-13.084882;-52.579422;128.242935;-81.692856;103.571167;-112.933777;-0.008580;-20.152090;1.547671;-1.759525;1.940725;0.6055750525
11434614;0;-13.084629;-48.834831;128.242966;-81.691925;103.571053;-112.935661;-0.013350;-18.379210;1.784729;-1.957412;1.950263;0.6699500525
11434638;0;-13.084705;-45.092209;128.243042;-81.691109;103.570969;-112.939262;-0.226020;-19.247055;1.990450;-2.245900;1.850125;0.6055750525
11434662;0;-13.084629;-41.349079;128.243088;-81.690826;103.570946;-112.941101;-0.201225;-18.198965;2.213886;-2.400875;1.909725;0.6079620525
11434686;0;-13.084476;-37.604454;128.243118;-81.690849;103.570847;-112.942421;-0.187870;-16.777988;2.430500;-2.322187;1.792900;0.6532620525
11434710;0;-13.084409;-33.861084;128.243149;-81.690704;103.570892;-112.942947;-0.244140;-16.717909;2.645764;-2.405638;1.783363;0.7104750525
11434734;0;-13.084398;-30.118744;128.242966;-81.690231;103.570885;-112.943260;-0.286100;-16.080854;2.407343;-2.574913;1.890650;0.7486250525
11434758;0;-13.084299;-26.393160;128.239304;-81.689705;103.570755;-112.943634;-0.300405;-11.786460;0.535414;-2.808563;1.835812;0.7867750525
11434782;0;-13.084146;-22.747622;128.223373;-81.689392;103.570709;-112.944023;-0.272750;-3.350255;0.577650;-2.899163;1.924038;0.86068850525
11434806;0;-13.084124;-19.276842;128.206894;-81.689323;103.570442;-112.944160;-0.319480;5.275725;0.350129;-2.841938;1.907337;0.915525850525
11434830;0;-13.084036;-16.098377;128.195709;-81.689178;103.570198;-112.944695;-0.344275;17.015455;-0.374657;-2.496238;2.129075;0.9155250525
11434854;0;-13.083926;-13.334162;128.186386;-81.688416;103.570015;-112.945267;-0.296590;26.422501;-0.276564;-2.429475;2.195825;0.9322130525
11434878;0;-13.083904;-11.066463;128.185822;-81.688530;103.569756;-112.945671;-0.370025;32.304760;0.577650;-1.814363;2.231587;0.93697530525
11434902;0;-13.083783;-9.338116;128.187744;-81.688103;103.569702;-112.945793;-0.413890;36.746025;1.027243;-2.391337;2.291200;0.941750530525
11434926;0;-13.083838;-8.138188;128.198029;-81.688126;103.569771;-112.946449;-0.082965;33.455845;3.510879;-2.200600;2.312650;0.948900530525
11434950;0;-13.083859;-7.388493;128.214386;-81.688225;103.569771;-112.946846;-0.317570;30.258175;2.401893;-2.250662;2.429475;0.920287530525
11434974;0;-13.083871;-6.990853;128.224762;-81.687790;103.569885;-112.947289;-0.263210;24.630545;3.479543;-1.859663;2.470013;0.948900530525
11434998;0;-13.083849;-6.821653;128.231033;-81.687981;103.570007;-112.947495;-0.258445;19.798275;4.653928;-1.959800;2.431862;0.929825530525
11435022;0;-13.083881;-6.769918;128.235809;-81.688057;103.570061;-112.947624;-0.262260;14.616010;3.866464;-1.988400;2.443788;0.920287530525
11435046;0;-13.083859;-6.768369;128.233383;-81.688126;103.570206;-112.947823;-0.226970;12.736320;2.598078;-1.926412;2.491462;0.929825530525
11435070;0;-13.083849;-6.768171;128.231873;-81.688194;103.570282;-112.947891;-0.250815;12.445445;2.419607;-1.895425;2.412787;0.915525530525
11435094;0;-13.083168;-6.768007;128.230621;-81.706970;103.571014;-112.949333;-0.957485;12.044905;2.095357;11.365412;2.875325;1.218313530525
11435118;0;-13.081409;-6.767447;128.229889;-82.185547;103.590256;-113.018486;-1.728055;12.049670;1.595357;29.475689;4.851812;3.917212530525
11435142;0;-13.080147;-6.766721;128.229965;-83.905693;103.673073;-113.340248;-1.968380;11.828421;1.689364;48.453800;3.976813;7.412425530525
11435166;0;-13.079784;-6.766304;128.229965;-87.310356;103.832016;-114.062080;-2.170560;11.598585;1.678464;56.669701;5.376338;7.536400530525
11435190;0;-13.079432;-6.765875;128.230011;-92.463638;104.074387;-115.140800;-2.195355;11.510845;1.803800;63.807964;5.569450;8.337487530525
11435214;0;-13.080125;-6.765150;128.230316;-99.211250;104.390648;-116.560913;-0.919340;11.510845;2.386907;60.756199;5.328650;8.134837530525
11435238;0;-13.080981;-6.764930;128.230087;-106.863060;104.750153;-118.173035;-0.096320;11.226650;2.167564;48.942562;4.343975;7.73667530525
11435262;0;-13.081158;-6.764678;128.229553;-114.734810;105.117538;-119.825096;-0.005720;11.095045;2.096714;44.312473;5.176063;7.25983830525
11435286;0;-13.082069;-6.764194;128.229233;-122.615349;105.487785;-121.486023;0.909805;11.032100;2.373286;43.609135;3.898137;7.646075830525
11435310;0;-13.092308;-6.761261;128.228287;-130.177521;105.840477;-123.088661;6.965635;8.163450;1.306529;22.416111;4.498950;6.0391375830525
11435334;0;-13.165938;-6.722172;128.195862;-136.534653;106.145287;-124.429092;18.228529;5.608555;0.437321;10.876651;3.709788;5.226125830525
11435358;0;-13.336644;-6.623712;128.128067;-141.307083;106.400116;-125.486359;28.191566;1.475330;-1.628057;4.243850;3.409375;4.773138830525
11435382;0;-13.690217;-6.424541;127.998970;-144.528198;106.623222;-126.272041;34.057613;-1.634595;-3.286086;-1.907337;4.348750;3.8480750525
11435406;0;-14.286742;-6.083877;127.773895;-146.344025;106.839409;-126.852119;46.390530;-6.547925;-4.653928;1.366138;4.415500;4.31537550525
11435430;0;-15.167307;-5.573123;127.427650;-147.486801;107.093819;-127.395958;52.544586;-8.860585;-6.186621;14.157288;5.512238;4.7349870525
11435454;0;-16.337626;-4.886961;126.959290;-148.764771;107.425911;-128.081284;50.065987;-7.208820;-7.231572;18.692013;8.475776;4.4035870525
11435478;0;-17.775494;-4.053713;126.385498;-150.308090;107.834183;-128.911392;42.017933;-5.701065;-7.230207;19.588463;6.220337;5.0973870525
11435502;0;-19.403261;-3.109164;125.731651;-152.060257;108.296265;-129.869247;38.844105;-4.833220;-6.510864;19.495476;5.593287;4.9686370525
11435526;0;-21.162809;-2.091072;125.024132;-153.948624;108.794258;-130.888321;32.684326;-2.719875;-7.183886;18.663401;5.438325;5.2618880525
11435550;0;-22.993034;-1.029617;124.289650;-155.910278;109.308701;-131.948654;27.741428;-0.205035;-5.640300;17.881388;7.445800;5.1712880525
11435574;0;-24.861082;0.045472;123.548958;-157.887573;109.830917;-133.024475;26.431080;-0.722885;-5.805150;18.329613;8.122912;4.99486380525
11435598;0;-26.735472;1.123879;122.808472;-159.864929;110.354439;-134.104874;24.519920;-0.146865;-6.715229;18.510813;5.977150;4.74452580525
11435622;0;-28.608299;2.203627;122.063728;-161.841965;110.873421;-135.168518;24.501801;1.020430;-5.543571;18.358225;6.859300;5.276200580525
11435647;0;-30.481205;3.283067;121.320831;-163.821365;111.394081;-136.241150;25.021549;-0.078200;-5.381443;17.290112;8.356563;5.18082580525
11435670;0;-32.353329;4.362144;120.581367;-165.799194;111.917480;-137.324142;23.995396;-1.101490;-5.967271;18.441675;6.868838;4.56332580525
11435694;0;-34.223675;5.443616;119.837700;-167.776947;112.437515;-138.396622;25.938984;0.268935;-5.892343;18.718239;5.781650;4.973400580525
11435718;0;-36.097931;6.521715;119.094650;-169.753677;112.957169;-139.468353;23.665424;-0.067710;-5.818771;18.281925;6.926050;4.85181280525
11435742;0;-37.969990;7.601748;118.352867;-171.731644;113.480019;-140.538437;23.079870;-0.280380;-5.608964;18.653862;7.193088;4.78028880525
11435766;0;-39.839314;8.680485;117.610046;-173.710495;114.001366;-141.616638;25.750160;-1.593585;-5.061285;18.749226;6.549350;4.79936380525
11435790;0;-41.713375;9.761199;116.869331;-175.688828;114.520638;-142.684738;23.617741;-0.316615;-6.147107;18.646713;6.678100;5.24281380525
11435814;0;-43.584763;10.841924;116.124664;-177.664520;115.040756;-143.756607;23.393629;0.275610;-5.205693;19.478788;8.754725;5.15222580525
11435838;0;-45.455086;11.919276;115.382736;-179.643295;115.562851;-144.829132;24.828909;-1.641270;-5.389621;18.441675;8.430475;4.9424130525
11435862;0;-47.329002;12.998441;114.642380;-181.621933;116.084335;-145.902512;23.010250;-1.850125;-5.258828;18.265238;5.798337;5.4907750525
11435886;0;-49.199448;14.080770;113.898964;-183.599579;116.604340;-146.975372;23.257256;-0.827785;-5.403243;19.123550;6.425375;5.4669380525
11435910;0;-51.053181;15.153387;113.157356;-185.573441;117.124992;-148.052963;18.775936;1.298900;-4.927772;18.501274;8.058537;4.58478780525
11435934;0;-52.825077;16.185959;112.435974;-187.499603;117.633179;-149.102051;7.512090;5.353925;-3.591264;16.331663;6.177425;4.589550780525
11435958;0;-54.426655;17.120556;111.776070;-189.259323;118.096603;-150.066269;-3.917690;11.262890;-1.713886;14.522076;5.428787;3.7765500525
11435982;0;-55.749100;17.886633;111.232605;-190.711884;118.477631;-150.863953;-14.158244;17.117500;-0.547679;9.605875;5.261888;2.0885370525
11436006;0;-56.729630;18.442957;110.839714;-191.747589;118.751518;-151.426270;-19.713400;19.594189;2.049036;6.957050;3.418912;1.79528770525
11436030;0;-57.352875;18.788939;110.608955;-192.361526;118.911682;-151.754532;-20.113945;20.198820;1.933229;4.484650;4.084100;2.14098770525
11436054;0;-57.675663;18.959787;110.504906;-192.637192;118.984650;-151.907242;-12.081144;16.691204;2.971371;3.385537;4.198550;1.24931370525
11436078;0;-57.804344;19.021959;110.487572;-192.710709;119.004021;-151.949646;-3.844260;13.080595;4.239757;3.132813;4.110325;0.839225370525
11436102;0;-57.831371;19.030748;110.499985;-192.715439;119.005341;-151.950775;-2.069470;12.062070;4.262922;3.817075;4.439350;0.615112370525
11436126;0;-57.828098;19.030495;110.503456;-192.715225;119.005577;-151.949966;-1.095770;12.094495;4.292893;3.163813;4.177088;0.262250370525
11436150;0;-57.822956;19.030584;110.502739;-192.714905;119.005432;-151.949097;0.020980;12.052535;2.709793;2.400875;4.022112;0.0643620370525
11436174;0;-57.818089;19.022421;110.494316;-192.713791;119.003845;-151.947128;-2.552030;15.781400;0.583100;0.844000;2.369875;-0.23841270525
11436198;0;-57.805687;18.998482;110.473053;-192.706879;118.985161;-151.929337;-4.068370;18.106461;0.284736;-2.872937;-0.989425;-0.252712525
11436222;0;-57.783329;18.951778;110.443031;-192.680084;118.921928;-151.900620;-3.583905;19.963261;0.461850;-4.916187;-2.808563;-0.844000525
11436246;0;-57.751877;18.875710;110.402435;-192.630722;118.808403;-151.851196;-4.084585;20.688055;-0.494543;-5.052087;-1.747600;-1.20401325
11436270;0;-57.712883;18.771404;110.346611;-192.562531;118.655014;-151.780197;-5.280490;20.275114;0.000000;-5.061625;-3.004063;-1.394737325
11436294;0;-57.665535;18.644711;110.281479;-192.481277;118.467331;-151.700516;-4.339215;17.896650;-0.068114;-5.130763;-2.951612;-2.03608825
11436318;0;-57.613358;18.510073;110.209946;-192.397003;118.266487;-151.608810;-3.686900;17.765995;0.267029;-5.040163;-1.399513;-2.112387825
11436342;0;-57.560516;18.374403;110.137192;-192.313141;118.066933;-151.519043;-3.523825;18.277164;0.089914;-4.742137;-2.281662;-2.286425825
11436366;0;-57.508934;18.237997;110.063049;-192.230743;117.866287;-151.436569;-3.845210;18.132206;0.193457;-4.839888;-2.269737;-2.899163825
11436390;0;-57.457397;18.101635;109.988205;-192.149994;117.666054;-151.345169;-3.621100;18.270489;0.085829;-4.887575;-2.708425;-2.682200825
11436414;0;-57.406036;17.966974;109.911888;-192.069153;117.465675;-151.248291;-3.361700;18.334385;0.163486;-4.169938;-2.317425;-2.222050825
11436438;0;-57.355301;17.832897;109.836311;-191.990021;117.265465;-151.167831;-3.137585;18.297195;-0.159393;-3.821837;-2.408025;-2.62975025
11436462;0;-57.305214;17.698732;109.759239;-191.913666;117.065392;-151.087265;-3.143310;17.393110;-0.051764;-4.405975;-2.892013;-2.86340025
11436486;0;-57.256149;17.566908;109.680336;-191.837845;116.864838;-150.991241;-3.372190;18.012045;0.042229;-4.854200;-3.056525;-1.926412025
11436510;0;-57.207909;17.436556;109.602180;-191.761063;116.663002;-150.906555;-2.678870;17.139431;0.069479;-3.757475;-1.828663;-1.778600025
11436534;0;-57.164558;17.315201;109.528969;-191.691055;116.471603;-150.837173;-2.631185;15.502925;0.630786;-4.363050;-2.014625;-2.217288025
11436558;0;-57.128006;17.212896;109.467056;-191.631470;116.307709;-150.775986;-2.195355;14.743800;1.087186;-4.193775;-0.679488;-2.341262025
11436582;0;-57.100266;17.138353;109.421349;-191.587112;116.186829;-150.728165;-2.006530;15.726085;1.506800;-3.595350;0.262250;-2.2125122025
11436606;0;-57.083092;17.091124;109.394623;-191.560333;116.114319;-150.702652;-1.257895;14.529225;1.689364;-3.736012;-0.419612;-2.520075025
11436630;0;-57.076687;17.069557;109.385605;-191.548904;116.083344;-150.691422;-1.327510;15.476225;2.110343;-3.697862;-0.689025;-2.596375025
11436654;0;-57.075951;17.066051;109.387146;-191.546768;116.077507;-150.688293;-2.012250;16.110420;3.350121;-3.783700;-0.929825;-2.622600025
11436678;0;-57.075962;17.066612;109.388992;-191.546463;116.077019;-150.687119;-1.753805;15.401840;3.629407;-3.736012;-0.960825;-2.658362025
11436702;0;-57.075634;17.066448;109.388954;-191.546417;116.076897;-150.686584;-1.898765;15.763280;3.335129;-3.669250;-0.851150;-2.691738025
11436726;0;-57.074009;17.062986;109.386642;-191.546295;116.076508;-150.686142;-2.686500;18.627165;1.200264;-3.790850;-1.213550;-2.739425025
11436750;0;-57.066162;17.045870;109.372643;-191.543549;116.065552;-150.682556;-4.147525;21.450994;-0.457757;-5.002012;-2.048012;-2.91347525
11436774;0;-57.049969;17.008692;109.346741;-191.527954;116.019691;-150.669937;-4.342075;21.554945;-0.170293;-5.247587;-1.683225;-3.30447525
11436798;0;-57.026611;16.943907;109.310921;-191.495453;115.932442;-150.634140;-4.084585;21.105764;-0.652579;-4.842275;-2.789488;-3.19957525
11436822;0;-56.995731;16.854137;109.260262;-191.449020;115.799744;-150.581665;-4.658695;21.692274;-0.486371;-5.519388;-2.746575;-3.30923725
11436846;0;-56.958015;16.740297;109.197533;-191.387543;115.625946;-150.509247;-4.467960;20.648954;-0.453671;-4.918575;-1.616475;-2.80856325
11436870;0;-56.915157;16.610580;109.127464;-191.319931;115.431473;-150.419983;-3.853795;18.568989;-0.328336;-5.478850;-2.081388;-1.72376225
11436894;0;-56.869576;16.475801;109.053772;-191.249191;115.231674;-150.344437;-3.280635;17.589565;-0.155307;-4.265300;-2.350800;-1.53302525
11436918;0;-56.824738;16.342800;108.977959;-191.182175;115.031082;-150.276825;-3.442760;17.943378;0.204357;-4.880425;-2.486700;-1.683225525
11436942;0;-56.780575;16.210426;108.902260;-191.115616;114.830261;-150.206863;-3.502845;18.307684;-0.072200;-5.180825;-2.174375;-1.68322525
11436966;0;-56.736298;16.078974;108.826439;-191.048065;114.628845;-150.135574;-3.343580;18.930435;-0.269750;-4.398812;-1.850125;-1.51872525
11436990;0;-56.692474;15.947457;108.749290;-190.982239;114.428589;-150.073608;-3.494260;19.036289;-0.215257;-4.189013;-2.095688;-2.02416325
11437014;0;-56.648926;15.815764;108.670868;-190.917755;114.227768;-150.008881;-3.084180;18.509861;-0.307900;-4.642000;-1.649850;-2.31742525
11437038;0;-56.605694;15.685576;108.592171;-190.854187;114.026390;-149.935211;-2.887725;19.056320;-0.463207;-4.498950;-1.263613;-2.06231325
11437062;0;-56.563309;15.556949;108.511818;-190.791656;113.826111;-149.861038;-3.123280;19.013401;-0.141686;-5.049700;-1.959800;-1.76428725
11437086;0;-56.521317;15.428387;108.431091;-190.728394;113.624878;-149.796616;-3.156660;18.988605;-0.260214;-4.510875;-2.133837;-1.95741225
11437110;0;-56.479679;15.299363;108.350296;-190.667175;113.422615;-149.731461;-3.190040;18.087385;-0.343321;-4.858963;-2.231587;-2.07662525
11437134;0;-56.438824;15.171504;108.268021;-190.606461;113.219780;-149.662491;-3.582000;18.013950;-0.094000;-4.975788;-1.449575;-1.90018725
11437158;0;-56.397778;15.044392;108.185211;-190.544800;113.017029;-149.592911;-3.456115;17.688749;-0.322886;-4.274837;-1.120562;-1.62838825
11437182;0;-56.356831;14.917961;108.102524;-190.485153;112.816429;-149.530396;-3.253935;17.386435;-0.422336;-4.358287;-2.031325;-1.86681225
11437206;0;-56.316730;14.792706;108.018059;-190.425613;112.614861;-149.468033;-3.640170;17.729755;-0.219343;-3.824225;-2.679812;-1.88588725
11437230;0;-56.278191;14.672406;107.935059;-190.369415;112.413490;-149.405655;-3.322600;17.527580;-0.121250;-4.737375;-2.272125;-2.02893725
11437254;0;-56.243530;14.562224;107.858734;-190.315613;112.227249;-149.348755;-2.709385;15.479085;0.316071;-4.179475;-2.241125;-2.155300725
11437278;0;-56.215195;14.472037;107.795876;-190.273895;112.074631;-149.307129;-2.502440;15.556335;1.260207;-4.785050;-1.351825;-2.522462725
11437302;0;-56.195133;14.408042;107.752739;-190.243027;111.965813;-149.277359;-2.334590;15.500066;1.228871;-4.098413;-0.212187;-2.765650725
11437326;0;-56.184509;14.372237;107.729057;-190.224564;111.903786;-149.258011;-2.147670;15.763280;1.396450;-3.542900;-0.691413;-2.934925725
11437350;0;-56.181644;14.356110;107.724716;-190.218216;111.881470;-149.249725;-2.380370;15.368460;2.047671;-3.461837;-0.796312;-3.015988725
11437374;0;-56.181301;14.354814;107.726761;-190.217285;111.878708;-149.246277;-2.544400;15.176770;3.273821;-3.421300;-0.941750;-3.001688725
11437398;0;-56.181126;14.355066;107.727631;-190.217194;111.878464;-149.245102;-2.692220;15.200610;3.380093;-3.275862;-0.874988;-3.097050725
11437422;0;-56.180634;14.354967;107.727570;-190.217194;111.878387;-149.244446;-2.761840;15.542979;3.008157;-3.089900;-0.815388;-3.120888725
11437446;0;-56.180237;14.354824;107.727394;-190.217209;111.878387;-149.243973;-3.151890;15.851970;2.671650;-2.961150;-0.786775;-3.151888725
11437470;0;-56.179676;14.354681;107.727188;-190.217209;111.878464;-149.243454;-3.202435;16.137119;2.324236;-2.815712;-0.729550;-3.228188725
11437494;0;-56.179115;14.354440;107.726898;-190.217285;111.878510;-149.242920;-3.321645;16.358376;1.999986;-2.639287;-0.665188;-3.323550725
11437518;0;-56.178699;14.354132;107.726563;-190.217316;111.878708;-149.242462;-3.467555;16.581535;1.734321;-2.579688;-0.689025;-3.278250725
11437542;0;-56.178192;14.353847;107.726173;-190.217377;111.878754;-149.241867;-3.475185;16.709324;1.540864;-2.467625;-0.641338;-3.373612725
11437566;0;-56.177753;14.353582;107.725708;-190.217422;111.878807;-149.241531;-3.539085;16.905781;1.328328;-2.391337;-0.593650;-3.371238725
11437590;0;-56.177380;14.353231;107.725212;-190.217422;111.878807;-149.241196;-3.647800;17.020226;1.118521;-2.288813;-0.565050;-3.392687725
11437614;0;-56.177052;14.352979;107.724686;-190.217529;111.878830;-149.240738;-3.596305;17.156599;0.968657;-2.183913;-0.531662;-3.476138725
11437638;0;-56.176655;14.352979;107.723770;-190.217545;111.878899;-149.240341;-3.703115;16.467091;0.663479;-2.107612;-0.283713;-3.445138725
11437662;0;-56.175953;14.355099;107.718925;-190.217575;111.882370;-149.240097;-4.135130;13.729095;-0.256129;-2.048012;1.718987;-3.538125725
11437686;0;-56.173843;14.362053;107.705910;-190.217575;111.903900;-149.239807;-4.379270;10.561940;-0.134871;-2.250662;4.155625;-3.683563725
11437710;0;-56.170029;14.378906;107.687767;-190.217484;111.961868;-149.237625;-4.580495;9.708400;0.098086;-2.553463;6.215563;-4.01020063725
11437734;0;-56.163868;14.409668;107.666870;-190.217117;112.073898;-149.232452;-4.705425;9.279250;-0.316071;-3.271100;5.130763;-4.4560383725
11437758;0;-56.155277;14.455020;107.637047;-190.215836;112.241577;-149.218872;-4.612920;8.405684;-0.705714;-4.053113;7.479188;-4.7254503725
11437782;0;-56.144829;14.515730;107.595261;-190.212418;112.472420;-149.186905;-4.482265;8.451460;-0.370564;-4.386900;7.162087;-4.1437133725
11437806;0;-56.133183;14.587372;107.544739;-190.207703;112.749771;-149.152344;-4.285810;8.118625;-0.010893;-4.634850;7.376663;-3.7789253725
11437830;0;-56.121132;14.666133;107.491501;-190.201828;113.047226;-149.119080;-4.189490;9.773250;0.084464;-4.780288;7.121562;-3.52382553725
11437854;0;-56.109772;14.741422;107.439964;-190.195724;113.339111;-149.089554;-4.023550;10.419845;0.016343;-4.816050;5.748262;-3.3974633725
11437878;0;-56.099991;14.806901;107.394547;-190.189987;113.594627;-149.061523;-4.252430;10.723110;0.250679;-4.792212;5.693425;-3.1113503725
11437902;0;-56.092556;14.857866;107.360069;-190.185455;113.793739;-149.041092;-3.764150;11.015890;0.366479;-5.013937;4.813663;-2.9945253725
11437926;0;-56.087963;14.893978;107.336472;-190.181915;113.930794;-149.028473;-3.737445;11.548995;0.668929;-4.911413;4.310600;-2.9778373725
11437950;0;-56.085732;14.915511;107.323822;-190.179672;114.013268;-149.021866;-3.900525;11.421200;0.746586;-4.930488;4.301063;-2.9754633725
11437974;0;-56.084885;14.925114;107.321037;-190.178406;114.053940;-149.018738;-3.830905;11.116980;1.260207;-4.951950;4.916187;-2.9301623725
11437998;0;-56.084305;14.926125;107.323189;-190.177734;114.068558;-149.017517;-3.820415;11.220930;2.568107;-4.889963;5.321500;-2.9015503725
11438022;0;-56.084061;14.925806;107.324409;-190.177399;114.071281;-149.017487;-3.913875;11.638639;3.061293;-4.792212;5.385875;-2.7847253725
11438046;0;-56.083778;14.925894;107.324440;-190.177185;114.071808;-149.017273;-3.977775;11.366839;2.801071;-4.742137;5.388250;-2.7537253725
11438070;0;-56.083435;14.926025;107.324348;-190.177094;114.072121;-149.017456;-4.050250;11.003489;2.532686;-4.649150;5.400175;-2.6512123725
11438094;0;-56.083073;14.923806;107.328293;-190.177048;114.072479;-149.017441;-4.111285;14.361380;4.911422;-4.582400;5.476462;-2.5773003725
11438118;0;-56.082722;14.908030;107.354149;-190.177048;114.075104;-149.017487;-4.094120;18.486975;6.227493;-4.429812;5.979537;-2.4080253725
11438142;0;-56.082371;14.863216;107.414482;-190.177307;114.086487;-149.017792;-4.115100;22.313114;7.998600;-3.898137;6.887913;-2.2125123725
11438166;0;-56.081997;14.764263;107.536201;-190.177948;114.116455;-149.018646;-4.110335;24.655340;10.264257;-2.670288;6.425375;-1.766675725
11438190;0;-56.081722;14.594227;107.753937;-190.179001;114.169357;-149.020752;-4.102705;27.601238;11.449536;-0.581738;6.005763;-1.130100725
11438214;0;-56.081448;14.333214;108.089439;-190.181961;114.247093;-149.026169;-4.128455;27.925491;13.027185;1.795287;6.341925;-0.1955000725
11438238;0;-56.081207;13.977290;108.551811;-190.189026;114.352654;-149.040604;-4.122730;29.399868;13.668871;3.461837;6.241787;0.35523700725
11438262;0;-56.081039;13.521028;109.138260;-190.200089;114.484497;-149.076645;-4.115100;28.685564;14.512194;4.286762;5.989062;0.18357500725
11438286;0;-56.080845;12.965734;109.846970;-190.213959;114.636818;-149.112274;-4.105565;30.382156;15.756057;4.811275;7.209775;0.27178700725
11438310;0;-56.080658;12.313807;110.678047;-190.229675;114.812553;-149.149200;-4.091260;32.000538;15.915457;5.223750;6.425375;0.39576300725
11438334;0;-56.080425;11.571471;111.614395;-190.247543;115.001091;-149.186646;-4.043575;31.254765;16.666136;5.037775;6.711475;0.73432500725
11438358;0;-56.080296;10.754825;112.631432;-190.266342;115.195358;-149.222366;-4.070280;29.539104;16.091208;4.348750;6.921288;1.29937500725
11438382;0;-56.080215;9.883718;113.697403;-190.283844;115.389244;-149.258972;-4.061695;27.040478;15.899107;4.093637;6.022450;1.640313500725
11438406;0;-56.079910;8.985871;114.791718;-190.300369;115.573860;-149.296295;-3.993985;28.046604;14.425000;4.260538;4.503725;1.933563500725
11438430;0;-56.079834;8.067700;115.879517;-190.314392;115.742653;-149.334244;-4.025455;27.383801;15.743799;5.316725;5.326262;2.062313500725
11438454;0;-56.079765;7.138597;116.964775;-190.328156;115.896011;-149.367310;-4.032135;26.153561;14.435900;5.095000;4.763600;2.241125500725
11438478;0;-56.079578;6.202969;118.038460;-190.340836;116.030769;-149.396393;-3.923415;26.608463;14.344621;4.460800;5.533688;2.369875500725
11438502;0;-56.079525;5.260067;119.101364;-190.350723;116.148308;-149.422043;-4.017825;28.435703;14.851429;5.424013;5.223750;2.458087500725
11438526;0;-56.079460;4.304619;120.158577;-190.360489;116.247200;-149.444565;-4.008290;27.149200;14.756064;5.228512;4.615775;2.527225500725
11438550;0;-56.079315;3.338932;121.204498;-190.368774;116.328171;-149.463394;-3.940580;26.778221;14.344621;4.074563;5.316725;2.524850500725
11438574;0;-56.079239;2.365148;122.241669;-190.373428;116.389557;-149.476974;-3.927230;28.816219;13.626642;4.994863;3.719325;2.605912500725
11438598;0;-56.079197;1.376763;123.269806;-190.377274;116.428307;-149.485184;-3.952980;27.523041;14.689307;5.013937;4.854200;2.753725500725
11438622;0;-56.079063;0.374985;124.288460;-190.379807;116.448784;-149.490097;-3.844260;26.967045;14.479500;3.867137;3.573887;2.818100500725
11438646;0;-56.078976;-0.636537;125.299530;-190.379745;116.448151;-149.491043;-3.874775;29.515266;13.449529;3.857613;1.592625;2.81095000725
11438670;0;-56.078953;-1.664934;126.299919;-190.379303;116.427345;-149.490112;-3.869055;28.054234;14.448164;2.691738;0.014300;2.49623800725
11438694;0;-56.078789;-2.709404;127.291168;-190.377975;116.378059;-149.488724;-3.772735;28.251644;14.448164;0.178813;-2.176750;1.9097250725
11438718;0;-56.078712;-3.768267;128.274628;-190.374344;116.299301;-149.484650;-3.788945;29.250139;13.128006;-1.926412;-0.786775;1.132488725
11438742;0;-56.078690;-4.845256;129.246506;-190.365005;116.195930;-149.468414;-3.823280;29.600140;13.949529;-2.610675;-1.578325;0.569812725
11438766;0;-56.078491;-5.941780;130.208221;-190.352768;116.065559;-149.445740;-3.701210;28.954506;15.048979;-3.495213;-2.613062;0.131125725
11438790;0;-56.078461;-7.056244;131.164154;-190.336456;115.906670;-149.417419;-3.711700;29.561996;13.063972;-3.066062;-2.746575;-0.37670025
11438814;0;-56.078426;-8.191813;132.107819;-190.319885;115.716843;-149.378876;-3.682135;29.217720;12.792857;-4.906650;-3.466600;-0.85353725
11438838;0;-56.078274;-9.349409;133.038300;-190.298889;115.494804;-149.334854;-3.612515;30.512804;14.227457;-3.464213;-2.520075;-1.23738825
11438862;0;-56.078262;-10.530692;133.962631;-190.276581;115.241959;-149.285583;-3.657340;30.733105;13.445443;-4.684925;-4.422662;-1.8596635
11438886;0;-56.078186;-11.736782;134.875168;-190.252014;114.951843;-149.231995;-3.573415;30.137058;13.606207;-5.321500;-3.867137;-2.5105385
11438910;0;-56.078117;-12.987499;135.772202;-190.222260;114.625488;-149.168747;-3.577230;35.391804;13.072149;-3.385537;-4.916187;-3.0970505
11438934;0;-56.078098;-14.329874;136.661911;-190.191635;114.257767;-149.085556;-3.561015;38.964268;11.692042;-3.316400;-3.383150;-2.9134755
11438958;0;-56.078041;-15.794198;137.543228;-190.159912;113.848953;-148.981140;-3.561970;41.495319;12.890950;-3.781312;-4.658688;-1.6713135
11438982;0;-56.078018;-17.398872;138.423080;-190.126694;113.390678;-148.888718;-3.567695;41.093826;12.291492;-4.003037;-3.211488;-1.8334385
11439006;0;-56.078018;-19.135548;139.297394;-190.091568;112.886810;-148.793671;-3.567695;38.446426;13.407293;-5.848400;-4.408350;-1.8191255
11439030;0;-56.077965;-20.953037;140.178406;-190.055313;112.342972;-148.699539;-3.556250;36.385536;12.801029;-4.270075;-3.733625;-2.0265505
11439054;0;-56.077930;-22.818626;141.040863;-190.018295;111.775139;-148.612198;-3.576275;32.203671;11.690679;-5.459775;-5.784025;-2.9468505
11439078;0;-56.077911;-24.691948;141.858551;-189.982849;111.191750;-148.502792;-3.576275;31.552309;10.636192;-4.596700;-3.967275;-2.2339755
11439102;0;-56.077900;-26.562689;142.595749;-189.946274;110.622429;-148.403778;-3.561015;33.953663;6.547650;-4.415500;-5.214212;-2.49862555
11439126;0;-56.077900;-28.437769;143.199753;-189.910294;110.079384;-148.307510;-3.564830;31.877514;5.717957;-5.452625;-4.155625;-2.69173855
11439150;0;-56.077877;-30.310884;143.645706;-189.877014;109.603340;-148.201141;-3.577230;31.892776;2.814700;-4.253375;-2.219675;-1.82866355
11439174;0;-56.077835;-32.180965;143.925507;-189.849670;109.248871;-148.129532;-3.576275;32.669064;2.295629;-5.576600;-0.238412;-2.23158755
11439198;0;-56.077824;-34.050850;144.076340;-189.829880;109.017448;-148.081161;-3.575325;31.953808;2.431864;-5.526537;-0.846375;-2.52246255
11439222;0;-56.077812;-35.921535;144.134735;-189.816711;108.895119;-148.051147;-3.577230;31.256676;1.901893;-3.609650;-0.092975;-2.53438755
11439246;0;-56.077789;-37.791992;144.135941;-189.812729;108.864082;-148.040909;-3.570555;31.304356;0.613071;-4.975788;-0.827300;-2.67743855
11439270;0;-56.077789;-39.664139;144.123611;-189.812012;108.863037;-148.039520;-3.557205;30.955309;1.712521;-4.107950;-0.920287;-2.66551355
11439294;0;-56.077789;-41.535614;144.121155;-189.811417;108.862885;-148.038910;-3.523825;30.335426;0.746586;-3.478525;-0.824925;-2.70605055
11439318;0;-56.077778;-43.407497;144.119858;-189.811600;108.863083;-148.038193;-3.545760;30.669209;0.814707;-3.981588;-0.860688;-2.77757555
11439342;0;-56.077766;-45.280560;144.119415;-189.811722;108.863297;-148.037994;-3.475185;29.956814;1.136229;-3.287787;-0.629425;-2.77280055
11439366;0;-56.077755;-47.151222;144.119751;-189.811478;108.863319;-148.037460;-3.480910;29.455179;1.107621;-3.416538;-0.724787;-2.85863855
11439390;0;-56.077755;-49.022964;144.120041;-189.811966;108.863594;-148.037262;-3.484725;30.002590;0.974107;-3.378387;-0.662800;-2.86578855
11439414;0;-56.077724;-50.896374;144.119888;-189.811676;108.863586;-148.037125;-3.461835;28.533936;1.305164;-2.894400;-0.505437;-2.88247555
11439438;0;-56.077724;-52.767147;144.120682;-189.811966;108.863785;-148.036606;-3.434180;28.965950;1.156664;-3.290175;-0.755775;-2.89677555
11439462;0;-56.077736;-54.639557;144.120972;-189.812027;108.864052;-148.036789;-3.414150;28.896328;1.098086;-2.682200;-0.452987;-2.89916355
11439486;0;-56.077724;-56.512199;144.121414;-189.811844;108.863998;-148.036194;-3.412245;27.390480;1.241136;-2.861012;-0.538825;-2.92538855
11439510;0;-56.077744;-58.382786;144.122574;-189.812317;108.864250;-148.036133;-3.392215;28.120041;0.975471;-2.770412;-0.667563;-2.91823755
11439534;0;-56.077736;-60.255394;144.122864;-189.811981;108.864243;-148.036118;-3.393170;27.603146;0.961843;-2.408025;-0.345700;-2.92777555
11439558;0;-56.077744;-62.127785;144.123535;-189.812195;108.864296;-148.035736;-3.347395;26.752468;1.038136;-2.846712;-0.636575;-2.93492555
11439582;0;-56.077736;-63.998360;144.124771;-189.812317;108.864487;-148.035858;-3.343580;27.131081;0.629421;-2.214900;-0.510212;-2.92777555
11439606;0;-56.077724;-65.871201;144.124985;-189.812134;108.864342;-148.035538;-3.322600;26.260376;0.662121;-2.517700;-0.429150;-2.94685055
11439630;0;-56.077724;-67.741043;144.126053;-189.812531;108.864540;-148.035400;-3.324505;24.651524;1.081736;-2.443788;-0.696175;-2.94923755
11439654;0;-56.077736;-69.553665;144.141785;-189.812271;108.864563;-148.035400;-3.338810;13.072965;2.271107;-2.202987;-0.450600;-2.95400055
11439678;0;-56.076042;-71.148415;144.118469;-189.812149;108.858482;-148.034988;-4.641530;-1.910205;-6.234300;-2.317425;-3.645413;-2.9802255
11439702;0;-56.066616;-72.381325;143.995941;-189.810837;108.772873;-148.034317;-5.894660;-15.944479;-8.083064;-4.854200;-5.602825;-3.035063
11439726;0;-56.048267;-73.134781;143.721359;-189.800858;108.539925;-148.031616;-5.608555;-19.748684;-12.816015;-6.532662;-7.145401;-3.159038
11439750;0;-56.019440;-73.376579;143.246902;-189.778427;108.131584;-148.024780;-4.419325;-30.021664;-15.411371;-6.830688;-8.153913;-3.273475
11439774;0;-55.980682;-73.208099;142.537018;-189.744019;107.524254;-148.013824;-5.030630;-18.459320;-19.429064;-6.844988;-9.629725;-3.333088
11439798;0;-55.931507;-72.802643;141.606567;-189.696777;106.719902;-147.998672;-5.323410;-10.014530;-16.749243;-5.397787;-8.327950;-3.292550
11439822;0;-55.870037;-72.250908;140.524612;-189.646088;105.783623;-147.980865;-3.610610;-5.863185;-18.591192;-6.608962;-9.226788;-3.2544120
11439846;0;-55.802044;-71.629509;139.300461;-189.587936;104.723434;-147.961533;-3.871915;-10.327334;-19.471300;-6.694788;-9.133813;-3.249637
11439870;0;-55.728283;-70.931526;137.933578;-189.522064;103.543694;-147.935516;-5.197525;-10.914801;-20.543507;-5.915163;-10.366438;-2.992150
11439894;0;-55.645214;-70.148987;136.423645;-189.449173;102.240807;-147.901566;-4.826545;-7.674215;-21.517614;-5.629063;-10.411737;-2.1934500
11439918;0;-55.553520;-69.299683;134.785919;-189.370377;100.824585;-147.871078;-4.071235;-7.048604;-21.029879;-4.904263;-10.895725;-1.7595250
11439942;0;-55.457687;-68.407440;133.043335;-189.288132;99.317703;-147.850037;-4.732130;-7.874485;-21.121159;-4.978175;-9.527200;-1.966950250
11439966;0;-55.358570;-67.477097;131.227753;-189.201904;97.750427;-147.821594;-5.061145;-7.506370;-19.865036;-4.436963;-11.487000;-1.69753850
11439990;0;-55.255177;-66.517174;129.373917;-189.114120;96.144981;-147.793732;-3.968235;-3.310200;-20.572113;-4.358287;-9.107588;-1.561638850
11440014;0;-55.150677;-65.554222;127.500031;-189.026413;94.530396;-147.775589;-3.602980;-4.050250;-19.050322;-5.004400;-10.287750;-2.19821250
11440038;0;-55.048347;-64.590218;125.628105;-188.936859;92.915565;-147.752640;-4.780765;-5.006790;-18.765585;-3.867137;-10.135162;-2.39371350
11440062;0;-54.945396;-63.623947;123.756569;-188.847504;91.298203;-147.717697;-5.047795;-2.795215;-20.681107;-3.061287;-8.702275;-2.021787350
11440086;0;-54.840706;-62.658733;121.879906;-188.760666;89.684738;-147.686035;-4.346845;-3.372190;-18.954956;-4.038800;-10.149475;-1.84535050
11440110;0;-54.736393;-61.690914;120.009636;-188.672729;88.067261;-147.663498;-4.220960;-2.925870;-18.946779;-4.343975;-7.884500;-2.229213050
11440134;0;-54.632900;-60.724216;118.137436;-188.584030;86.452850;-147.640488;-4.368780;-1.823425;-20.558493;-4.363050;-9.248250;-2.622600050
11440158;0;-54.529442;-59.761230;116.261948;-188.495560;84.838638;-147.603638;-4.412650;-3.102300;-19.177021;-4.053113;-8.971687;-2.098075050
11440182;0;-54.425106;-58.794212;114.391327;-188.407166;83.222816;-147.568893;-4.083630;-2.293585;-19.066671;-4.546638;-9.212487;-1.721375050
11440206;0;-54.320953;-57.826176;112.519775;-188.318375;81.608070;-147.546494;-3.830905;-0.646590;-20.704266;-4.353512;-9.434213;-2.191062050
11440230;0;-54.217419;-56.862049;110.645966;-188.229889;79.992508;-147.523682;-4.032135;-2.044675;-19.648415;-3.764625;-9.107588;-2.527225050
11440254;0;-54.114422;-55.895744;108.774513;-188.141708;78.377502;-147.494110;-4.796025;-1.476285;-18.852779;-4.177088;-10.104175;-2.44616250
11440278;0;-54.010559;-54.928619;106.902939;-188.054214;76.760269;-147.469147;-4.429815;0.000000;-21.170208;-5.264275;-8.506763;-2.9230006250
11440302;0;-53.906200;-53.963623;105.029526;-187.965683;75.146301;-147.445602;-4.296300;-1.069065;-19.345964;-5.042550;-10.330675;-3.41891250
11440326;0;-53.802048;-52.996365;103.159554;-187.876404;73.530151;-147.413544;-4.061695;-0.285145;-20.192007;-4.847037;-9.415138;-3.259175250
11440350;0;-53.697987;-52.029549;101.286674;-187.787628;71.914246;-147.367889;-3.792760;0.929830;-20.423615;-5.269050;-9.546275;-2.1386135250
11440374;0;-53.595230;-51.065376;99.413460;-187.699097;70.300804;-147.334503;-4.427905;-0.412940;-19.728794;-5.033012;-10.952938;-2.050387250
11440398;0;-53.491970;-50.098732;97.542816;-187.609940;68.683617;-147.312973;-4.829405;0.412940;-20.750586;-4.322525;-9.577263;-2.47955087250
11440422;0;-53.387688;-49.131706;95.669601;-187.522385;67.069298;-147.285599;-4.562375;1.604080;-19.880022;-5.443088;-10.943413;-2.4557007250
11440446;0;-53.283527;-48.166611;93.797050;-187.433609;65.452843;-147.252823;-4.422185;0.493045;-20.258764;-5.555150;-9.124275;-2.24351207250
11440470;0;-53.179806;-47.200451;91.927025;-187.344101;63.837147;-147.230164;-4.653930;1.208305;-20.865028;-4.842275;-9.665487;-2.62498707250
11440494;0;-53.075787;-46.234379;90.053383;-187.255630;62.221802;-147.209656;-4.396435;1.907345;-19.919529;-5.042550;-9.152887;-3.18050007250
11440518;0;-52.974205;-45.281437;88.193497;-187.168121;60.611172;-147.173248;-3.403660;5.829810;-17.931799;-5.426400;-7.479188;-2.72511207250
11440542;0;-52.885338;-44.416306;86.470566;-187.084503;59.107647;-147.140106;-2.479550;12.798305;-10.262893;-4.212850;-4.129400;-2.2864257250
11440566;0;-52.809952;-43.706657;85.082840;-187.019119;57.903786;-147.124039;-1.335140;19.578930;-5.933214;-4.754062;-1.966950;-2.66551357250
11440590;0;-52.755722;-43.198208;84.105453;-186.972778;57.054684;-147.114502;-0.539775;22.038456;-3.558564;-4.611012;-0.002375;-3.01598857250
11440614;0;-52.725620;-42.909588;83.531082;-186.945969;56.565334;-147.108704;-0.786780;21.644588;0.576286;-4.363050;2.415175;-3.2424878857250
11440638;0;-52.713150;-42.791561;83.326805;-186.937149;56.401707;-147.105820;-1.420020;17.514225;-1.072200;-4.658688;1.258850;-3.423687857250
11440662;0;-52.711338;-42.762493;83.311577;-186.936142;56.387543;-147.104523;-1.756665;15.321730;-3.923686;-4.768363;-0.371925;-3.53573857250
11440686;0;-52.711205;-42.763325;83.317619;-186.936020;56.387180;-147.103333;-2.213475;13.830180;-3.348757;-4.653925;-0.460138;-3.57866257250
11440710;0;-52.706669;-42.765160;83.317734;-186.935883;56.387421;-147.102600;-7.146835;17.082211;-3.509521;-4.796975;-0.221725;-3.63826357250
11440734;0;-52.631226;-42.801537;83.337540;-186.929077;56.389778;-147.102219;-17.520901;23.015018;-1.975464;-5.905625;1.282687;-3.72886357250
11440758;0;-52.433933;-42.906620;83.395111;-186.876511;56.411232;-147.101486;-33.077232;33.225052;-1.859664;-6.010525;5.466938;-3.73840057250
11440782;0;-52.005543;-43.155167;83.513405;-186.733063;56.488560;-147.100113;-47.638889;40.542599;0.536779;-7.112025;7.848737;-3.697862057250
11440806;0;-51.265327;-43.605034;83.732552;-186.457092;56.645298;-147.096970;-59.506416;45.866966;2.144400;-7.858275;8.709425;-3.573887057250
11440830;0;-50.170441;-44.283154;84.080643;-186.031830;56.888172;-147.093887;-62.126152;44.649120;3.673007;-9.636875;10.104175;-3.37838757250
11440854;0;-48.756721;-45.158676;84.544861;-185.470016;57.208038;-147.090164;-53.415291;40.813446;3.209793;-9.915825;10.979175;-3.10658857250
11440878;0;-47.091370;-46.175846;85.081619;-184.820007;57.580948;-147.086182;-35.426132;35.213470;4.592621;-12.273787;6.833075;-2.78472557250
11440902;0;-45.291359;-47.268181;85.650757;-184.122116;57.976776;-147.085022;-26.239395;30.886650;5.584443;-12.042513;7.810587;-2.67028857250
11440926;0;-43.435326;-48.389767;86.233856;-183.410614;58.378193;-147.083771;-23.404119;29.561039;4.264286;-11.219975;7.448187;-2.42710057250
11440950;0;-41.565674;-49.519062;86.816162;-182.697571;58.778355;-147.084564;-24.713514;28.708454;4.232950;-11.196125;8.442400;-2.34603857250
11440974;0;-39.693462;-50.649391;87.399681;-181.984772;59.179054;-147.085556;-24.075504;29.237743;4.577636;-11.188975;7.631775;-2.25543857250
11440998;0;-37.817017;-51.781364;87.984940;-181.272507;59.581444;-147.086243;-21.774290;28.772350;4.258836;-11.651512;5.939000;-2.18152557250
11441022;0;-35.943607;-52.913628;88.566383;-180.559753;59.983566;-147.086975;-22.426605;27.924534;4.953650;-11.274813;6.384838;-2.10761257250
11441046;0;-34.073776;-54.045616;89.150688;-179.847504;60.385838;-147.086807;-22.483826;28.081890;3.821507;-11.112688;6.365775;-1.93595057250
11441070;0;-32.202885;-55.178020;89.732887;-179.134857;60.785549;-147.087173;-24.518965;27.441975;4.377364;-11.165137;8.277888;-1.87157557250
11441094;0;-30.328693;-56.309624;90.317184;-178.422287;61.187889;-147.086716;-21.741865;28.056139;4.140307;-10.952938;7.615087;-1.66177557250
11441118;0;-28.455294;-57.442081;90.902359;-177.709442;61.588947;-147.087494;-21.589275;27.016634;4.040850;-9.865750;7.722375;-1.676075557250
11441142;0;-26.584530;-58.573467;91.484200;-176.998413;61.989285;-147.086899;-23.723598;27.274128;4.899157;-10.526175;6.844988;-1.48772557250
11441166;0;-24.713152;-59.705639;92.068748;-176.285736;62.389767;-147.087631;-21.973606;26.763916;3.388264;-10.244838;7.381438;-1.43766357250
11441190;0;-22.841368;-60.838306;92.650970;-175.572922;62.792660;-147.086899;-23.449894;26.201244;4.050385;-9.438988;5.989062;-1.323213357250
11441214;0;-20.967627;-61.970253;93.234917;-174.861572;63.195160;-147.087738;-22.264481;26.650425;3.998614;-9.551038;6.098738;-1.211162357250
11441238;0;-19.110937;-63.094154;93.819054;-174.151123;63.594639;-147.086990;-17.346380;23.166655;3.919600;-9.694088;7.467262;-1.130100357250
11441262;0;-17.319485;-64.177155;94.387314;-173.458099;63.984226;-147.088196;-11.522290;19.472120;3.659379;-9.777537;6.947512;-1.051425357250
11441286;0;-15.654935;-65.179733;94.915779;-172.815445;64.347694;-147.088791;-2.974510;13.236044;2.310614;-9.300700;5.042550;-1.0251875357250
11441310;0;-14.218462;-66.042564;95.370842;-172.259033;64.660912;-147.089096;10.640140;5.219455;1.014979;-10.237688;4.158012;-1.0108885357250
11441334;0;-13.110073;-66.693779;95.698555;-171.832214;64.828682;-147.087372;17.161366;1.292225;-3.497257;-7.135863;-1.604550;-2.121925357250
11441358;0;-12.348842;-67.122719;95.827255;-171.564346;64.686401;-147.051575;19.215580;-1.700400;-10.521750;-6.406300;-9.706012;-4.7087637250
11441382;0;-11.926626;-67.329155;95.706116;-171.434296;64.155197;-146.882065;13.114924;0.577925;-10.247907;-3.039825;-12.264250;-2.6845877250
11441406;0;-11.753668;-67.343521;95.442352;-171.413757;63.207764;-146.657578;9.810445;0.926970;-13.766964;-1.137250;-15.399450;-2.98737577250
11441430;0;-11.732838;-67.256226;95.037575;-171.458771;61.830666;-146.345520;6.324765;0.881195;-14.226092;5.519388;-13.647075;-3.035063577250
11441454;0;-11.774103;-67.111282;94.528435;-171.544662;60.139942;-145.961349;3.045080;4.994390;-14.314650;5.173675;-13.413424;-2.975463577250
11441478;0;-11.832847;-66.935150;93.947456;-171.642319;58.205070;-145.518951;1.629825;5.584715;-15.728807;5.879400;-14.362325;-2.343650577250
11441502;0;-11.891184;-66.744293;93.282593;-171.753036;56.030212;-145.045090;4.234310;2.811430;-15.211100;5.869863;-16.629686;-3.807538577250
11441526;0;-11.955784;-66.531525;92.542984;-171.876846;53.608212;-144.504288;6.938930;2.069470;-15.892300;5.116462;-15.149112;-3.807538577250
11441550;0;-12.032633;-66.291183;91.728470;-172.009644;50.945591;-143.897461;4.915235;3.254890;-16.373222;5.676737;-16.984938;-2.899163577250
11441574;0;-12.119623;-66.025688;90.843796;-172.154587;48.040825;-143.258362;2.925870;3.765105;-17.881393;5.717275;-18.608562;-4.103175577250
11441598;0;-12.209590;-65.740059;89.881477;-172.311172;44.891930;-142.542160;2.966880;3.373145;-18.506727;5.972375;-18.680088;-3.151888577250
11441622;0;-12.301205;-65.434746;88.842438;-172.480240;41.503719;-141.787903;5.720135;2.671240;-17.776485;5.908000;-18.284311;-3.926750577250
11441646;0;-12.400499;-65.110176;87.739136;-172.658981;37.895432;-140.977829;6.091115;2.639770;-19.081657;6.508825;-19.478788;-3.905287577250
11441670;0;-12.508352;-64.769020;86.582062;-172.845901;34.112389;-140.125107;4.714010;2.949710;-18.088472;6.480213;-18.429750;-3.356925577250
11441694;0;-12.620193;-64.415840;85.388962;-173.038803;30.215950;-139.257568;3.830905;3.911970;-18.367764;6.871212;-18.675323;-4.386900577250
11441718;0;-12.730023;-64.056458;84.178192;-173.235168;26.256310;-138.363846;4.892345;4.135130;-17.888201;6.396762;-17.375937;-3.585813577250
11441742;0;-12.839985;-63.696545;82.958916;-173.433212;22.277485;-137.472916;6.034850;3.971095;-17.815992;5.292888;-16.791813;-3.783700577250
11441766;0;-12.952551;-63.336731;81.740883;-173.629456;18.300272;-136.580231;5.391120;3.770825;-18.329615;6.065362;-18.308163;-3.743162577250
11441790;0;-13.066765;-62.977116;80.518845;-173.826401;14.323118;-135.690598;4.149435;3.766055;-17.825529;6.022450;-16.016951;-4.062650577250
11441814;0;-13.179551;-62.614906;79.301491;-174.022751;10.344604;-134.791672;3.925320;4.906650;-18.592558;6.783000;-16.946789;-3.290175577250
11441838;0;-13.290205;-62.252666;78.081375;-174.219345;6.367542;-133.897461;4.764555;5.109785;-17.431801;7.140625;-18.110275;-3.2234135577250
11441862;0;-13.400749;-61.892532;76.862007;-174.416489;2.390294;-133.009628;5.499835;4.692075;-18.183842;6.549350;-16.629686;-3.7598505577250
11441886;0;-13.513942;-61.533272;75.642899;-174.613602;-1.589196;-132.112808;4.277225;4.384990;-17.888201;6.685250;-15.649788;-3.306862577250
11441910;0;-13.627364;-61.172512;74.421509;-174.809845;-5.565516;-131.219620;3.649710;4.441260;-17.584385;6.978500;-18.882750;-3.299712577250
11441934;0;-13.739337;-60.810379;73.205818;-175.007843;-9.543595;-130.327347;3.919600;5.131720;-18.972664;5.443088;-16.489025;-3.285400577250
11441958;0;-13.850145;-60.449657;71.984802;-175.204178;-13.522759;-129.443954;4.587170;4.771230;-17.939972;5.943775;-16.505713;-3.97681377250
11441982;0;-13.961426;-60.089512;70.765564;-175.400986;-17.499868;-128.543030;4.679675;5.130765;-18.382750;5.836475;-17.495150;-3.37600077250
11442006;0;-14.073530;-59.728207;69.546822;-175.597260;-21.476669;-127.656654;4.601475;5.547520;-17.698830;6.656638;-17.840851;-3.70263877250
11442030;0;-14.186118;-59.366501;68.327003;-175.793579;-25.456003;-126.767265;4.314420;5.797385;-18.302372;6.804462;-15.864362;-4.22953777250
11442054;0;-14.298465;-59.005558;67.110413;-175.990341;-29.434967;-125.876556;4.163740;5.455015;-18.416807;6.663787;-18.084038;-4.19377577250
11442078;0;-14.409646;-58.645844;65.888176;-176.187164;-33.409809;-124.976547;4.697795;5.314825;-17.918171;6.921288;-17.671576;-3.86952577250
11442102;0;-14.521377;-58.284821;64.671524;-176.383514;-37.389839;-124.086784;4.888530;5.455970;-19.008085;7.045262;-16.655912;-4.09363777250
11442126;0;-14.633614;-57.923626;63.451012;-176.581528;-41.367100;-123.194221;4.587170;5.864140;-18.160679;5.640975;-18.501274;-3.96966377250
11442150;0;-14.745981;-57.562744;62.232651;-176.778168;-45.345032;-122.299980;4.318235;5.925175;-18.320080;5.943775;-17.774101;-3.82183777250
11442174;0;-14.857723;-57.202812;61.012707;-176.975037;-49.323269;-121.404968;4.511830;5.785940;-17.726078;5.683887;-16.531937;-3.48567577250
11442198;0;-14.969718;-56.841579;59.794102;-177.171112;-53.301739;-120.522003;4.386900;6.083485;-18.589836;6.504050;-18.401136;-4.52517577250
11442222;0;-15.081614;-56.479549;58.576576;-177.368011;-57.278316;-119.621193;4.267690;6.329535;-18.591192;6.158350;-18.355837;-3.43322577250
11442246;0;-15.193861;-56.119129;57.355446;-177.564682;-61.256870;-118.732185;3.957745;5.895610;-18.036699;6.301400;-17.063614;-3.85045077250
11442270;0;-15.305943;-55.758636;56.137939;-177.761703;-65.235474;-117.845039;3.978725;6.215095;-18.787378;6.437300;-18.508425;-4.15325077250
11442294;0;-15.417532;-55.397572;54.917469;-177.957397;-69.212135;-116.951057;4.102705;6.284710;-17.832344;7.066725;-18.832674;-3.98635077250
11442318;0;-15.528801;-55.036022;53.699337;-178.155472;-73.190865;-116.052338;4.510875;6.958960;-18.617079;5.376338;-17.559525;-3.46898777250
11442342;0;-15.640653;-54.675594;52.480164;-178.351852;-77.169960;-115.159836;4.422185;6.422040;-17.546242;5.936613;-18.348688;-3.42130077250
11442366;0;-15.753252;-54.315704;51.260010;-178.548630;-81.146004;-114.273331;4.237170;6.331440;-18.369129;5.428787;-19.369125;-4.17947577250
11442390;0;-15.864686;-53.954384;50.044426;-178.744766;-85.123436;-113.373314;3.690715;6.961820;-18.258772;5.996225;-16.300674;-3.45230077250
11442414;0;-15.968298;-53.610569;48.874855;-178.936096;-88.976509;-112.502342;3.838535;10.740280;-11.659343;5.407325;-9.562963;-2.45093877250
11442438;0;-16.068680;-53.342358;47.920902;-179.099579;-92.175270;-111.811203;3.341670;13.885495;-7.311957;5.438325;-1.602162;-1.571175877250
11442462;0;-16.158262;-53.174915;47.275608;-179.225815;-94.476181;-111.439178;2.735135;14.836309;-4.573543;3.857613;1.704687;-0.1692755877250
11442486;0;-16.237816;-53.116928;46.941910;-179.308960;-95.875862;-111.389389;2.645490;19.812580;-1.113071;3.356925;5.002012;-0.1001255877250
11442510;0;-16.311468;-53.178070;46.951897;-179.353882;-96.397812;-111.569656;4.116055;20.420071;1.762929;3.445138;4.239075;5.395400255877250
11442534;0;-16.383461;-53.286076;47.136257;-179.373749;-96.385735;-112.036232;3.550525;19.595144;-1.953664;4.105562;1.914500;5.07831255877250
11442558;0;-16.454422;-53.414330;47.338188;-179.389496;-96.300514;-112.593292;4.938125;18.526073;0.081743;5.130763;1.153938;3.416538255877250
11442582;0;-16.533655;-53.549957;47.557991;-179.410629;-96.206802;-113.134972;5.223270;20.683285;-0.824243;4.656312;2.355575;4.45842555877250
11442606;0;-16.619953;-53.699898;47.797405;-179.434326;-96.099480;-113.742226;4.943845;21.409031;-0.077650;4.560937;1.599788;4.62055055877250
11442630;0;-16.715996;-53.867661;48.065624;-179.459351;-95.982613;-114.399895;5.428310;20.526884;0.122614;5.450238;2.322187;5.791175055877250
11442654;0;-16.821859;-54.053955;48.357662;-179.486969;-95.854340;-115.141556;5.546565;20.528790;0.483643;5.860325;2.212512;5.505075055877250
11442678;0;-16.937721;-54.256432;48.676365;-179.517578;-95.715752;-115.945549;6.196975;19.857405;1.009529;5.888937;2.169600;5.698200055877250
11442702;0;-17.064491;-54.472599;49.020248;-179.551514;-95.567856;-116.820953;6.085395;20.377155;0.758850;5.490775;2.534387;5.426400055877250
11442726;0;-17.202547;-54.703190;49.388062;-179.586334;-95.408401;-117.753174;5.629535;21.053310;1.149857;5.552763;2.534387;5.943775055877250
11442750;0;-17.350565;-54.950703;49.779526;-179.623047;-95.238579;-118.759087;6.079670;20.791050;0.986371;5.230900;2.319813;6.082050055877250
11442774;0;-17.509054;-55.214825;50.192467;-179.662201;-95.061180;-119.840668;6.623265;19.585606;1.489093;4.811275;3.030300;5.407325055877250
11442798;0;-17.678343;-55.491634;50.626781;-179.701553;-94.873573;-120.978149;6.834030;20.085331;1.743857;4.930488;2.956388;6.258488055877250
11442822;0;-17.859495;-55.781368;51.082504;-179.742020;-94.676025;-122.187080;6.515500;20.334240;2.202986;5.095000;1.690387;6.372925055877250
11442846;0;-18.052591;-56.083160;51.560551;-179.783951;-94.471710;-123.464531;6.283760;21.896358;1.483643;5.168912;2.241125;6.670950055877250
11442870;0;-18.256157;-56.400928;52.055893;-179.827423;-94.258354;-124.810577;6.838795;21.039959;2.009521;4.777900;2.608288;6.673325055877250
11442894;0;-18.470875;-56.732761;52.569195;-179.871750;-94.038834;-126.223625;7.580755;20.370480;2.363743;4.513263;4.246225;6.616113055877250
11442918;0;-18.698488;-57.076283;53.101295;-179.915756;-93.808067;-127.707100;7.161139;20.373341;2.185272;4.539487;2.872937;7.266988055877250
11442942;0;-18.938396;-57.429611;53.649944;-179.960800;-93.571190;-129.273621;7.583615;21.584509;2.301079;4.043575;2.758500;7.209775055877250
11442966;0;-19.190676;-57.794239;54.214157;-180.004440;-93.327309;-130.891281;7.786750;21.733280;2.539493;4.658688;3.068437;7.450575055877250
11442990;0;-19.456007;-58.172047;54.793915;-180.049347;-93.077950;-132.583038;7.809635;20.926476;2.540857;4.074563;2.434250;7.736675055877250
11443014;0;-19.734125;-58.561295;55.385563;-180.093353;-92.823151;-134.346252;8.122439;19.742010;3.802436;4.177088;2.975463;8.180138055877250
11443038;0;-20.024847;-58.958458;55.993019;-180.136734;-92.562737;-136.182434;8.553500;20.483971;2.486364;3.681175;3.671638;8.158675055877250
11443062;0;-20.330177;-59.363922;56.611614;-180.179459;-92.297134;-138.091141;8.609770;21.257401;3.079000;3.321163;3.092288;8.320800055877250
11443086;0;-20.648903;-59.778400;57.241230;-180.219315;-92.024704;-140.070847;9.286880;21.672245;2.817421;3.857613;2.443788;8.718963055877250
11443110;0;-20.983612;-60.203716;57.880020;-180.257584;-91.750656;-142.117691;8.583065;20.545956;3.223414;3.993500;3.626338;8.761875055877250
11443134;0;-21.331779;-60.636456;58.527653;-180.293793;-91.472733;-144.233566;9.436605;19.480705;3.260200;4.751675;2.927775;9.660712055877250
11443158;0;-21.695263;-61.075756;59.183823;-180.328232;-91.192986;-146.429413;9.498594;19.836424;3.145757;4.811275;3.499975;9.126662055877250
11443182;0;-22.073479;-61.520275;59.845638;-180.360809;-90.910149;-148.707626;10.348320;19.865034;3.584450;4.744525;2.939700;9.36268755877250
11443206;0;-22.468996;-61.969021;60.514221;-180.390900;-90.625610;-151.043060;9.427070;21.082874;2.930500;4.377363;3.416538;9.410376755877250
11443230;0;-22.880346;-62.425217;61.186005;-180.416077;-90.339149;-153.443237;9.975430;20.199776;3.739764;4.937638;3.311625;9.796613755877250
11443254;0;-23.308571;-62.886356;61.862202;-180.438095;-90.052666;-155.933823;10.444640;19.525524;3.374643;5.156988;2.932538;10.2281505877250
11443278;0;-23.752880;-63.349674;62.537960;-180.456909;-89.768341;-158.513718;10.663031;19.953724;3.717964;4.837512;3.736012;10.1900005877250
11443302;0;-24.215582;-63.815525;63.214935;-180.471115;-89.483849;-161.148270;11.504170;19.430161;3.726135;4.923337;3.113738;10.1971635877250
11443326;0;-24.697365;-64.282600;63.892429;-180.481277;-89.201729;-163.843262;10.705945;19.501684;3.419600;4.618163;2.992150;10.6024635877250
11443350;0;-25.196901;-64.750717;64.567169;-180.485809;-88.922531;-166.639282;10.730740;19.544600;2.911428;4.692075;3.304475;10.5333245877250
11443374;0;-25.714676;-65.218735;65.237846;-180.486359;-88.645424;-169.518387;12.233729;18.912315;3.096714;3.979200;1.695150;11.0244755877250
11443398;0;-26.252106;-65.685379;65.901970;-180.485260;-88.374550;-172.457458;12.501715;18.662449;3.354207;0.648488;3.235337;11.1484505877250
11443422;0;-26.809750;-66.149139;66.561539;-180.478653;-88.108826;-175.465729;12.631414;18.899914;2.674371;-2.286425;2.820487;11.196125877250
11443446;0;-27.388147;-66.610725;67.211159;-180.462189;-87.849701;-178.568665;12.046810;17.894741;2.841943;-3.786075;2.923000;11.265275877250
11443470;0;-27.986704;-67.067192;67.852089;-180.436966;-87.598541;-181.760361;12.575145;17.438885;2.378736;-4.029263;2.629750;11.751650877250
11443494;0;-28.606245;-67.516327;68.479004;-180.405182;-87.354836;-185.012756;13.436315;17.960545;2.583093;-4.143713;3.180500;12.242787877250
11443518;0;-29.246672;-67.957809;69.094887;-180.368622;-87.119217;-188.338364;13.994215;18.085476;2.175736;-4.818438;2.062313;11.777875877250
11443542;0;-29.908619;-68.391098;69.694725;-180.324570;-86.896339;-191.759766;14.474864;17.788885;2.153936;-4.360675;2.281662;12.238025877250
11443566;0;-30.593803;-68.815666;70.277802;-180.275284;-86.685593;-195.270782;14.236450;16.839024;1.784729;-4.572863;2.999300;12.848375877250
11443590;0;-31.302422;-69.227592;70.841492;-180.221802;-86.486069;-198.828720;13.538361;16.435619;1.903257;-5.304812;2.553463;12.478825877250
11443614;0;-32.031528;-69.626007;71.383720;-180.161697;-86.300964;-202.488235;14.511106;15.929220;1.584457;-5.378712;2.501000;13.210763877250
11443638;0;-32.781654;-70.008858;71.903839;-180.094681;-86.132393;-206.251083;15.903470;15.531535;1.510886;-4.589550;3.380775;12.824525877250
11443662;0;-33.553093;-70.373627;72.398972;-180.023819;-85.976532;-210.056305;15.523911;15.960690;0.942771;-4.336825;2.384175;12.857912877250
11443686;0;-34.345406;-70.719215;72.865051;-179.950256;-85.839035;-213.924042;13.456340;15.048981;0.352857;-4.901875;1.614087;12.383450877250
11443710;0;-35.147362;-71.041870;73.296967;-179.873795;-85.720810;-217.840271;12.881274;14.123915;0.204357;-4.837512;1.451963;12.700550877250
11443734;0;-35.949024;-71.337624;73.690697;-179.795227;-85.625015;-221.741623;14.491079;13.591764;0.010893;-4.508488;2.291200;12.958038877250
11443758;0;-36.749718;-71.604088;74.045036;-179.717560;-85.544746;-225.592163;13.052940;13.320920;-0.438686;-5.023475;0.789163;11.55613777250
11443782;0;-37.546185;-71.840645;74.359459;-179.641846;-85.488152;-229.382034;11.267660;13.140676;-0.790186;-5.233287;1.256462;11.88755077250
11443806;0;-38.330563;-72.049019;74.633591;-179.566620;-85.449768;-233.114105;11.672015;12.863154;-1.271107;-4.808900;1.392363;12.35485077250
11443830;0;-39.099407;-72.230255;74.870750;-179.493622;-85.429314;-236.758484;13.863561;11.739730;-1.662114;-4.034038;1.668925;12.01867677250
11443854;0;-39.858913;-72.383965;75.071777;-179.427185;-85.423698;-240.335800;12.269970;11.943815;-1.927778;-5.452625;1.206388;11.60143877250
11443878;0;-40.607864;-72.511215;75.239944;-179.362762;-85.428886;-243.860748;10.951040;12.391089;-2.516336;-4.916187;-0.936975;11.4893887250
11443902;0;-41.340958;-72.615082;75.376831;-179.303604;-85.449539;-247.304230;11.267660;12.025830;-2.810614;-5.769725;-2.043237;11.0697637250
11443926;0;-42.056763;-72.697426;75.482483;-179.246078;-85.484489;-250.667145;12.949941;10.728835;-3.249300;-4.639625;-3.106588;10.8695007250
11443950;0;-42.761360;-72.757401;75.559723;-179.196472;-85.532944;-253.973618;11.354445;10.593410;-3.634857;-5.302425;-3.211488;10.8718767250
11443974;0;-43.451885;-72.797813;75.609177;-179.150955;-85.591293;-257.180725;10.102270;9.938240;-3.952293;-5.364412;-4.007813;10.96963767250
11443998;0;-44.124050;-72.816803;75.632683;-179.109909;-85.662781;-260.325195;11.260030;10.689734;-4.404607;-5.192750;-2.427100;10.6596877250
11444022;0;-44.778297;-72.814789;75.619545;-179.073975;-85.738678;-263.410614;12.367245;7.144925;-7.950915;-4.792212;-3.387925;9.856213877250
11444046;0;-45.419643;-72.798149;75.585388;-179.043930;-85.821724;-266.412750;9.880065;5.769725;-6.588521;-4.799363;-3.545275;10.406962877250
11444070;0;-46.045372;-72.772034;75.549950;-179.019211;-85.912407;-269.329254;9.121890;5.169865;-8.445464;-4.830350;-3.409375;10.755051877250
11444094;0;-46.651741;-72.733040;75.498566;-178.998520;-86.008766;-272.175293;9.613035;4.999160;-8.371893;-4.191388;-3.180500;9.8323751877250
11444118;0;-47.238949;-72.681480;75.431450;-178.983337;-86.108078;-274.952332;10.686870;4.694935;-8.463171;-3.914825;-3.752700;9.465213877250
11444142;0;-47.811653;-72.618958;75.348907;-178.973755;-86.213409;-277.657074;10.017395;4.630085;-8.405957;-4.169938;-2.872937;9.996887877250
11444166;0;-48.369133;-72.545715;75.254875;-178.968719;-86.318390;-280.281189;8.712765;3.977775;-9.129386;-4.389275;-3.969663;9.7370137877250
11444190;0;-48.907650;-72.463356;75.146629;-178.967453;-86.428276;-282.818512;8.427615;4.501340;-8.772436;-4.138937;-3.833763;9.0813627877250
11444214;0;-49.425995;-72.373207;75.028206;-178.968094;-86.541214;-285.302155;9.880065;4.225730;-9.050364;-2.579688;-3.054137;9.1171257877250
11444238;0;-49.929081;-72.275360;74.900421;-178.970123;-86.652359;-287.699982;9.006500;4.216190;-9.242465;0.190725;-3.836150;9.25778857877250
11444262;0;-50.416382;-72.171059;74.764412;-178.976791;-86.766708;-290.016876;7.750510;4.337310;-9.202957;2.901550;-3.690712;8.93115057877250
11444286;0;-50.885891;-72.062393;74.620697;-178.989975;-86.879204;-292.265320;8.034705;4.204750;-8.904593;4.003037;-4.148475;8.55206357877250
11444310;0;-51.337112;-71.949738;74.471626;-179.008133;-86.993164;-294.443909;8.342740;4.320140;-8.829657;4.503725;-3.728863;8.47338857877250
11444334;0;-51.771698;-71.832802;74.317421;-179.029327;-87.105980;-296.538788;7.783885;4.605290;-8.934565;4.544250;-3.676413;8.60928757877250
11444358;0;-52.189693;-71.713379;74.159912;-179.052399;-87.217026;-298.560425;7.480620;5.021095;-8.889600;4.820813;-3.631112;8.20397557877250
11444382;0;-52.591805;-71.592331;73.999969;-179.077484;-87.327782;-300.507416;6.895065;4.969595;-8.867807;4.861350;-3.449912;7.61746357877250
11444406;0;-52.976238;-71.470451;73.838409;-179.104523;-87.435417;-302.390198;6.968495;5.053520;-9.303772;4.656312;-3.204338;7.47441357877250
11444430;0;-53.343304;-71.348244;73.675545;-179.132553;-87.541840;-304.195251;7.832525;5.091665;-8.914128;4.799363;-2.810950;7.55310057877250
11444454;0;-53.695065;-71.226395;73.512436;-179.161484;-87.645233;-305.915039;7.394790;5.084035;-8.780614;4.725450;-2.958762;7.37905057877250
11444478;0;-54.031452;-71.104919;73.351440;-179.190781;-87.746307;-307.559875;6.533620;5.252835;-9.134836;4.892337;-2.374638;6.96420057877250
11444502;0;-54.351978;-70.985321;73.191116;-179.220932;-87.843056;-309.152283;5.480765;5.259510;-8.841922;5.068775;-3.030300;7.09532557877250
11444526;0;-54.655289;-70.867882;73.033417;-179.250702;-87.935860;-310.654083;6.012915;5.159375;-8.603499;5.607600;-3.242487;6.47543857877250
11444550;0;-54.942112;-70.752380;72.878609;-179.281296;-88.026306;-312.081360;6.545065;5.617140;-8.570807;5.595675;-3.499975;6.41583757877250
11444574;0;-55.215275;-70.640114;72.728348;-179.313324;-88.114662;-313.444336;5.609510;5.702015;-8.576250;4.906650;-2.789488;6.64472557877250
11444598;0;-55.473530;-70.531822;72.583099;-179.343872;-88.196632;-314.732300;4.920955;5.791660;-8.818757;4.885187;-3.299712;6.17980057877250
11444622;0;-55.714920;-70.426933;72.441925;-179.372772;-88.277122;-315.945007;5.295750;6.178855;-8.448186;5.309575;-2.381800;6.14642557877250
11444646;0;-55.940525;-70.326683;72.307068;-179.401581;-88.351860;-317.091980;5.671500;5.837440;-8.617128;5.204675;-3.061287;5.42878757877250
11444670;0;-56.151836;-70.230721;72.177231;-179.430435;-88.421173;-318.158447;5.121230;5.670545;-8.237014;4.844663;-3.566737;5.70535057877250
11444694;0;-56.349514;-70.139397;72.054657;-179.456757;-88.489464;-319.159241;4.689215;6.081580;-8.331021;5.149837;-2.660750;5.41686257877250
11444718;0;-56.532314;-70.053505;71.939178;-179.481201;-88.550331;-320.085327;4.561420;6.764410;-8.073529;5.745887;-3.466600;4.88042557877250
11444742;0;-56.700089;-69.973969;71.831367;-179.505356;-88.609802;-320.931702;4.099845;6.768225;-8.063993;5.838862;-2.543925;5.13076357877250
11444766;0;-56.853138;-69.900368;71.730980;-179.528900;-88.661934;-321.709198;4.306790;6.240840;-7.901871;5.369175;-3.032675;5.21658857877250
11444790;0;-56.991325;-69.832329;71.639778;-179.550781;-88.709793;-322.424927;4.406925;6.855960;-8.016307;4.901875;-3.266325;4.56093757877250
11444814;0;-57.116043;-69.771469;71.555786;-179.569977;-88.752708;-323.058319;4.047390;6.340025;-7.700235;4.918575;-3.614425;4.71591257877250
11444838;0;-57.227180;-69.715660;71.480522;-179.586624;-88.794121;-323.620972;3.357885;7.298465;-7.333750;5.197525;-2.195825;4.37736357877250
11444862;0;-57.322815;-69.667953;71.415855;-179.601776;-88.829239;-324.128143;3.465650;6.628990;-7.551736;5.154600;-2.095688;3.02313857877250
11444886;0;-57.404575;-69.626503;71.359802;-179.615219;-88.856834;-324.537292;2.955435;7.010455;-7.329664;5.085463;-2.784725;4.31537557877250
11444910;0;-57.472054;-69.591217;71.313400;-179.626434;-88.880653;-324.893524;3.280635;7.423400;-7.168900;5.002012;-2.801413;3.66210057877250
11444934;0;-57.526470;-69.564583;71.276825;-179.635498;-88.899948;-325.167511;2.548215;6.697650;-7.028578;4.825588;-2.710813;3.81707557877250
11444958;0;-57.566227;-69.544258;71.250130;-179.642365;-88.914383;-325.395782;2.653120;6.889340;-7.001328;4.723063;-2.758500;1.98125057877250
11444982;0;-57.592880;-69.531441;71.234055;-179.646820;-88.924103;-325.518311;2.667425;6.768225;-7.186614;4.701612;-2.694125;3.40700057877250
11445006;0;-57.607910;-69.524597;71.226685;-179.649292;-88.929634;-325.595734;2.679820;6.929395;-7.016315;4.701612;-2.787112;3.13758757877250
11445030;0;-57.613644;-69.523010;71.226563;-179.650543;-88.932411;-325.631744;2.691265;6.845470;-6.129400;4.618163;-2.751350;3.22818857877250
11445054;0;-57.614273;-69.522903;71.227531;-179.651016;-88.933250;-325.639313;2.660750;7.330890;-4.979536;4.527563;-2.784725;3.47613857877250
11445078;0;-57.614391;-69.522903;71.227859;-179.651230;-88.933533;-325.640259;2.687450;7.213590;-5.092614;4.401200;-2.746575;3.54766257877250
11445102;0;-57.614513;-69.522736;71.227791;-179.651230;-88.933655;-325.640656;3.019330;6.808280;-5.527221;4.332063;-2.729887;3.50475057877250
11445126;0;-57.614975;-69.522278;71.227631;-179.651306;-88.933701;-325.640594;3.101345;6.625175;-5.929129;4.212850;-2.679812;3.47136357877250
11445150;0;-57.588551;-69.522652;71.228142;-179.651306;-88.933754;-325.640747;-9.364125;7.483480;-4.953650;4.122250;-2.665513;3.4666007877250
11445174;0;-57.446960;-69.522560;71.228180;-179.651779;-88.933746;-325.640625;-26.775360;7.403370;-5.155286;3.638263;-2.667900;3.490438877250
11445198;0;-57.065151;-69.522781;71.228287;-179.654526;-88.934326;-325.640656;-47.016140;8.071895;-5.062643;1.537788;-2.324575;3.585813877250
11445222;0;-56.274117;-69.524063;71.228378;-179.655380;-88.934097;-325.640625;-69.073677;9.490010;-4.732943;1.215925;-2.305500;3.585813877250
11445246;0;-54.974014;-69.527321;71.229385;-179.656296;-88.934380;-325.640594;-70.668221;11.647220;-4.576272;0.278937;-1.928800;3.59535077250
11445270;0;-53.253380;-69.529251;71.229805;-179.656250;-88.933533;-325.641357;-50.189011;12.436865;-4.129407;-0.028600;-2.634525;3.7193257250
11445294;0;-51.324402;-69.528297;71.230377;-179.655365;-88.935425;-325.641937;-14.083859;10.965345;-4.029950;-0.069137;-0.817775;3.6668757250
11445318;0;-49.539627;-69.523956;71.250778;-179.653900;-88.924721;-325.641663;13.210295;8.070945;-0.475471;0.548362;1.411438;2.75135068757250
11445342;0;-48.165115;-69.524986;71.324272;-179.655106;-88.789818;-325.594452;29.631609;9.422300;0.622607;4.618163;7.491100;-2.98737568757250
11445366;0;-47.290199;-69.534271;71.478767;-179.669815;-88.380089;-325.283386;30.335426;9.963035;4.062650;8.320800;11.153213;-7.8272758757250
11445390;0;-46.881397;-69.550697;71.764099;-179.711441;-87.608749;-324.553497;20.361900;10.857580;6.065364;7.410038;15.425674;-6.713863757250
11445414;0;-46.788433;-69.577538;72.214432;-179.779007;-86.380707;-323.454529;9.398459;11.610980;8.366444;6.465900;18.484589;-9.5009763757250
11445438;0;-46.834267;-69.616417;72.842056;-179.871414;-84.655220;-321.896790;6.078720;12.512205;9.014942;4.327288;18.928049;-10.025499757250
11445462;0;-46.937637;-69.665550;73.637436;-179.982727;-82.489792;-319.941895;5.379675;13.114924;9.480879;5.469313;20.203587;-11.126987757250
11445486;0;-47.061157;-69.724380;74.589752;-180.117508;-79.899307;-317.608673;6.505010;14.288899;10.995864;4.031650;22.497175;-11.91615057250
11445510;0;-47.202538;-69.796425;75.696106;-180.271286;-76.883751;-314.904999;7.838245;13.466835;11.829643;4.889963;21.765224;-13.45872457250
11445534;0;-47.364082;-69.880295;76.940498;-180.444092;-73.494057;-311.843048;6.819725;13.330455;11.790135;5.171288;22.232525;-12.68625057250
11445558;0;-47.539898;-69.970093;78.289871;-180.633453;-69.818222;-308.528107;6.084440;13.441084;11.672972;4.155625;20.148750;-12.45975057250
11445582;0;-47.723698;-70.061760;79.710922;-180.831863;-65.953926;-305.054413;6.170270;13.620375;10.190686;4.787437;20.465849;-13.19646357250
11445606;0;-47.911762;-70.153969;81.169739;-181.035706;-61.991928;-301.475403;5.878445;13.642309;9.598050;3.893375;19.736286;-12.493125357250
11445630;0;-48.102177;-70.246460;82.635719;-181.239594;-58.008404;-297.881775;5.493160;14.571185;9.482243;4.668225;21.057125;-12.147425357250
11445654;0;-48.294029;-70.339684;84.106628;-181.444443;-54.023540;-294.311462;5.135535;14.129636;9.329658;4.773138;19.319050;-12.326238357250
11445678;0;-48.484390;-70.434349;85.574310;-181.649002;-50.039959;-290.742371;5.485530;13.499255;9.136192;5.366800;18.720625;-12.433525357250
11445702;0;-48.674541;-70.526505;87.045876;-181.853653;-46.057774;-287.151306;5.689620;13.361929;9.057178;5.898475;19.609924;-13.017650357250
11445726;0;-48.865398;-70.619789;88.513596;-182.058456;-42.073853;-283.562408;5.166050;13.682365;9.277885;5.714888;21.936888;-12.576575357250
11445750;0;-49.056011;-70.711700;89.983749;-182.263474;-38.088478;-279.992889;5.210875;14.374730;9.807858;5.564687;19.595613;-12.190337357250
11445774;0;-49.246689;-70.805283;91.451523;-182.468506;-34.105133;-276.425690;4.869460;14.077185;9.213850;5.211825;19.218912;-12.722013357250
11445798;0;-49.436588;-70.897675;92.921432;-182.672165;-30.121925;-272.847656;5.524635;13.766284;9.460443;5.984300;19.690987;-12.292850357250
11445822;0;-49.627750;-70.989204;94.388817;-182.877579;-26.137970;-269.260986;4.948615;14.462469;9.348728;4.765975;22.380350;-12.609950357250
11445846;0;-49.817627;-71.081291;95.857605;-183.082092;-22.153135;-265.670929;5.427360;14.606474;10.254722;4.739750;19.230839;-12.40491357250
11445870;0;-50.007954;-71.175507;97.326782;-183.286774;-18.170227;-262.097656;5.145070;14.585490;9.441371;4.658688;19.400112;-11.916150357250
11445894;0;-50.198204;-71.269859;98.795326;-183.490601;-14.187911;-258.538727;5.353925;13.610835;10.209764;5.655288;20.594587;-12.28093757250
11445918;0;-50.388683;-71.364288;100.263878;-183.694962;-10.203440;-254.956085;5.452155;13.326640;9.351457;5.671975;22.552011;-12.17602557250
11445942;0;-50.579021;-71.456581;101.732147;-183.900482;-6.218422;-251.367203;5.541800;13.595579;10.769707;5.183212;19.688601;-12.05920057250
11445966;0;-50.769691;-71.548965;103.200806;-184.104843;-2.234675;-247.785965;5.593295;14.345164;9.892322;5.934237;19.955626;-12.962812057250
11445990;0;-50.961071;-71.642220;104.668442;-184.309814;1.748430;-244.215179;4.810330;13.572690;10.701586;5.595675;21.030899;-12.371538057250
11446014;0;-51.151234;-71.734962;106.138741;-184.514145;5.733262;-240.648300;5.406375;13.520239;9.657993;6.105887;21.839138;-12.4073008057250
11446038;0;-51.340408;-71.829361;107.604965;-184.718887;9.717858;-237.071793;6.017680;12.606619;10.799679;5.738725;19.590851;-12.257088057250
11446062;0;-51.531162;-71.922150;109.074196;-184.924789;13.700109;-233.483139;5.440710;13.780589;10.292865;4.072187;19.755362;-12.99381357250
11446086;0;-51.723106;-72.015358;110.541611;-185.128891;17.683153;-229.906723;4.574775;13.050075;11.292865;4.332063;21.276463;-13.21553757250
11446110;0;-51.913094;-72.108513;112.011826;-185.333557;21.667267;-226.325623;5.331990;13.157840;9.824207;4.460800;21.903511;-12.152187757250
11446134;0;-52.102573;-72.201691;113.477859;-185.537704;25.652506;-222.766556;5.780220;12.208935;11.268343;4.985325;19.958012;-12.70532457250
11446158;0;-52.293262;-72.293579;114.948532;-185.742386;29.634281;-219.193771;5.397795;13.085365;10.228836;4.642000;19.497862;-12.89843857250
11446182;0;-52.485161;-72.386436;116.414780;-185.946823;33.617161;-215.599045;4.517555;13.041494;11.577600;4.961488;22.263525;-12.91275057250
11446206;0;-52.674545;-72.478584;117.883995;-186.152374;37.604710;-211.996475;5.480765;13.238905;10.704308;4.761212;21.567337;-11.44170057250
11446230;0;-52.864037;-72.572311;119.351730;-186.357147;41.590153;-208.434525;5.828855;12.042994;11.054442;5.450238;19.645687;-11.28672557250
11446254;0;-53.054749;-72.665550;120.822411;-186.560989;45.573338;-204.867142;5.450245;12.155530;10.655265;6.403913;18.455975;-11.73972557250
11446278;0;-53.245777;-72.760986;122.287170;-186.766403;49.556328;-201.300018;5.442615;11.365890;11.766978;5.528925;21.035662;-12.45736257250
11446302;0;-53.435917;-72.853256;123.758972;-186.971680;53.540619;-197.708694;5.722045;12.236595;10.773793;4.925725;20.024775;-12.02821357250
11446326;0;-53.626289;-72.946220;125.224487;-187.176514;57.525673;-194.122620;5.558010;11.493680;11.294229;4.506100;18.897051;-12.40252557250
11446350;0;-53.817856;-73.037628;126.695839;-187.379868;61.507236;-190.562195;4.999160;11.624334;10.944093;5.493163;18.897051;-12.18795057250
11446374;0;-54.007900;-73.130821;128.161346;-187.584930;65.490486;-186.991226;5.797385;11.497496;11.959071;4.734987;21.750925;-12.16650057250
11446398;0;-54.197083;-73.223198;129.632935;-187.790070;69.475502;-183.408524;6.276130;11.860846;11.523108;4.398812;20.267962;-12.51458857250
11446422;0;-54.388233;-73.317734;131.097931;-187.994400;73.460594;-179.813843;5.805965;11.207580;11.704307;4.754062;18.966188;-12.15218757250
11446446;0;-54.579681;-73.409813;132.568192;-188.197861;77.442642;-176.238770;5.148885;11.018750;11.772422;5.824563;18.305775;-12.07827557250
11446470;0;-54.769207;-73.504250;134.034546;-188.402222;81.425621;-172.678802;6.011960;10.247230;12.382778;6.241787;21.746149;-12.50981257250
11446494;0;-54.959305;-73.595863;135.504852;-188.608246;85.410042;-169.104065;6.052970;11.352535;12.702936;5.466938;20.732876;-11.80410057250
11446518;0;-55.150906;-73.688873;136.972458;-188.812714;89.395065;-165.523575;5.247115;11.202810;11.880057;5.986688;19.400112;-12.23325057250
11446542;0;-55.341915;-73.780708;138.441818;-189.016815;93.377220;-161.936310;5.353925;10.775565;12.520379;5.972375;18.935200;-12.40252557250
11446566;0;-55.530636;-73.873543;139.907028;-189.221954;97.360619;-158.358734;5.800245;10.647770;10.969978;5.645750;20.835388;-12.52650157250
11446590;0;-55.710033;-73.963249;141.306290;-189.420319;101.219704;-154.884201;3.703115;10.449405;4.416872;4.723063;10.082713;-9.062287157250
11446614;0;-55.863480;-74.039230;142.475388;-189.586594;104.431267;-151.947067;1.847265;9.193419;-1.269743;3.240100;4.372587;-6.6280267157250
11446638;0;-55.975452;-74.093864;143.335907;-189.704803;106.764420;-149.851944;1.416205;7.805820;-3.031322;4.594325;-0.441063;-4.935262157250
11446662;0;-56.043041;-74.126610;143.871445;-189.779907;108.213730;-148.528503;1.344680;8.331295;-5.963186;3.509512;-3.015988;-2.379413157250
11446686;0;-56.071613;-74.133316;144.101212;-189.809402;108.798256;-148.002304;0.619885;7.471080;-5.893707;4.129400;-3.306862;-0.367162157250
11446710;0;-56.074142;-74.130280;144.137894;-189.812302;108.863358;-147.975388;0.773425;5.546565;-2.369193;4.670612;3.290175;-2.6369002157250
11446734;0;-56.074043;-74.130127;144.129425;-189.812744;108.866447;-147.979065;1.172065;5.901335;-1.772472;4.529950;3.943437;-2.0647002157250
11446758;0;-56.074165;-74.130569;144.127380;-189.812866;108.866882;-147.982422;1.414295;6.789205;-1.922329;4.553787;3.821837;-1.4901132157250
11446782;0;-56.074669;-74.126961;144.131271;-189.813065;108.867538;-147.985779;1.779555;2.924915;0.705714;4.749288;3.795613;-0.97990032157250
11446806;0;-56.076340;-74.111015;144.148346;-189.814514;108.871460;-147.992233;3.008840;1.029010;1.035414;5.457400;4.539487;-0.69617532157250
11446830;0;-56.080021;-74.073067;144.175873;-189.820328;108.885239;-148.002701;3.832815;0.229835;1.595357;6.258488;4.799363;-0.59365032157250
11446854;0;-56.088326;-74.003876;144.220093;-189.833664;108.914024;-148.010437;3.848075;-1.638410;2.520422;6.623262;5.354875;-0.2765632157250
11446878;0;-56.099102;-73.894325;144.289978;-189.857147;108.962723;-148.019104;4.857060;-3.266330;2.986357;6.496901;5.764950;-0.0524502157250
11446902;0;-56.113834;-73.734474;144.388702;-189.890564;109.034149;-148.034317;5.151745;-3.739355;2.949571;6.546962;6.353850;0.17642502157250
11446926;0;-56.132973;-73.521065;144.515823;-189.932938;109.130440;-148.052567;5.061145;-3.301620;3.411429;7.216925;5.848400;0.42200002157250
11446950;0;-56.155670;-73.256592;144.671951;-189.987717;109.249641;-148.073837;5.355830;-4.908560;3.523143;6.527900;5.564687;0.68425002157250
11446974;0;-56.182335;-72.936401;144.855728;-190.052246;109.390724;-148.098251;5.528450;-5.771635;3.614422;6.422987;6.353850;1.11341202157250
11446998;0;-56.213745;-72.557457;145.064575;-190.127075;109.556648;-148.128448;5.074500;-5.877490;4.275186;5.841250;6.530275;1.49726202157250
11447022;0;-56.248581;-72.118874;145.298431;-190.209763;109.746834;-148.164215;5.305290;-6.533620;4.246571;6.277550;6.291862;1.80482502157250
11447046;0;-56.286903;-71.619904;145.553802;-190.304108;109.960716;-148.205063;5.324360;-8.138655;4.773814;5.207050;6.668562;2.23636202157250
11447070;0;-56.329475;-71.054634;145.829544;-190.406540;110.201088;-148.255386;5.079265;-8.380885;4.423686;5.180825;6.279937;2.54153802157250
11447094;0;-56.374981;-70.420387;146.121277;-190.517242;110.463974;-148.319412;5.115505;-8.737560;4.573543;5.393025;7.336137;2.34841302157250
11447118;0;-56.423363;-69.716110;146.427261;-190.638153;110.753235;-148.391739;4.812240;-9.416580;5.078993;4.770750;6.270400;2.02178702157250
11447142;0;-56.474472;-68.940186;146.742950;-190.764648;111.065697;-148.466766;4.665370;-11.075970;5.442750;6.186950;6.372925;2.1457622157250
11447166;0;-56.527645;-68.086349;147.068069;-190.900330;111.400993;-148.546005;4.545210;-11.349675;4.818779;6.024825;7.684225;2.5415382157250
11447190;0;-56.582645;-67.151276;147.394821;-191.042938;111.759682;-148.648499;4.657745;-10.986325;5.324222;5.364412;7.393350;1.8882752157250
11447214;0;-56.638302;-66.135368;147.722504;-191.190887;112.140739;-148.751602;4.723545;-12.341495;4.802429;5.929462;6.022450;1.8739632157250
11447238;0;-56.696266;-65.037560;148.044250;-191.343552;112.538574;-148.851883;4.224775;-13.490675;4.677085;5.326262;7.550713;2.6845872157250
11447262;0;-56.753525;-63.851265;148.356354;-191.499176;112.953156;-148.974777;4.292485;-13.215065;5.138936;6.599425;7.333750;2.4986252157250
11447286;0;-56.810226;-62.578136;148.653900;-191.657806;113.380363;-149.109390;4.252430;-13.549800;5.234307;6.647100;7.617463;2.2697372157250
11447310;0;-56.864937;-61.219807;148.934814;-191.814285;113.815735;-149.268204;4.570005;-14.250755;4.395072;8.234975;7.040500;0.8177752157250
11447334;0;-56.918716;-59.776546;149.190247;-191.971451;114.252365;-149.398621;3.999710;-15.295026;4.254743;6.642337;6.885525;1.9049632157250
11447358;0;-56.968681;-58.247589;149.417343;-192.121811;114.681648;-149.542374;4.188535;-14.146800;3.817422;6.625650;8.201588;1.8668122157250
11447382;0;-57.014671;-56.639927;149.608765;-192.264893;115.100601;-149.688828;3.915785;-15.074725;3.820143;4.134175;6.678100;2.1553002157250
11447406;0;-57.055527;-54.958393;149.763702;-192.393539;115.494347;-149.840637;3.461835;-13.479230;2.938679;5.929462;6.506438;1.8954252157250
11447430;0;-57.089222;-53.217972;149.870224;-192.508026;115.852211;-149.980545;3.528590;-12.548445;2.448214;4.673000;5.958075;1.9025752157250
11447454;0;-57.115425;-51.433353;149.927261;-192.599579;116.161339;-150.116638;3.195760;-11.455535;1.645764;5.719650;5.886550;1.4472002157250
11447478;0;-57.132324;-49.630177;149.910263;-192.668793;116.408379;-150.217621;2.470015;-7.452010;-2.528593;3.578662;5.486000;2.1147632157250
11447502;0;-57.137695;-47.841030;149.845337;-192.707031;116.584251;-150.312759;1.764295;-7.442470;-1.002714;4.894725;4.992475;1.5974002157250
11447526;0;-57.132763;-46.088173;149.755539;-192.716370;116.680420;-150.369080;-1.457210;-2.768515;-4.239757;2.589225;3.991125;1.981250157250
11447550;0;-57.119732;-44.403606;149.617645;-192.702972;116.695457;-150.396225;-3.016470;-1.799580;-3.617150;-3.113738;1.966950;2.21251257250
11447574;0;-57.100220;-42.802219;149.442368;-192.652313;116.636627;-150.397125;-4.485130;-0.662800;-3.890986;-3.690712;-2.546300;2.2840387250
11447598;0;-57.071590;-41.298355;149.231369;-192.570969;116.491676;-150.391174;-4.111285;1.192090;-4.108972;-4.279613;-2.889625;0.90360087250
11447622;0;-57.035522;-39.895412;148.991669;-192.465729;116.276192;-150.355789;-4.471775;1.020430;-3.133500;-4.367825;-3.125662;0.01191287250
11447646;0;-56.993599;-38.590897;148.731766;-192.341568;116.000694;-150.287460;-4.713055;2.064700;-4.223414;-4.901875;-3.042212;-1.0466507250
11447670;0;-56.946224;-37.383068;148.452240;-192.202637;115.674942;-150.191635;-4.649160;2.635000;-3.423686;-6.506438;-3.507125;-1.5425627250
11447694;0;-56.893997;-36.266617;148.162079;-192.049057;115.306137;-150.080093;-4.276275;4.361150;-4.445479;-4.112713;-3.170963;-2.2339757250
11447718;0;-56.837997;-35.237320;147.860733;-191.889069;114.903305;-149.954086;-3.923415;4.998205;-2.910064;-5.109300;-3.676413;-2.7608757250
11447742;0;-56.780628;-34.290737;147.555710;-191.723297;114.473656;-149.802216;-4.306790;4.604335;-2.388272;-4.737375;-2.646437;-2.0885377250
11447766;0;-56.721798;-33.421082;147.252457;-191.554367;114.026962;-149.656052;-4.015920;5.634305;-3.235679;-3.931513;-3.139963;-2.2196757250
11447790;0;-56.662140;-32.625374;146.948746;-191.385391;113.570198;-149.503860;-3.544805;6.041525;-2.903250;-4.847037;-3.745550;-2.0480127250
11447814;0;-56.601627;-31.897497;146.651093;-191.218552;113.107246;-149.358490;-2.923010;6.081580;-2.434593;-4.439350;-2.734650;-2.2912007250
11447838;0;-56.543400;-31.235615;146.361084;-191.056305;112.647514;-149.223480;-3.245350;6.463050;-2.618514;-4.277225;-2.937312;-3.3259377250
11447862;0;-56.487083;-30.633486;146.080322;-190.898788;112.197670;-149.056046;-3.281590;7.023810;-1.694814;-4.529950;-3.702638;-1.5449507250
11447886;0;-56.432613;-30.088829;145.813934;-190.749435;111.759842;-148.916962;-3.406520;7.350920;-2.340586;-4.594325;-3.917212;-1.8548877250
11447910;0;-56.380188;-29.599102;145.561172;-190.608658;111.338829;-148.784058;-3.045080;7.522580;-1.728871;-4.930488;-1.895425;-1.5592507250
11447934;0;-56.331409;-29.161274;145.324661;-190.475677;110.943405;-148.675827;-3.288265;8.103370;-1.633507;-4.208087;-3.082750;-2.7227387250
11447958;0;-56.286388;-28.772644;145.106216;-190.354996;110.573761;-148.558167;-3.245350;7.887840;-1.125329;-4.553787;-2.665513;-2.2625887250
11447982;0;-56.244892;-28.429497;144.906784;-190.245728;110.234627;-148.451553;-2.676960;9.121890;-0.662121;-4.653925;-2.326962;-2.3365007250
11448006;0;-56.207439;-28.131933;144.728348;-190.147354;109.928024;-148.365356;-2.927780;9.938240;-0.262936;-4.439350;-1.564025;-2.8252507250
11448030;0;-56.174480;-27.878851;144.573547;-190.062469;109.658386;-148.274506;-2.805705;9.748455;-0.727514;-4.739750;-1.487725;-2.1147637250
11448054;0;-56.146957;-27.667233;144.439362;-189.988693;109.428192;-148.201324;-2.692220;10.520935;0.162121;-4.136550;-1.897800;-2.0909257250
11448078;0;-56.124020;-27.495670;144.331100;-189.928207;109.237152;-148.147766;-2.527235;10.929105;0.004086;-3.376000;-1.349437;-2.3674877250
11448102;0;-56.106827;-27.365021;144.246185;-189.882919;109.088562;-148.106018;-2.600665;11.417385;0.619886;-4.193775;-0.560275;-2.5224627250
11448126;0;-56.095169;-27.273989;144.187195;-189.850769;108.982292;-148.076569;-2.619740;11.181829;0.929150;-4.458425;-0.183575;-2.7322757250
11448150;0;-56.088634;-27.215364;144.152542;-189.829849;108.916931;-148.055679;-2.783775;11.931415;0.967293;-4.153250;-0.607962;-2.7036637250
11448174;0;-56.086105;-27.185461;144.136093;-189.818817;108.882904;-148.046005;-2.891540;11.138915;1.038136;-4.291525;-1.332750;-2.8514757250
11448198;0;-56.085514;-27.174616;144.134186;-189.814392;108.868858;-148.041733;-3.015515;10.794635;2.108979;-4.329675;-1.447200;-2.9087007250
11448222;0;-56.085018;-27.174475;144.137421;-189.813293;108.865494;-148.039429;-3.189085;10.939595;3.234314;-4.262913;-1.411438;-2.9182377250
11448246;0;-56.084557;-27.174925;144.137939;-189.813019;108.865005;-148.038635;-3.304480;11.412620;3.177093;-4.177088;-1.318450;-2.9182377250
11448270;0;-56.083866;-27.174837;144.137878;-189.812912;108.864815;-148.038177;-3.430365;11.114120;2.820150;-4.150863;-1.301762;-2.9516127250
11448294;0;-56.083248;-27.173990;144.137573;-189.812851;108.864693;-148.037796;-3.570555;9.289740;2.230228;-4.100788;-1.239775;-2.98022527250
11448318;0;-56.082581;-27.154051;144.127106;-189.812820;108.865799;-148.037750;-3.597255;6.504055;-0.512257;-3.917212;-0.066750;-2.9921507250
11448342;0;-56.081921;-27.097109;144.095917;-189.813126;108.880341;-148.038620;-3.612515;4.758830;-0.717979;-3.190038;3.907675;-2.80856307250
11448366;0;-56.081425;-26.986992;144.039764;-189.814117;108.932442;-148.039703;-3.690715;3.705020;-1.209800;-1.611700;5.691050;-2.15291307250
11448390;0;-56.080933;-26.809925;143.954742;-189.816162;109.025444;-148.042404;-3.647800;2.302165;-1.536771;0.627038;6.036750;-1.153938307250
11448414;0;-56.080502;-26.567896;143.838638;-189.820648;109.154945;-148.054810;-3.662105;2.614020;-1.890993;3.070825;6.582725;-0.236025307250
11448438;0;-56.080196;-26.279209;143.697006;-189.829224;109.310860;-148.078964;-3.688810;4.422185;-1.400536;4.405975;6.027212;0.3290125307250
11448462;0;-56.079910;-25.968603;143.545303;-189.840210;109.474014;-148.110321;-3.686900;6.511685;-1.098086;4.997250;5.691050;0.7390875307250
11448486;0;-56.079613;-25.654108;143.391861;-189.851990;109.634888;-148.138931;-3.721235;5.940435;-0.779286;5.028237;5.223750;1.2826875307250
11448510;0;-56.079437;-25.341503;143.238739;-189.863266;109.792458;-148.169678;-3.783225;6.381985;-0.927786;5.304812;5.695812;1.7285255307250
11448534;0;-56.079250;-25.029722;143.084824;-189.874161;109.947121;-148.200760;-3.776550;6.660460;-1.108986;5.433550;5.700587;2.0599255307250
11448558;0;-56.079041;-24.720194;142.929840;-189.884598;110.100388;-148.231476;-3.742215;6.186485;-0.953671;5.712500;5.750650;2.3460385307250
11448582;0;-56.078911;-24.412457;142.774246;-189.894760;110.251091;-148.265579;-3.772735;6.396290;-1.074921;6.000988;5.936613;2.3818005307250
11448606;0;-56.078800;-24.106157;142.617752;-189.904633;110.398300;-148.299103;-3.734585;6.305690;-1.129421;6.272788;6.093975;2.3555755307250
11448630;0;-56.078667;-23.801649;142.460495;-189.914261;110.544922;-148.331268;-3.763195;6.916045;-0.994543;6.752013;5.619525;2.2792755307250
11448654;0;-56.078568;-23.499130;142.303101;-189.924164;110.688339;-148.362610;-3.749845;6.239890;-1.085821;6.806849;4.525175;2.1624505307250
11448678;0;-56.078503;-23.198126;142.143997;-189.933792;110.828651;-148.389420;-3.747940;6.716725;-0.880100;7.114400;4.804125;2.3484135307250
11448702;0;-56.078415;-22.898354;141.984451;-189.943695;110.965462;-148.415237;-3.763195;6.640430;-0.716614;6.999963;5.598063;2.4700135307250
11448726;0;-56.078350;-22.600273;141.825302;-189.953445;111.102089;-148.438934;-3.756520;7.029530;-1.133507;6.983275;5.235662;2.6702885307250
11448750;0;-56.078293;-22.304268;141.665253;-189.963120;111.235641;-148.464645;-3.747940;6.424900;-0.961843;6.885525;5.357263;2.7799505307250
11448774;0;-56.078251;-22.009802;141.504272;-189.972839;111.366936;-148.490707;-3.727910;6.978985;-1.108986;6.694788;5.276200;2.8944005307250
11448798;0;-56.078205;-21.716742;141.342560;-189.981827;111.494537;-148.519287;-3.718375;6.734845;-1.110343;6.737700;6.103513;2.6535875307250
11448822;0;-56.078175;-21.425152;141.180313;-189.990997;111.623001;-148.549103;-3.718375;7.129665;-1.031329;6.589887;5.850788;2.3841755307250
11448846;0;-56.078117;-21.135344;141.017548;-189.999680;111.749504;-148.578308;-3.700255;6.702420;-1.151214;6.780612;4.715912;1.9693255307250
11448870;0;-56.078098;-20.847315;140.853928;-190.008331;111.872948;-148.601395;-3.686900;6.672855;-0.979557;6.799687;4.582400;2.0265505307250
11448894;0;-56.078110;-20.560408;140.689911;-190.017044;111.991913;-148.623383;-3.670690;7.069585;-0.907350;6.666175;5.905625;2.0027125307250
11448918;0;-56.078053;-20.274708;140.524139;-190.025482;112.112122;-148.644730;-3.640170;7.099150;-0.722064;6.806849;5.259512;2.0074755307250
11448942;0;-56.078064;-19.991173;140.359421;-190.034073;112.227951;-148.663452;-3.633495;7.222175;-0.874650;6.706712;5.533688;2.2649755307250
11448966;0;-56.078064;-19.708868;140.194046;-190.042526;112.342445;-148.682663;-3.623005;7.094380;-0.940050;6.561275;5.524150;2.3770255307250
11448990;0;-56.078064;-19.427992;140.027954;-190.050980;112.455040;-148.701538;-3.596305;6.890295;-1.031329;6.487363;5.502700;2.5177005307250
11449014;0;-56.078030;-19.148335;139.860962;-190.059372;112.565735;-148.721008;-3.561015;7.441520;-0.859664;6.301400;5.178450;2.7608755307250
11449038;0;-56.078018;-18.870634;139.693054;-190.067413;112.674629;-148.741379;-3.563880;7.387160;-0.814707;6.282325;5.493163;2.8276375307250
11449062;0;-56.078018;-18.593987;139.525833;-190.075699;112.781563;-148.761429;-3.535270;7.292745;-1.298357;5.984300;5.190362;2.9659255307250
11449086;0;-56.078018;-18.318779;139.356888;-190.083603;112.885902;-148.782928;-3.516195;7.672305;-0.916886;5.936613;5.593287;3.0183755307250
11449110;0;-56.078018;-18.045483;139.187149;-190.091248;112.988503;-148.805527;-3.515240;7.389065;-0.795636;5.931850;6.020062;2.9611505307250
11449134;0;-56.078018;-17.773199;139.017517;-190.099014;113.089424;-148.826614;-3.477095;7.075305;-0.822879;5.762575;5.841250;2.8657885307250
11449158;0;-56.078011;-17.501747;138.847931;-190.106186;113.189323;-148.847824;-3.457065;7.378575;-1.107621;5.884162;6.091588;2.7608755307250
11449182;0;-56.078018;-17.232176;138.677383;-190.113419;113.287094;-148.867264;-3.434180;7.439610;-0.896450;6.020062;5.853175;2.7990255307250
11449206;0;-56.078018;-16.963825;138.506424;-190.120773;113.382896;-148.885590;-3.421780;7.718085;-1.051764;5.993837;6.022450;2.8061755307250
11449230;0;-56.078018;-16.696779;138.334213;-190.127884;113.477394;-148.903809;-3.372190;7.482525;-0.824243;6.036750;5.619525;2.8276375307250
11449254;0;-56.078018;-16.430767;138.162292;-190.134888;113.568008;-148.918991;-3.368375;7.664680;-1.237050;6.065362;6.322850;3.0279125307250
11449278;0;-56.078018;-16.166426;137.989151;-190.141815;113.660576;-148.937134;-3.340720;7.701870;-0.794271;6.213187;5.044925;3.0422125307250
11449302;0;-56.078018;-15.903248;137.815948;-190.148880;113.748108;-148.954254;-3.340720;7.990835;-0.941407;6.141663;5.562300;3.0636755307250
11449326;0;-56.078018;-15.641367;137.641357;-190.155930;113.834793;-148.971344;-3.300665;7.966040;-0.683914;6.074900;5.173675;3.1113505307250
11449350;0;-56.078041;-15.380881;137.467346;-190.162476;113.918839;-148.988235;-3.260610;7.415770;-0.910071;6.241787;5.903238;3.0636755307250
11449374;0;-56.078018;-15.121912;137.292984;-190.169403;114.002632;-149.007919;-3.260610;6.918905;-0.874650;6.062975;5.881775;2.8872385307250
11449398;0;-56.078053;-14.863348;137.118073;-190.175964;114.082634;-149.027298;-3.200530;7.422445;-0.952307;6.074900;6.537425;2.6607505307250
11449422;0;-56.078018;-14.605906;136.941986;-190.182159;114.164680;-149.046951;-3.217695;7.954595;-1.004079;6.237025;5.216588;2.3889505307250
11449446;0;-56.078030;-14.350650;136.765762;-190.188461;114.243065;-149.063812;-3.166195;7.712360;-0.940050;6.289474;5.609988;2.2482755307250
11449470;0;-56.078030;-14.095789;136.589539;-190.194733;114.318695;-149.079376;-3.143310;8.165355;-0.994543;6.217950;6.151187;2.1076125307250
11449494;0;-56.078064;-13.842345;136.411957;-190.200668;114.394760;-149.094711;-3.119465;7.984160;-0.963207;6.370538;5.812637;1.9431005307250
11449518;0;-56.078064;-13.590033;136.233704;-190.206726;114.468803;-149.108932;-3.089900;7.872580;-0.811979;6.384838;5.247587;1.8143635307250
11449542;0;-56.078064;-13.338995;136.055740;-190.212646;114.539536;-149.123840;-3.029820;7.491110;-0.850129;6.446837;5.962838;1.5592505307250
11449566;0;-56.078075;-13.088781;135.878067;-190.218719;114.608177;-149.136124;-3.004070;7.787700;-0.953671;6.260862;6.730550;1.5449505307250
11449590;0;-56.078098;-12.839897;135.699234;-190.224670;114.679207;-149.148056;-2.966880;7.845875;-1.201629;6.144037;5.333413;1.5878625307250
11449614;0;-56.078075;-12.591991;135.519470;-190.230270;114.746513;-149.159698;-2.954480;7.788655;-0.964571;6.225100;5.981913;1.5521005307250
11449638;0;-56.078098;-12.345634;135.339127;-190.236008;114.811996;-149.171616;-2.942085;7.597920;-0.882829;6.041525;5.826950;1.5234875307250
11449662;0;-56.078098;-12.099749;135.159470;-190.241699;114.876602;-149.183350;-2.888675;8.088110;-1.129421;5.798337;5.495537;1.6212385307250
11449686;0;-56.078117;-11.854831;134.977905;-190.246872;114.938751;-149.194016;-2.874370;8.180615;-0.899179;5.874625;6.272788;1.6283885307250
11449710;0;-56.078117;-11.611373;134.795990;-190.252274;115.000587;-149.204056;-2.850530;8.129115;-0.738414;5.626675;5.559912;1.7285255307250
11449734;0;-56.078117;-11.369355;134.614319;-190.257477;115.060173;-149.214813;-2.807615;7.948874;-0.794271;5.407325;5.850788;1.8000505307250
11449758;0;-56.078117;-11.127393;134.432922;-190.262299;115.117706;-149.225754;-2.771375;8.176800;-0.959121;5.419250;6.134500;1.8668125307250
11449782;0;-56.078117;-10.886935;134.250397;-190.267105;115.174881;-149.236893;-2.741810;8.180615;-1.098086;5.314350;5.817412;1.9121125307250
11449806;0;-56.078129;-10.647257;134.066971;-190.271957;115.232735;-149.247757;-2.699850;8.481975;-0.839229;5.195138;5.068775;1.9955635307250
11449830;0;-56.078152;-10.408854;133.883392;-190.276398;115.285271;-149.258392;-2.663610;8.410450;-1.013614;5.159375;5.717275;2.0813885307250
11449854;0;-56.078175;-10.171473;133.700226;-190.280838;115.337502;-149.268753;-2.676960;8.172035;-0.997264;5.114075;5.815025;2.1290755307250
11449878;0;-56.078186;-9.935024;133.515549;-190.285202;115.388588;-149.278702;-2.623555;8.344650;-1.065386;5.154600;5.755413;2.19821255307250
