# Temp Start [C] | A1:321.0 | A2:328.0 | A3:315.0 | A4:319.0 | A5:314.0 | A6:313.0
Time;Label;A1;A2;A3;A4;A5;A6;Cur1;Cur2;Cur3;Cur4;Cur5;Cur6
16823111;0;0.625979;-89.518433;90.283318;4.940074;90.483208;-143.840836;-2.363200;0.567435;-8.420942;-3.495213;-0.987050;0.000000
16823135;0;0.609928;-89.519196;90.318253;4.923213;90.484978;-143.838882;8.179660;3.113745;4.632128;10.108937;0.665188;-0.68902500
16823159;0;0.507502;-89.545113;90.571907;4.462766;90.548111;-143.738510;19.387245;10.015485;17.151150;29.623499;5.989062;-6.625650
16823183;0;0.230383;-89.653015;91.334541;2.794492;90.792442;-143.167480;29.451370;13.110159;28.885427;48.344128;12.013901;-8.869163
16823207;0;-0.294950;-89.871780;92.807175;-0.532264;91.301956;-141.971680;32.617565;14.855380;31.711029;58.193199;9.930125;-9.968275
16823231;0;-1.098512;-90.211113;95.028862;-5.609428;92.065338;-140.160400;29.542919;15.814779;35.198750;59.382908;13.778199;-11.124599
16823255;0;-2.131205;-90.656425;97.921738;-12.282046;93.078224;-137.771393;23.312565;15.070915;27.221951;52.978985;11.281962;-11.479850
16823279;0;-3.308027;-91.157455;101.208450;-19.879211;94.228989;-135.041473;16.403194;13.407705;18.798279;41.897289;9.622562;-10.437963
16823303;0;-4.545473;-91.671051;104.632446;-27.736156;95.417404;-132.212341;12.557981;12.820239;14.572144;39.367676;8.747575;-9.4270623
16823327;0;-5.793717;-92.186386;108.081467;-35.624123;96.609421;-129.390228;11.475560;12.403485;15.085764;37.243362;8.878699;-9.6344873
16823351;0;-7.041105;-92.702538;111.534775;-43.511402;97.801743;-126.577583;12.154574;12.014385;16.692022;38.101662;8.316038;-9.6535633
16823375;0;-8.287756;-93.217400;114.990448;-51.398914;98.994553;-123.765587;12.107844;11.991500;17.220629;38.087360;7.336137;-9.4985883
16823399;0;-9.524993;-93.728493;118.420464;-59.253998;100.181274;-120.953209;7.663725;10.445590;9.580336;33.922188;7.905950;-9.03128783
16823423;0;-10.681348;-94.204788;121.631363;-66.685791;101.305923;-118.276093;0.116345;4.322050;-2.455029;20.027151;4.069800;-7.0953253
16823447;0;-11.657175;-94.532402;124.318390;-72.891304;102.244850;-116.045097;-6.831165;-9.297370;-9.577614;8.084763;3.240100;-4.501338
16823471;0;-12.379098;-94.549843;126.301979;-77.424019;102.936150;-114.415100;-10.213850;-30.728340;-13.874594;1.170625;-0.796312;-3.204338
16823495;0;-12.819463;-94.107460;127.530891;-80.216225;103.354591;-113.408615;-8.093830;-52.696220;-14.100750;-6.351463;-0.092975;-1.637925
16823519;0;-13.020908;-93.030457;128.094360;-81.412178;103.530830;-112.986839;-4.259105;-63.986771;-8.061271;-4.756450;1.492500;-1.18255025
16823543;0;-13.078334;-91.231422;128.263092;-81.668495;103.568878;-112.917725;-0.736235;-66.885941;-3.079000;2.629750;2.307888;-2.131450025
16823567;0;-13.080289;-88.771027;128.265198;-81.692734;103.571312;-112.915947;1.928325;-61.199181;-2.207072;5.648125;2.100462;-2.0813880025
16823591;0;-13.080135;-85.747513;128.241653;-81.694527;103.571503;-112.916405;1.886365;-46.383854;-1.715250;4.732600;1.964563;-1.6903870025
16823615;0;-13.080520;-82.340279;128.232544;-81.693886;103.571159;-112.917511;2.079960;-35.243031;-2.810614;4.003037;1.988400;-1.2707620025
16823639;0;-13.080740;-78.725449;128.223572;-81.693741;103.568962;-112.917778;2.470015;-26.230808;-2.715243;3.421300;3.533363;-0.9179000025
16823663;0;-13.080816;-75.017517;128.223618;-81.693474;103.569389;-112.919998;2.689360;-19.401550;0.179836;3.156650;2.655975;-0.62942500025
16823687;0;-13.081190;-71.279564;128.227570;-81.693382;103.569008;-112.920998;2.840040;-16.673084;1.134871;2.727500;3.190038;-0.32662500025
16823711;0;-13.081882;-67.541054;128.229279;-81.692665;103.569283;-112.923340;2.667425;-16.641615;1.194814;2.379413;2.932538;-0.10251300025
16823735;0;-13.081871;-63.802177;128.230469;-81.692261;103.569443;-112.924637;3.031730;-17.185209;1.923693;1.797675;3.018375;-0.01191200025
16823759;0;-13.082058;-60.059738;128.231384;-81.692162;103.569252;-112.925957;3.086090;-13.739584;2.280643;1.542562;3.359313;0.174038200025
16823783;0;-13.082641;-56.317478;128.231979;-81.692207;103.569374;-112.928993;2.800940;-14.171600;2.713879;1.294613;3.218650;0.367162200025
16823807;0;-13.082717;-52.575489;128.232788;-81.692093;103.569443;-112.931625;3.142355;-13.933180;3.110336;1.101488;3.352163;0.398150200025
16823831;0;-13.082772;-48.833515;128.233261;-81.691566;103.569435;-112.935303;3.152845;-12.436865;3.514964;0.863075;3.423687;0.383850200025
16823855;0;-13.083003;-45.091198;128.233871;-81.691063;103.569504;-112.938583;3.094670;-12.599945;3.876000;0.448225;3.459450;0.402925200025
16823879;0;-13.083113;-41.347794;128.234390;-81.691017;103.569595;-112.940163;3.184315;-11.513710;4.267007;0.212187;3.583425;0.429150200025
16823903;0;-13.083135;-37.603905;128.234879;-81.691185;103.569626;-112.941422;3.198620;-10.815619;4.610329;0.138275;3.635875;0.488750200025
16823927;0;-13.083244;-33.861389;128.235245;-81.691109;103.569695;-112.941940;3.255840;-10.798450;4.940029;-0.007150;3.695487;0.51497500025
16823951;0;-13.083399;-30.119293;128.235443;-81.690659;103.569786;-112.942451;3.255840;-10.060310;4.882807;-0.245562;3.757475;0.54358800025
16823975;0;-13.083399;-26.393324;128.233749;-81.690178;103.569801;-112.943550;3.315925;-5.639075;2.414157;-0.464913;3.752700;0.550738800025
16823999;0;-13.083399;-22.747797;128.225815;-81.689964;103.569870;-112.944603;3.368375;2.733230;0.668929;-0.624650;3.850450;0.5483628800025
16824023;0;-13.083530;-19.276863;128.215332;-81.689919;103.569725;-112.945061;3.253935;11.634825;0.020436;-0.665188;3.824225;0.531662800025
16824047;0;-13.083508;-16.098608;128.204666;-81.689842;103.569748;-112.945656;3.323550;23.041725;-0.446864;-0.538825;3.962512;0.54836200025
16824071;0;-13.083519;-13.335271;128.195755;-81.689247;103.569763;-112.946159;3.350255;31.514164;-0.561300;-0.650875;4.091262;0.55551200025
16824095;0;-13.083717;-11.068714;128.194702;-81.689438;103.569717;-112.946831;3.208160;37.298199;0.006807;-0.176425;4.124637;0.560275200025
16824119;0;-13.083673;-9.342049;128.195404;-81.689133;103.569710;-112.947014;3.122325;41.456219;0.440050;-0.891675;4.105562;0.5459755200025
16824143;0;-13.083838;-8.145736;128.202072;-81.689056;103.569832;-112.947205;3.375050;36.438938;3.796986;-0.634188;4.169938;0.5221255200025
16824167;0;-13.084036;-7.399896;128.212738;-81.689034;103.569954;-112.947662;3.047940;32.309528;3.816057;-0.791537;4.217612;0.5507385200025
16824191;0;-13.084068;-7.004674;128.220413;-81.688675;103.570114;-112.947906;3.082275;25.969505;4.806514;-0.491138;4.155625;0.4959005200025
16824215;0;-13.084068;-6.838451;128.226166;-81.688744;103.570259;-112.948502;3.054615;19.590374;6.078986;-0.622262;4.129400;0.4935255200025
16824239;0;-13.084156;-6.788046;128.231018;-81.688843;103.570557;-112.948830;3.016470;13.615605;5.232943;-0.693788;4.055500;0.4696755200025
16824263;0;-13.084167;-6.787013;128.229782;-81.688797;103.570770;-112.949150;2.984045;11.411665;3.693443;-0.700950;3.948200;0.4220005200025
16824287;0;-13.084167;-6.786255;128.229294;-81.688797;103.570816;-112.949081;2.980230;10.725975;3.663471;-0.760550;3.952975;0.4291505200025
16824311;0;-13.083574;-6.785354;128.228592;-81.707924;103.571533;-112.951462;2.116200;9.867665;3.228864;12.335775;4.367825;0.62942505200025
16824335;0;-13.082607;-6.783596;128.228195;-82.189148;103.592865;-113.017548;0.688550;9.757040;2.772464;28.510088;5.309575;3.59772505200025
16824359;0;-13.081839;-6.781146;128.228256;-83.913506;103.674202;-113.338516;0.180240;9.481430;2.974100;44.100277;5.350112;7.09532505200025
16824383;0;-13.081596;-6.778290;128.228394;-87.318527;103.834259;-114.064682;-0.068660;9.436605;2.967286;52.421085;5.664825;6.8807505200025
16824407;0;-13.081069;-6.776247;128.228439;-92.474770;104.075684;-115.145515;-0.251770;9.091375;3.151207;57.041637;6.449212;7.6961505200025
16824431;0;-13.081618;-6.774038;128.228760;-99.222977;104.392296;-116.566757;0.723835;9.374615;3.750664;52.199364;5.865088;7.31706205200025
16824455;0;-13.082344;-6.772588;128.228607;-106.872421;104.751564;-118.178207;1.565930;8.809085;3.549029;40.013786;4.780288;6.8569135200025
16824479;0;-13.082376;-6.771193;128.228119;-114.744316;105.118309;-119.830429;1.683235;8.710859;3.591264;34.561150;5.578988;6.3514635200025
16824503;0;-13.083003;-6.769995;128.228119;-122.620773;105.489647;-121.493484;2.681730;8.565900;3.749300;34.799576;4.320138;6.9260505200025
16824527;0;-13.092286;-6.765799;128.227478;-130.180801;105.840157;-123.081070;9.266850;5.932805;2.588543;14.441011;5.738725;5.0473125200025
16824551;0;-13.166949;-6.724885;128.199249;-136.537415;106.145523;-124.433533;19.612309;3.836630;0.625336;2.379413;4.360675;4.8923375200025
16824575;0;-13.338666;-6.622702;128.133469;-141.305862;106.402390;-125.474037;28.793329;0.654220;-1.715250;-1.113412;3.254412;4.16040000025
16824599;0;-13.694392;-6.420850;128.005096;-144.524475;106.623138;-126.270859;32.925606;-1.502035;-3.267015;-6.537425;4.856575;3.8576130025
16824623;0;-14.294849;-6.076868;127.779243;-146.337860;106.840279;-126.843155;42.138092;-5.634305;-4.275186;-1.764287;4.384512;4.1317880025
16824647;0;-15.177678;-5.562818;127.429573;-147.479675;107.095039;-127.388138;46.742435;-6.757735;-5.574907;12.104500;5.311963;4.3821250025
16824671;0;-16.347855;-4.876776;126.958832;-148.759796;107.426880;-128.080688;43.529510;-5.506515;-5.814686;15.680787;8.573524;4.2414620025
16824695;0;-17.784998;-4.042826;126.382347;-150.304459;107.835114;-128.913010;34.849163;-3.217695;-5.758829;16.911026;6.058212;4.7850500025
16824719;0;-19.411535;-3.097969;125.728470;-152.058136;108.296478;-129.866714;31.378746;-1.969335;-5.201607;16.355513;5.772113;4.4894120025
16824743;0;-21.170128;-2.080481;125.020172;-153.947098;108.794960;-130.887192;25.147434;0.118255;-5.352836;15.449512;5.190362;4.81127520025
16824767;0;-22.998198;-1.019498;124.284760;-155.908585;109.309402;-131.953918;20.620344;3.132820;-3.683907;15.137188;7.207388;4.67061220025
16824791;0;-24.864620;0.054261;123.544151;-157.886597;109.830399;-133.028671;19.378660;2.413745;-3.850114;15.068049;8.542538;4.463188220025
16824815;0;-26.738140;1.130977;122.805603;-159.863785;110.354568;-134.104172;17.692564;2.521510;-5.382807;15.852449;5.955688;4.098413220025
16824839;0;-28.610210;2.209713;122.061096;-161.841675;110.873657;-135.167969;17.869946;3.941535;-3.711150;14.984600;6.723400;4.813663220025
16824863;0;-30.482546;3.288043;121.318779;-163.820724;111.393944;-136.246277;18.058775;2.877235;-3.549029;14.402862;8.351800;4.630087220025
16824887;0;-32.353924;4.366154;120.579376;-165.798645;111.917305;-137.326782;17.554279;1.955985;-4.291529;15.540112;6.942738;3.824225220025
16824911;0;-34.224247;5.446417;119.836067;-167.777023;112.437248;-138.395111;19.487379;2.921100;-4.155293;15.442363;6.043900;4.391663220025
16824935;0;-36.098351;6.524879;119.093689;-169.753601;112.957138;-139.472839;16.994474;2.799985;-4.234307;15.075199;6.887913;4.107950220025
16824959;0;-37.969749;7.604692;118.351372;-171.731476;113.479774;-140.542786;17.015455;2.911565;-3.527229;15.676013;7.102487;4.081725220025
16824983;0;-39.839436;8.682891;117.609413;-173.710358;114.001076;-141.617706;19.438740;1.472470;-3.538129;15.544887;6.535050;4.043575220025
16825007;0;-41.713703;9.762649;116.868690;-175.688416;114.520607;-142.683273;16.976355;2.272605;-4.568093;15.978813;6.978500;4.563325220025
16825031;0;-43.584908;10.843594;116.124390;-177.664825;115.040756;-143.757416;16.989704;3.199575;-3.380093;16.176701;8.938313;4.47033720025
16825055;0;-45.454880;11.921726;115.381767;-179.643112;115.562965;-144.830109;18.656731;1.608845;-3.737036;15.709400;8.366099;4.41073820025
16825079;0;-47.328575;13.000177;114.641327;-181.621628;116.084457;-145.899796;16.808506;1.400945;-3.686629;15.590188;5.788800;5.01155020025
16825103;0;-49.198578;14.081748;113.899078;-183.600143;116.603844;-146.973038;17.255779;2.069470;-3.927771;15.799988;6.954662;4.86611220025
16825127;0;-51.052841;15.153508;113.157562;-185.573151;117.124985;-148.053680;12.595175;3.802295;-3.554479;15.933512;8.170600;4.02211220025
16825151;0;-52.826111;16.186651;112.435501;-187.499237;117.633652;-149.100647;0.657080;8.679385;-2.016336;13.718600;6.084438;4.122250220025
16825175;0;-54.425720;17.121357;111.776123;-189.258102;118.096298;-150.060364;-9.275434;14.377589;-0.490457;12.080663;5.624288;3.4260620025
16825199;0;-55.746475;17.886885;111.233101;-190.709717;118.476563;-150.863174;-18.789289;19.865986;0.637593;8.051387;5.850788;1.59025020025
16825223;0;-56.725311;18.441519;110.843079;-191.745056;118.750298;-151.422333;-23.204800;21.786686;2.926414;5.755413;4.167550;1.73567520025
16825247;0;-57.348072;18.783918;110.613914;-192.358307;118.910736;-151.743500;-22.693630;20.862576;2.437314;3.936287;4.580012;2.33172520025
16825271;0;-57.668400;18.951492;110.510574;-192.633636;118.983559;-151.899429;-12.386320;16.550060;3.237043;3.750312;4.844663;1.35421320025
16825295;0;-57.793293;19.012775;110.495445;-192.707169;119.001144;-151.933975;-1.183505;13.028140;4.006793;3.864763;5.655288;1.697538320025
16825319;0;-57.821033;19.020697;110.505562;-192.711731;119.003067;-151.935593;0.130650;11.484144;4.625314;4.711150;5.700587;1.5044138320025
16825343;0;-57.820496;19.020575;110.506210;-192.711731;119.003525;-151.935379;0.487325;11.343955;4.735672;4.308213;5.717275;1.3828258320025
16825367;0;-57.819035;19.022345;110.505226;-192.711609;119.003670;-151.935104;0.630375;10.394094;2.904614;3.826613;5.648125;1.1944758320025
16825391;0;-57.815586;19.017071;110.497421;-192.710983;119.002335;-151.934280;-1.993175;15.239716;0.128064;2.458087;3.979200;0.896450320025
16825415;0;-57.804062;18.997757;110.477234;-192.706238;118.986694;-151.927872;-3.798480;19.335745;-0.088550;-2.312650;-0.855912;0.314712025
16825439;0;-57.783451;18.954689;110.447762;-192.682327;118.923386;-151.909302;-4.706380;22.465704;-0.444136;-5.629063;-1.997937;-0.67948825
16825463;0;-57.754257;18.878345;110.406227;-192.633652;118.809868;-151.857132;-6.115910;22.190090;-1.158029;-6.401537;-1.032350;-0.82015025
16825487;0;-57.714664;18.771833;110.349297;-192.564377;118.655884;-151.789734;-6.419180;20.820614;-0.455036;-5.946150;-2.501000;-1.41143825
16825511;0;-57.666149;18.645052;110.283356;-192.482468;118.467590;-151.708801;-5.145070;19.064899;-0.554493;-5.857937;-2.079000;-2.11953725
16825535;0;-57.614765;18.510975;110.211105;-192.396835;118.266220;-151.619568;-5.620955;19.114491;0.029971;-5.276200;-0.314712;-2.405638725
16825559;0;-57.562714;18.375622;110.137894;-192.313614;118.067299;-151.535492;-5.481715;19.835470;-0.009536;-5.631437;-1.595012;-3.16857525
16825583;0;-57.509354;18.238611;110.063957;-192.231552;117.866425;-151.442596;-4.535675;19.308090;-0.168936;-5.722037;-1.523487;-3.17096325
16825607;0;-57.456322;18.103260;109.989044;-192.150848;117.665848;-151.348434;-3.823280;20.427700;-0.369207;-5.519388;-2.033700;-2.98737525
16825631;0;-57.405762;17.968678;109.912094;-192.070053;117.465446;-151.250504;-4.527090;20.196911;0.077650;-5.366800;-1.442425;-2.386563525
16825655;0;-57.355827;17.834326;109.836456;-191.990524;117.265396;-151.168777;-4.365920;20.209309;-0.544950;-4.856575;-1.618850;-2.87532525
16825679;0;-57.305038;17.699579;109.758530;-191.914322;117.065033;-151.086639;-3.770825;19.123074;-0.010893;-5.512238;-1.785750;-2.91823725
16825703;0;-57.255512;17.568237;109.680702;-191.838272;116.864388;-150.990479;-3.912925;20.247456;-0.311986;-5.886550;-1.957412;-2.03847525
16825727;0;-57.207581;17.437620;109.602661;-191.761673;116.662552;-150.907257;-3.470420;18.982883;-0.207079;-4.904263;-0.612725;-2.00271225
16825751;0;-57.164646;17.315189;109.528969;-191.691437;116.471725;-150.838303;-3.667830;16.857145;0.470021;-5.486000;-1.289837;-2.417562225
16825775;0;-57.128345;17.212753;109.467049;-191.632034;116.307983;-150.774811;-3.315925;16.289709;0.756121;-5.490775;-0.014300;-2.419938225
16825799;0;-57.100845;17.139332;109.421608;-191.588074;116.187469;-150.727325;-3.228185;18.142700;1.168929;-5.111688;1.070487;-2.3508008225
16825823;0;-57.083851;17.093102;109.395660;-191.561630;116.115250;-150.700699;-2.594945;17.256735;0.998629;-5.571837;0.021450;-2.5653758225
16825847;0;-57.077797;17.072062;109.386848;-191.550140;116.084663;-150.691162;-3.043170;18.490789;1.418243;-5.698200;-0.479212;-2.715587225
16825871;0;-57.077129;17.068623;109.388321;-191.547562;116.079109;-150.687225;-3.703115;19.171711;2.722057;-5.671975;-0.765312;-2.694125225
16825895;0;-57.077137;17.068876;109.389404;-191.547043;116.078377;-150.686432;-3.493305;18.567085;3.192079;-5.540837;-0.796312;-2.734650225
16825919;0;-57.076645;17.068733;109.389366;-191.546799;116.078064;-150.685715;-3.670690;19.123074;2.802436;-5.488388;-0.813000;-2.734650225
16825943;0;-57.074951;17.065041;109.387115;-191.546494;116.077431;-150.685196;-4.553790;21.908760;0.614436;-5.557525;-1.125325;-2.746575225
16825967;0;-57.067085;17.047453;109.374161;-191.543625;116.065697;-150.682297;-6.041525;24.646755;-1.450943;-6.716250;-1.642700;-2.99452525
16825991;0;-57.050850;17.009275;109.348068;-191.528198;116.019531;-150.669815;-6.232260;24.159430;-1.028600;-7.140625;-1.423350;-3.48328825
16826015;0;-57.027382;16.943478;109.311821;-191.495407;115.931595;-150.635284;-6.034850;23.317335;-1.456393;-6.480213;-2.090925;-3.39030025
16826039;0;-56.996071;16.852203;109.260399;-191.448547;115.798843;-150.582870;-6.344795;23.067471;-0.974107;-6.883138;-1.981250;-3.44276225
16826063;0;-56.957958;16.737560;109.196960;-191.386810;115.624992;-150.509918;-5.887985;21.808620;-0.769750;-6.093975;-0.844000;-2.92062525
16826087;0;-56.914936;16.608681;109.126778;-191.319092;115.430519;-150.421967;-5.266185;20.155905;-0.732964;-6.752013;-1.161088;-1.91211225
16826111;0;-56.869408;16.474262;109.052757;-191.248444;115.230820;-150.346146;-4.812240;19.021030;-0.343321;-5.338188;-1.461500;-1.78097525
16826135;0;-56.824509;16.341307;108.977051;-191.181747;115.030449;-150.278748;-4.852290;19.432064;-0.031329;-6.148813;-1.680850;-2.01225025
16826159;0;-56.780136;16.209229;108.901611;-191.115128;114.829605;-150.208191;-4.853245;19.898411;-0.386914;-6.387225;-1.091950;-1.82627525
16826183;0;-56.735683;16.077965;108.825714;-191.047607;114.628403;-150.136169;-4.555700;20.428654;-0.517707;-5.569450;-0.998962;-1.69753825
16826207;0;-56.691860;15.946018;108.748985;-190.981796;114.428459;-150.074265;-4.724500;20.152090;-0.656671;-5.209437;-1.196850;-2.30073725
16826231;0;-56.648407;15.813973;108.670616;-190.917526;114.227890;-150.009186;-4.263875;19.427296;-0.670293;-5.660050;-0.891675;-2.62736225
16826255;0;-56.605167;15.684291;108.592033;-190.853851;114.026482;-149.936066;-4.016875;20.304676;-0.828329;-5.536075;-0.445837;-2.31027525
16826279;0;-56.562759;15.556344;108.511421;-190.791321;113.826172;-149.862137;-4.249570;20.501135;-0.412800;-6.065362;-1.161088;-1.94072525
16826303;0;-56.520866;15.428387;108.430885;-190.727844;113.624626;-149.796021;-4.256245;20.703316;-0.628057;-5.223750;-1.165862;-2.21967525
16826327;0;-56.479385;15.299758;108.349915;-190.666672;113.422195;-149.731125;-4.375455;19.920345;-0.634871;-5.755413;-1.242150;-2.31503725
16826351;0;-56.438404;15.171998;108.267593;-190.606201;113.219505;-149.660782;-4.625320;19.809719;-0.279286;-5.917538;-0.329012;-2.02655025
16826375;0;-56.397469;15.044974;108.184998;-190.544647;113.016853;-149.591202;-4.612920;19.584654;-0.641686;-5.197525;-0.197875;-1.72376225
16826399;0;-56.356819;14.918807;108.102295;-190.485092;112.816666;-149.527740;-4.620550;19.544600;-0.731600;-5.233287;-1.285075;-1.80005025
16826423;0;-56.316963;14.793541;108.018074;-190.425598;112.615082;-149.467697;-4.977225;19.732475;-0.585821;-4.825588;-1.859663;-2.10761225
16826447;0;-56.278576;14.672856;107.935051;-190.369324;112.413391;-149.403885;-4.796025;19.428249;-0.386914;-5.557525;-1.358975;-2.07900025
16826471;0;-56.243980;14.562411;107.858749;-190.315277;112.226952;-149.348434;-4.255290;17.338749;0.016343;-4.796975;-1.239775;-2.222050025
16826495;0;-56.215897;14.472543;107.795479;-190.273453;112.074532;-149.307449;-4.291530;17.720219;1.043586;-5.373950;-0.460138;-2.679812025
16826519;0;-56.196102;14.408954;107.752716;-190.242691;111.965782;-149.278076;-4.263875;17.977711;0.839229;-4.894725;0.672338;-2.9826132025
16826543;0;-56.185619;14.374160;107.729805;-190.224457;111.904266;-149.259521;-4.197120;18.762585;0.788821;-4.308213;-0.073900;-3.151888025
16826567;0;-56.182808;14.358703;107.725723;-190.218246;111.882286;-149.250946;-4.455565;18.853184;1.489093;-4.293913;-0.240800;-3.275862025
16826591;0;-56.182358;14.357307;107.727516;-190.217239;111.879425;-149.247711;-4.655835;18.524166;2.735678;-4.067412;-0.410075;-3.230562025
16826615;0;-56.182125;14.357384;107.727982;-190.217117;111.879066;-149.245743;-4.848480;18.733974;2.888264;-3.974437;-0.381463;-3.268712025
16826639;0;-56.181522;14.357242;107.727913;-190.217117;111.878944;-149.244553;-5.008695;19.149780;2.494536;-3.776550;-0.312325;-3.359313025
16826663;0;-56.181015;14.356956;107.727707;-190.217117;111.878922;-149.243820;-5.294795;19.475935;2.215243;-3.616800;-0.264638;-3.368850025
16826687;0;-56.180302;14.356549;107.727440;-190.217163;111.878876;-149.243240;-5.331035;19.785879;1.848764;-3.516663;-0.238412;-3.452300025
16826711;0;-56.179634;14.356054;107.727165;-190.217194;111.878876;-149.242447;-5.443570;20.025249;1.494543;-3.361700;-0.185962;-3.509512025
16826735;0;-56.179092;14.355516;107.726860;-190.217194;111.878822;-149.241913;-5.569455;20.192144;1.256121;-3.256787;-0.131125;-3.530975025
16826759;0;-56.178513;14.355000;107.726517;-190.217316;111.878799;-149.241592;-5.624770;20.324705;0.968657;-3.170963;-0.116825;-3.533363025
16826783;0;-56.178005;14.354506;107.726112;-190.217361;111.878754;-149.240997;-5.648610;20.489689;0.708443;-3.032675;-0.100125;-3.592963025
16826807;0;-56.177578;14.353924;107.725670;-190.217377;111.878754;-149.240616;-5.666730;20.547865;0.505443;-2.875325;-0.066750;-3.612037025
16826831;0;-56.177162;14.353462;107.725266;-190.217453;111.878754;-149.240280;-5.691525;20.645140;0.272471;-2.789488;-0.007150;-3.571500025
16826855;0;-56.176720;14.353297;107.724663;-190.217545;111.878830;-149.240219;-5.750655;19.937515;-0.016343;-2.715587;0.143050;-3.597725025
16826879;0;-56.176018;14.354912;107.720169;-190.217575;111.881630;-149.240128;-6.162640;16.841885;-1.279286;-2.667900;2.655975;-3.643025025
16826903;0;-56.173954;14.360263;107.706970;-190.217545;111.903053;-149.239639;-6.464955;12.528415;-1.108986;-2.803800;5.023475;-3.864763025
16826927;0;-56.170227;14.372205;107.689331;-190.217361;111.961212;-149.237579;-6.759640;8.708000;-0.908714;-3.151888;7.119175;-4.1246373025
16826951;0;-56.164078;14.400538;107.667267;-190.216980;112.073776;-149.232452;-6.891250;7.401465;-1.068114;-3.859987;5.836475;-4.6229253025
16826975;0;-56.155483;14.446868;107.637177;-190.215897;112.241867;-149.219391;-6.816860;7.138250;-1.474107;-4.763600;8.091925;-4.9090383025
16826999;0;-56.144993;14.509457;107.595329;-190.212540;112.472855;-149.186234;-6.727215;7.665630;-1.113071;-5.078312;7.677075;-4.2629133025
16827023;0;-56.133270;14.582274;107.544472;-190.207642;112.750877;-149.153305;-6.419180;7.192610;-0.566750;-5.359637;7.636538;-4.0149633025
16827047;0;-56.121174;14.661452;107.490913;-190.201874;113.048286;-149.120178;-6.343840;8.873935;-0.351493;-5.502700;7.393350;-3.7956133025
16827071;0;-56.109772;14.737962;107.439499;-190.195770;113.339691;-149.088348;-6.135940;9.711265;-0.564029;-5.590912;6.017675;-3.5381253025
16827095;0;-56.099983;14.804165;107.394272;-190.190033;113.594604;-149.062454;-6.382940;9.931560;-0.239779;-5.426400;6.113050;-3.3926873025
16827119;0;-56.092632;14.854351;107.359901;-190.185562;113.793404;-149.041962;-5.973815;9.544371;-0.223429;-5.838862;5.416862;-3.1971883025
16827143;0;-56.088127;14.890155;107.336868;-190.181961;113.930046;-149.029358;-5.945205;9.743690;-0.141686;-5.700587;5.128375;-3.1661883025
16827167;0;-56.085831;14.911798;107.324638;-190.179672;114.012207;-149.021973;-6.006240;9.493825;-0.128064;-5.681512;5.316725;-3.1137383025
16827191;0;-56.084866;14.921587;107.321739;-190.178314;114.052780;-149.018906;-5.929945;9.009359;0.297000;-5.588525;6.070125;-3.08275083025
16827215;0;-56.084240;14.922905;107.323143;-190.177612;114.067162;-149.017761;-5.975720;9.188650;1.870557;-5.497925;6.647100;-3.13520083025
16827239;0;-56.083965;14.922817;107.324013;-190.177231;114.070023;-149.017456;-5.974765;9.438510;2.434593;-5.407325;6.704325;-3.05652583025
16827263;0;-56.083591;14.922927;107.324013;-190.177063;114.070770;-149.017303;-5.983350;8.967395;2.219336;-5.269050;6.721012;-2.94207583025
16827287;0;-56.083237;14.923312;107.323914;-190.176895;114.071320;-149.017609;-6.101605;8.573530;1.899171;-5.178450;6.682862;-2.88008783025
16827311;0;-56.082855;14.921675;107.327888;-190.176849;114.071899;-149.017456;-6.057735;12.211795;4.294257;-5.102150;6.678100;-2.7751873025
16827335;0;-56.082493;14.910249;107.350616;-190.176849;114.074623;-149.017624;-6.058690;19.385334;7.069450;-4.889963;7.293212;-2.6607503025
16827359;0;-56.082130;14.869314;107.411385;-190.177155;114.086678;-149.017654;-6.062505;24.497030;8.115764;-4.315375;7.817738;-2.4342503025
16827383;0;-56.081776;14.770822;107.533997;-190.177704;114.116478;-149.018433;-6.022450;26.396751;10.414122;-3.190038;7.543562;-1.993175025
16827407;0;-56.081482;14.598457;107.753174;-190.178741;114.169983;-149.020126;-6.014820;28.401369;11.106214;-0.913137;6.897438;-1.294613025
16827431;0;-56.081249;14.334742;108.090416;-190.181290;114.247902;-149.024796;-6.051060;27.799606;12.232915;1.668925;7.195462;-0.3075503025
16827455;0;-56.081009;13.977708;108.553963;-190.187866;114.353233;-149.038239;-6.056785;29.175755;12.505393;3.671638;7.092950;0.22172503025
16827479;0;-56.080845;13.520544;109.141479;-190.198318;114.485191;-149.072266;-6.026265;28.004646;13.051706;5.002012;6.678100;0.28847503025
16827503;0;-56.080669;12.963471;109.850128;-190.212250;114.637520;-149.111465;-6.046295;28.733250;14.245165;5.605213;7.905950;0.20980003025
16827527;0;-56.080482;12.311235;110.681694;-190.228226;114.812798;-149.146103;-5.997655;30.575748;14.029906;6.046288;7.259838;0.59127503025
16827551;0;-56.080284;11.569340;111.618294;-190.245941;115.001259;-149.183548;-5.918500;29.684063;14.602115;6.182188;7.491100;0.91075003025
16827575;0;-56.080185;10.752506;112.635475;-190.264648;115.195694;-149.220642;-5.967140;27.846336;13.847349;5.750650;7.543562;1.33037503025
16827599;0;-56.080086;9.880807;113.700729;-190.282822;115.389832;-149.258713;-5.908010;24.628635;13.993122;5.240438;6.496901;1.630775503025
16827623;0;-56.079800;8.983399;114.794846;-190.299591;115.574287;-149.295929;-5.806920;26.108738;12.194765;5.388250;5.152225;2.017012503025
16827647;0;-56.079758;8.065547;115.882820;-190.313629;115.742905;-149.334335;-5.855560;25.402065;13.388221;6.556500;6.103513;2.119537503025
16827671;0;-56.079659;7.136543;116.966965;-190.327896;115.896614;-149.367020;-5.862235;23.703575;12.369150;6.048675;5.233287;2.279275503025
16827695;0;-56.079483;6.201299;118.040932;-190.340714;116.030937;-149.396118;-5.767820;24.561880;12.107572;5.435938;6.186950;2.436637503025
16827719;0;-56.079426;5.258716;119.102859;-190.350418;116.148033;-149.422302;-5.800245;26.249886;12.799671;6.585112;5.900850;2.486700503025
16827743;0;-56.079372;4.303246;120.159737;-190.360458;116.246986;-149.443253;-5.796430;24.674416;12.600758;6.244175;5.421638;2.684587503025
16827767;0;-56.079250;3.337471;121.205872;-190.368561;116.328094;-149.462601;-5.722045;24.654385;12.004028;5.183212;6.041525;2.608288503025
16827791;0;-56.079185;2.363983;122.241997;-190.373093;116.388931;-149.476059;-5.782125;26.562691;11.790135;6.306162;4.646775;2.746575503025
16827815;0;-56.079140;1.375961;123.270630;-190.377060;116.427528;-149.485474;-5.752560;25.103565;12.418200;6.241787;5.922313;2.825250503025
16827839;0;-56.079021;0.374304;124.289253;-190.379593;116.447884;-149.491241;-5.684850;24.807926;12.228828;5.245200;4.794588;2.782338503025
16827863;0;-56.078964;-0.637570;125.299324;-190.379593;116.447380;-149.492188;-5.722045;27.174944;11.765615;5.192750;2.839562;2.77518703025
16827887;0;-56.078922;-1.666461;126.300095;-190.379166;116.427826;-149.491333;-5.776405;25.057789;12.294222;3.926750;0.462525;2.51292503025
16827911;0;-56.078789;-2.710415;127.291222;-190.377991;116.378899;-149.489960;-5.639075;25.844570;12.509479;1.389975;-1.716612;1.8906503025
16827935;0;-56.078735;-3.768981;128.274155;-190.375015;116.299889;-149.485977;-5.626675;26.872629;11.290136;-1.089562;-0.073900;1.089562025
16827959;0;-56.078701;-4.846168;129.246323;-190.366989;116.196388;-149.469910;-5.637165;26.973721;12.104850;-2.670288;-0.925062;0.560275025
16827983;0;-56.078514;-5.942318;130.208405;-190.355255;116.065788;-149.447266;-5.578990;26.323315;13.074872;-3.917212;-1.900187;0.112050025
16828007;0;-56.078480;-7.057090;131.163727;-190.338715;115.906776;-149.416046;-5.565640;26.661869;11.287415;-3.583425;-1.993175;-0.35762525
16828031;0;-56.078426;-8.192702;132.107635;-190.321854;115.716629;-149.380600;-5.534170;26.476860;10.938643;-5.509850;-2.543925;-0.95605025
16828055;0;-56.078285;-9.349903;133.038239;-190.300690;115.494347;-149.336258;-5.496975;28.067585;12.354164;-4.251000;-1.430500;-1.41858725
16828079;0;-56.078274;-10.531747;133.961823;-190.278000;115.241425;-149.285904;-5.515095;27.594566;11.817386;-5.455013;-3.435600;-1.9383375
16828103;0;-56.078186;-11.737705;134.874893;-190.253159;114.951256;-149.232376;-5.383490;27.236935;11.611664;-6.115425;-2.911088;-2.6512125
16828127;0;-56.078117;-12.988125;135.771988;-190.222992;114.624710;-149.167419;-5.424495;32.452579;11.273786;-4.053113;-3.578662;-3.0755885
16828151;0;-56.078110;-14.330918;136.661346;-190.192429;114.256714;-149.085022;-5.377765;35.708424;10.207035;-4.281988;-1.859663;-2.9253885
16828175;0;-56.078018;-15.795714;137.543198;-190.160751;113.848068;-148.984421;-5.386350;37.730213;10.889593;-4.832737;-3.278250;-2.0575505
16828199;0;-56.077988;-17.400970;138.422760;-190.127655;113.389824;-148.891159;-5.404470;37.380215;10.415485;-5.114075;-1.809587;-2.0599255
16828223;0;-56.077976;-19.138063;139.296356;-190.092331;112.886559;-148.795425;-5.396840;34.538265;11.874607;-6.885525;-3.297325;-2.0051005
16828247;0;-56.077923;-20.954948;140.177765;-190.056137;112.342361;-148.699448;-5.384445;33.009525;10.979514;-5.583762;-2.191062;-2.2006005
16828271;0;-56.077923;-22.820921;141.040970;-190.018509;111.774345;-148.612305;-5.403515;28.243059;9.863714;-6.382463;-4.088875;-3.13758705
16828295;0;-56.077877;-24.694090;141.858398;-189.983307;111.191444;-148.500778;-5.403515;27.658459;9.043557;-5.874625;-2.551075;-2.25305005
16828319;0;-56.077866;-26.564600;142.593994;-189.946732;110.621803;-148.402618;-5.343435;30.264851;5.177086;-5.855550;-3.499975;-2.56298705
16828343;0;-56.077835;-28.439034;143.197632;-189.910049;110.079330;-148.309341;-5.398750;28.309818;4.418236;-6.315700;-2.772800;-3.00406305
16828367;0;-56.077835;-30.311817;143.641541;-189.877380;109.603638;-148.203201;-5.343435;28.216358;2.099443;-5.662437;-0.944137;-2.09807505
16828391;0;-56.077789;-32.182240;143.920074;-189.850098;109.249023;-148.131180;-5.339620;28.613091;1.911436;-7.102487;1.077650;-2.434250505
16828415;0;-56.077755;-34.051815;144.069397;-189.829773;109.018166;-148.083588;-5.333900;28.476715;2.335136;-6.442062;0.185962;-2.887238505
16828439;0;-56.077755;-35.921944;144.126236;-189.817093;108.896187;-148.051514;-5.327220;27.657505;2.336500;-4.978175;0.510212;-2.799025505
16828463;0;-56.077736;-37.792728;144.127014;-189.812531;108.865578;-148.041779;-5.321500;27.511593;1.039500;-6.060600;-0.028600;-2.92538805
16828487;0;-56.077702;-39.664444;144.118622;-189.811768;108.864822;-148.040192;-5.299565;27.486801;1.100807;-5.171288;-0.412463;-2.94685005
16828511;0;-56.077702;-41.535473;144.117752;-189.811249;108.864113;-148.039200;-5.287170;26.760101;0.558579;-4.599088;-0.376700;-2.95400005
16828535;0;-56.077690;-43.407578;144.117249;-189.811310;108.864159;-148.038284;-5.238530;27.029034;0.643043;-4.982937;-0.321862;-2.99215005
16828559;0;-56.077679;-45.280701;144.117157;-189.811478;108.863968;-148.038162;-5.231855;26.334759;0.945493;-4.291525;-0.147813;-3.01598805
16828583;0;-56.077679;-47.151047;144.117447;-189.811295;108.863991;-148.037491;-5.212780;25.999065;1.002714;-4.341600;-0.257488;-3.02791205
16828607;0;-56.077690;-49.023239;144.117691;-189.811691;108.864044;-148.037109;-5.188940;26.575085;0.998629;-4.351138;-0.092975;-3.08751205
16828631;0;-56.077679;-50.896034;144.117676;-189.811508;108.863876;-148.036850;-5.172725;24.903294;1.284729;-3.769388;-0.128737;-3.10897505
16828655;0;-56.077679;-52.766609;144.118225;-189.811676;108.864067;-148.036316;-5.142210;25.743479;1.288821;-4.186625;-0.157350;-3.11373805
16828679;0;-56.077667;-54.639153;144.118454;-189.811890;108.863998;-148.036453;-5.148885;25.323864;1.283371;-3.640650;-0.002375;-3.06606205
16828703;0;-56.077667;-56.511761;144.118698;-189.811630;108.863998;-148.035919;-5.096435;23.844715;1.569471;-3.654950;-0.081050;-3.15188805
16828727;0;-56.077656;-58.381985;144.119659;-189.812103;108.864197;-148.035736;-5.069730;25.148388;1.400536;-3.695487;-0.021450;-3.15903805
16828751;0;-56.077667;-60.255363;144.119888;-189.811920;108.863953;-148.035736;-5.051610;23.929594;1.446857;-3.242487;0.052450;-3.101825805
16828775;0;-56.077637;-62.127674;144.120499;-189.812027;108.864243;-148.035400;-5.043980;22.958755;1.585821;-3.540513;-0.011912;-3.19241205
16828799;0;-56.077625;-63.998085;144.121628;-189.812195;108.864197;-148.035477;-4.987715;24.059296;1.326964;-3.125662;0.090587;-3.154275205
16828823;0;-56.077637;-65.871384;144.121918;-189.811981;108.864075;-148.035141;-4.971500;22.897720;1.427786;-3.199575;0.040525;-3.182888205
16828847;0;-56.077625;-67.740746;144.123062;-189.812271;108.864441;-148.035065;-4.965780;21.077154;1.833779;-3.175725;0.014300;-3.204338205
16828871;0;-56.077637;-69.552818;144.138718;-189.812180;108.864296;-148.035065;-4.947660;10.212895;3.222050;-2.994525;0.069137;-3.182888205
16828895;0;-56.076229;-71.147987;144.117676;-189.812027;108.859108;-148.034973;-6.506915;-5.302425;-6.389614;-3.049362;-3.335475;-3.1971885
16828919;0;-56.067089;-72.379059;144.000015;-189.810760;108.773712;-148.034149;-7.994650;-18.441200;-8.756085;-5.600450;-5.388250;-3.290175
16828943;0;-56.048553;-73.129524;143.723358;-189.801453;108.540634;-148.032089;-7.317540;-20.853039;-12.257436;-7.765287;-6.728163;-3.423687
16828967;0;-56.019947;-73.366203;143.245193;-189.779236;108.131836;-148.026443;-6.384845;-29.268259;-14.316008;-8.168212;-7.691375;-3.676413
16828991;0;-55.980438;-73.198006;142.531494;-189.744827;107.523712;-148.015320;-6.721495;-19.020081;-17.690657;-8.141988;-8.468625;-3.681175
16829015;0;-55.930527;-72.791618;141.599243;-189.698013;106.717583;-148.000626;-6.279944;-9.378430;-14.882764;-7.231225;-6.892675;-3.7384005
16829039;0;-55.869125;-72.238625;140.517685;-189.645416;105.781204;-147.980652;-4.990575;-4.266735;-16.874586;-7.052413;-8.404250;-3.5309755
16829063;0;-55.801659;-71.615273;139.292297;-189.588120;104.720932;-147.963806;-5.177495;-7.747650;-17.395014;-8.299350;-7.278913;-3.7169385
16829087;0;-55.727741;-70.917938;137.925812;-189.522598;103.541992;-147.935928;-6.390570;-8.909225;-18.138878;-7.455338;-8.487700;-3.3354755
16829111;0;-55.643433;-70.137398;136.415359;-189.449310;102.238731;-147.902161;-5.283355;-5.538940;-18.824165;-6.752013;-8.308875;-2.5367625
16829135;0;-55.552422;-69.289330;134.778564;-189.370453;100.822365;-147.870422;-4.861830;-4.573820;-18.215178;-6.279937;-8.633125;-2.0599255
16829159;0;-55.457127;-68.397530;133.035965;-189.287720;99.316132;-147.849670;-5.447385;-5.254745;-18.182478;-5.838862;-7.352825;-2.22443755
16829183;0;-55.356987;-67.468491;131.220230;-189.201462;97.749557;-147.823380;-5.097385;-5.213735;-16.702921;-5.006788;-9.605875;-2.17437555
16829207;0;-55.253441;-66.509865;129.367340;-189.113739;96.143723;-147.795334;-3.931995;-0.760075;-17.856865;-5.221363;-6.740088;-2.00747555
16829231;0;-55.149929;-65.547577;127.493942;-189.025787;94.529587;-147.776245;-4.065510;-1.511570;-15.728807;-5.567063;-8.120525;-2.51531255
16829255;0;-55.047459;-64.584045;125.623940;-188.936157;92.914902;-147.753693;-4.771230;-2.020835;-15.933171;-4.580012;-7.994162;-2.90155055
16829279;0;-54.944153;-63.618553;123.752769;-188.846878;91.297470;-147.720810;-4.770275;-0.258445;-17.713816;-3.733625;-6.372925;-2.65358755
16829303;0;-54.840145;-62.654568;121.877151;-188.760162;89.684784;-147.686798;-4.576680;-0.977515;-16.028536;-4.448887;-8.304112;-2.33172555
16829327;0;-54.736423;-61.687275;120.007675;-188.672272;88.067230;-147.664001;-4.602430;-0.149725;-16.243793;-4.940025;-5.910388;-2.68458755
16829351;0;-54.632626;-60.720413;118.135780;-188.583908;86.452492;-147.640045;-4.467010;1.044270;-17.719265;-5.059237;-6.973738;-3.046988755
16829375;0;-54.528641;-59.758209;116.260841;-188.495773;84.838623;-147.605637;-4.200935;-0.601765;-16.380035;-4.768363;-6.995200;-2.64405055
16829399;0;-54.424545;-58.792377;114.391052;-188.407425;83.222435;-147.569962;-4.034995;0.284190;-16.513550;-5.421638;-7.009501;-2.272125055
16829423;0;-54.320801;-57.824242;112.518822;-188.318970;81.607376;-147.547134;-4.000660;2.028465;-17.743786;-5.447863;-6.983275;-2.770412055
16829447;0;-54.217564;-56.859589;110.645439;-188.230148;79.992363;-147.523163;-4.344940;0.894545;-16.945429;-4.763600;-6.871212;-2.994525055
16829471;0;-54.114555;-55.893471;108.774765;-188.142044;78.377174;-147.493408;-5.053520;1.439090;-16.209736;-5.140300;-7.665150;-2.942075055
16829495;0;-54.010864;-54.927082;106.902092;-188.054535;76.759361;-147.469650;-4.849430;2.627370;-18.187927;-6.392000;-5.652900;-3.459450055
16829519;0;-53.906651;-53.962482;105.029030;-187.965637;75.146133;-147.446014;-4.721640;1.603125;-16.587114;-5.838862;-7.886875;-3.807538055
16829543;0;-53.802105;-52.995697;103.158951;-187.876572;73.529793;-147.412170;-4.340170;2.575870;-17.309185;-5.824563;-6.921288;-3.550050055
16829567;0;-53.698009;-52.028854;101.286346;-187.787689;71.913521;-147.367645;-4.084585;3.621100;-17.896378;-6.237025;-6.513587;-2.627362055
16829591;0;-53.595219;-51.064499;99.413841;-187.698975;70.300781;-147.334305;-4.676815;2.324100;-16.866407;-5.939000;-8.409013;-2.5105382055
16829615;0;-53.492134;-50.098316;97.543068;-187.609985;68.683159;-147.313446;-5.180355;3.362655;-17.865042;-5.221363;-6.780612;-2.9635372055
16829639;0;-53.387974;-49.131275;95.670097;-187.522171;67.068619;-147.284622;-4.975315;4.310605;-17.385479;-6.227488;-7.908338;-2.8300252055
16829663;0;-53.283646;-48.165756;93.797791;-187.433472;65.452911;-147.251633;-4.856105;3.469465;-17.728800;-6.401537;-6.620875;-2.5224622055
16829687;0;-53.180058;-47.199715;91.927124;-187.343674;63.837139;-147.228638;-5.228040;4.326820;-17.956322;-5.416862;-7.236000;-2.9253882055
16829711;0;-53.075996;-46.233170;90.054115;-187.255463;62.221581;-147.207275;-4.849430;4.873275;-17.475399;-5.731575;-6.480213;-3.4332252055
16829735;0;-52.974251;-45.280811;88.193794;-187.168106;60.611462;-147.172256;-3.738400;8.646009;-15.172956;-6.291862;-5.152225;-3.0112252055
16829759;0;-52.885216;-44.416306;86.471748;-187.084579;59.107960;-147.140350;-2.870555;15.641210;-7.798328;-5.135525;-1.873963;-2.6488252055
16829783;0;-52.809952;-43.706394;85.085999;-187.019379;57.903477;-147.123398;-1.804350;22.537230;-4.106243;-5.865088;0.522125;-2.98500052055
16829807;0;-52.756401;-43.199207;84.111977;-186.973495;57.055611;-147.113251;-1.577375;24.529455;-2.471379;-5.931850;1.962175;-3.33547552055
16829831;0;-52.726994;-42.912632;83.541039;-186.946823;56.567616;-147.107132;-2.194400;23.168560;1.047679;-5.843637;3.721713;-3.573887552055
16829855;0;-52.714821;-42.797756;83.339867;-186.937912;56.404972;-147.103821;-3.048895;18.128395;-1.325607;-6.101125;1.988400;-3.64541352055
16829879;0;-52.712940;-42.772842;83.326286;-186.936905;56.391411;-147.102173;-3.472325;14.255521;-4.343300;-6.265637;-0.090587;-3.6764132055
16829903;0;-52.712765;-42.773487;83.330658;-186.936630;56.390396;-147.100876;-4.168510;13.493535;-3.952293;-6.248950;-0.088212;-3.7360122055
16829927;0;-52.708248;-42.774719;83.330467;-186.936417;56.390320;-147.100143;-9.271620;16.510960;-4.412786;-6.303775;-0.030988;-3.7360122055
16829951;0;-52.631256;-42.804504;83.346375;-186.929550;56.391956;-147.099518;-18.548965;25.371548;-1.923693;-7.641313;1.704687;-3.7622372055
16829975;0;-52.431374;-42.905510;83.401360;-186.876144;56.411373;-147.099091;-32.468796;35.347935;-2.069471;-7.188313;6.697175;-3.7574752055
16829999;0;-52.000160;-43.153614;83.519661;-186.730804;56.486816;-147.097778;-45.156475;42.249672;-0.025879;-7.097712;9.438988;-3.7169382055
16830023;0;-51.258690;-43.606010;83.738823;-186.453232;56.643723;-147.094574;-55.965416;46.326633;1.404621;-6.811613;10.139937;-3.5333632055
16830047;0;-50.162510;-44.289349;84.088104;-186.027069;56.887691;-147.092087;-57.441711;43.268200;2.479550;-7.715225;11.291500;-3.2973252055
16830071;0;-48.748306;-45.168861;84.552376;-185.465958;57.209305;-147.088394;-47.124859;38.736340;1.980914;-7.801050;11.446475;-3.0398252055
16830095;0;-47.082874;-46.187027;85.089012;-184.816956;57.582901;-147.084351;-28.856274;33.167835;3.089900;-10.380737;6.868838;-2.6607502055
16830119;0;-45.283096;-47.279068;85.658020;-184.120560;57.978466;-147.082932;-18.961905;28.321266;4.219322;-10.738362;7.941712;-2.4890882055
16830143;0;-43.429043;-48.399445;86.240097;-183.409683;58.379360;-147.081787;-16.387936;27.206421;2.772464;-10.080338;8.180138;-2.2721252055
16830167;0;-41.561256;-49.527454;86.821709;-182.696793;58.779694;-147.082657;-17.971035;26.454926;2.538136;-9.732238;8.795250;-2.16245052055
16830191;0;-39.690559;-50.657894;87.403488;-181.984222;59.180828;-147.083633;-17.323490;26.575085;3.130772;-9.772776;7.376663;-2.02893752055
16830215;0;-37.814754;-51.788387;87.988174;-181.271698;59.582325;-147.084595;-15.134809;26.364326;2.810614;-9.992112;5.936613;-1.93595052055
16830239;0;-35.940872;-52.919121;88.569435;-180.559952;59.983616;-147.085068;-14.952655;25.356289;3.686629;-10.263912;6.577963;-1.8548872055
16830263;0;-34.071678;-54.049747;89.153557;-179.847076;60.385880;-147.085007;-15.502925;25.932308;2.322871;-9.744163;6.647100;-1.65700072055
16830287;0;-32.201618;-55.181030;89.735931;-179.134705;60.786198;-147.085495;-17.768856;25.392529;2.622600;-9.834763;8.370874;-1.55448772055
16830311;0;-30.328571;-56.313183;90.318573;-178.422073;61.188370;-147.085052;-15.536305;25.450706;2.704343;-9.636875;7.658000;-1.44242572055
16830335;0;-28.454721;-57.444916;90.903381;-177.709213;61.589256;-147.085953;-14.750481;24.767876;2.707071;-8.475776;7.865425;-1.39712572055
16830359;0;-26.583321;-58.575619;91.485176;-176.998627;61.989361;-147.085526;-16.349789;24.755474;3.456386;-9.346000;7.054800;-1.14917572055
16830383;0;-24.712427;-59.707397;92.070000;-176.285858;62.389816;-147.086243;-15.451429;24.356840;1.817428;-9.124275;7.805812;-1.10387572055
16830407;0;-22.841225;-60.839363;92.652519;-175.572968;62.792706;-147.085770;-17.005920;24.109840;2.343307;-8.196825;6.222713;-0.92267572055
16830431;0;-20.967737;-61.971745;93.234993;-174.861343;63.195663;-147.086395;-15.469549;24.209019;2.471379;-8.230200;5.819788;-0.84637572055
16830455;0;-19.110695;-63.094635;93.819695;-174.151215;63.595074;-147.085999;-10.612485;21.181105;2.363743;-8.633125;7.388587;-0.72240072055
16830479;0;-17.319365;-64.176811;94.387245;-173.458405;63.984638;-147.087128;-4.837985;17.391201;2.401893;-8.647437;7.159700;-0.624650072055
16830503;0;-15.654727;-65.179634;94.916008;-172.816086;64.347488;-147.087830;3.680225;11.137960;0.720700;-8.533000;5.488388;-0.5841250072055
16830527;0;-14.219451;-66.041672;95.370445;-172.260773;64.660797;-147.088043;16.736980;3.482815;-0.239779;-10.116100;4.427425;-0.56981272055
16830551;0;-13.111325;-66.691635;95.695587;-171.834717;64.829247;-147.086319;22.958755;0.148770;-3.967278;-7.266988;-1.778600;-1.70945072055
16830575;0;-12.351851;-67.119415;95.822052;-171.567657;64.686623;-147.055252;23.494720;-2.650260;-10.652535;-7.572162;-9.391299;-4.632463055
16830599;0;-11.933009;-67.323936;95.699638;-171.437225;64.153625;-146.889862;14.662740;0.499725;-10.272429;-4.296300;-11.346337;-2.791875055
16830623;0;-11.762743;-67.335800;95.435333;-171.416504;63.203800;-146.661377;9.821890;0.905990;-13.743808;-2.613062;-13.403888;-2.9921505055
16830647;0;-11.742605;-67.249611;95.030312;-171.457413;61.827271;-146.348755;5.244255;1.258850;-13.629365;6.103513;-12.171263;-3.07082505055
16830671;0;-11.779376;-67.105362;94.519356;-171.541489;60.135052;-145.961594;4.078865;5.105015;-13.438628;6.523125;-10.786050;-2.85863805055
16830695;0;-11.836143;-66.931137;93.938217;-171.639542;58.201317;-145.522400;2.824780;5.305290;-14.422278;7.486338;-12.054438;-2.47240005055
16830719;0;-11.893414;-66.741066;93.273544;-171.751938;56.026726;-145.046402;5.348205;3.024100;-14.119829;6.771088;-14.071463;-3.77892505055
16830743;0;-11.958300;-66.526993;92.534851;-171.876083;53.605118;-144.505356;7.698055;2.710340;-14.555793;6.043900;-12.319087;-3.74316205055
16830767;0;-12.034577;-66.286354;91.721115;-172.009384;50.942524;-143.897888;5.776405;4.020690;-15.027179;6.310937;-13.515938;-2.86578805055
16830791;0;-12.120480;-66.020920;90.836502;-172.154068;48.037395;-143.257858;4.182815;4.590030;-16.306465;6.649487;-15.163413;-3.98396305055
16830815;0;-12.210567;-65.735214;89.874649;-172.311295;44.889114;-142.541382;3.830905;4.468915;-16.830986;6.628026;-15.192024;-3.05413705055
16830839;0;-12.303095;-65.429626;88.835999;-172.480713;41.501198;-141.787735;5.811690;4.022595;-16.202923;6.344313;-14.686576;-3.85283805055
16830863;0;-12.402685;-65.105011;87.732903;-172.659409;37.893295;-140.978165;6.109235;4.157065;-17.213814;7.078637;-15.943050;-3.82183705055
16830887;0;-12.509561;-64.765045;86.576736;-172.846542;34.110878;-140.124664;5.234715;4.211425;-16.177036;6.887913;-14.672275;-3.22580005055
16830911;0;-12.620666;-64.412025;85.383911;-173.039474;30.214344;-139.257645;4.434585;5.373950;-16.452242;7.193088;-14.483926;-4.31775005055
16830935;0;-12.730858;-64.052437;84.174377;-173.236023;26.254900;-138.361420;5.079265;5.803105;-16.367771;6.463525;-13.301362;-3.26395005055
16830959;0;-12.841501;-63.692280;82.954971;-173.433777;22.276867;-137.470520;5.805015;5.849835;-15.652515;5.412100;-12.891288;-3.47613805055
16830983;0;-12.953342;-63.333851;81.738174;-173.629822;18.299820;-136.578598;5.685805;5.101200;-16.542158;6.146425;-14.598362;-3.56196205055
16831007;0;-13.066611;-62.975380;80.516594;-173.826477;14.322998;-135.689606;4.821775;5.056380;-15.720635;6.356238;-12.228487;-3.82661305055
16831031;0;-13.179111;-62.613964;79.298836;-174.022919;10.344077;-134.790970;4.589080;6.089210;-16.544886;6.997575;-13.089175;-3.12566205055
16831055;0;-13.290271;-62.250744;78.080635;-174.219467;6.366652;-133.896317;5.122180;6.893155;-15.911372;7.302750;-13.911713;-2.970687205055
16831079;0;-13.401189;-61.890644;76.860794;-174.416672;2.390538;-133.010284;5.693435;6.308555;-16.063957;6.606575;-13.265599;-3.683563205055
16831103;0;-13.513942;-61.531578;75.642815;-174.613876;-1.589047;-132.114197;4.863735;6.025310;-16.482214;6.780612;-11.973375;-3.21148805055
16831127;0;-13.626892;-61.171589;74.420807;-174.810410;-5.565074;-131.220093;4.456520;5.920410;-15.563965;6.775850;-15.704624;-3.14473705055
16831151;0;-13.738853;-60.809162;73.204475;-175.008530;-9.543851;-130.327774;4.633900;6.846425;-17.014908;5.187987;-12.586112;-3.14235005055
16831175;0;-13.850365;-60.448689;71.985069;-175.204498;-13.522345;-129.443817;4.885670;6.324765;-16.317364;5.841250;-13.515938;-3.8409135055
16831199;0;-13.961832;-60.089085;70.764862;-175.400879;-17.499556;-128.542679;4.940030;6.578444;-16.298292;6.020062;-14.045237;-3.2091135055
16831223;0;-14.073706;-59.728271;69.546577;-175.596878;-21.476675;-127.655327;4.968640;6.794925;-16.118456;6.830688;-14.417163;-3.4880625055
16831247;0;-14.186173;-59.366226;68.326492;-175.792831;-25.455750;-126.764725;4.641530;7.345195;-16.205650;7.236000;-12.421599;-3.8290005055
16831271;0;-14.298783;-59.005108;67.110138;-175.989395;-29.434475;-125.876312;4.409790;7.052420;-16.697472;7.245538;-15.056125;-3.9958885055
16831295;0;-14.410415;-58.645306;65.888077;-176.186432;-33.409363;-124.978355;4.652020;6.969450;-16.208372;7.333750;-14.338488;-3.7503125055
16831319;0;-14.521959;-58.284042;64.671265;-176.383133;-37.389797;-124.088287;5.012510;7.107730;-17.035343;7.526863;-13.236988;-3.9529755055
16831343;0;-14.633690;-57.922592;63.451012;-176.581573;-41.366665;-123.194672;4.911420;7.501600;-16.310551;5.843637;-15.225400;-3.7837005055
16831367;0;-14.745828;-57.562450;62.232208;-176.778473;-45.344521;-122.301491;4.734035;7.374760;-16.351421;6.060600;-14.619824;-3.7479375055
16831391;0;-14.857570;-57.202755;61.012913;-176.975464;-49.322563;-121.407005;4.831310;7.302280;-15.999928;5.655288;-13.434875;-3.4070005055
16831415;0;-14.969795;-56.841702;59.793144;-177.171448;-53.300938;-120.522652;4.578590;7.580755;-16.404556;6.601800;-15.273088;-4.4226625055
16831439;0;-15.081657;-56.478954;58.576607;-177.368317;-57.277851;-119.622383;4.500385;8.154865;-16.929077;6.194112;-15.075199;-3.3569255055
16831463;0;-15.193872;-56.118965;57.356003;-177.564758;-61.256195;-118.733360;4.279135;7.343290;-16.089844;6.337163;-14.019001;-3.8170755055
16831487;0;-15.305943;-55.758591;56.137753;-177.761337;-65.234756;-117.847115;4.264830;7.722850;-16.890928;6.692400;-15.082351;-4.2319255055
16831511;0;-15.417466;-55.397572;54.917919;-177.957123;-69.211296;-116.952797;4.412650;7.764815;-16.046249;7.283688;-15.988338;-4.0984135055
16831535;0;-15.528592;-55.035812;53.699009;-178.155319;-73.190125;-116.053566;4.973410;8.589740;-16.587114;5.557525;-14.522076;-3.4570625055
16831559;0;-15.640763;-54.675724;52.480251;-178.352081;-77.169716;-115.160698;4.692075;7.797240;-15.837801;5.815025;-14.917850;-3.4570625055
16831583;0;-15.753307;-54.316219;51.260010;-178.548874;-81.145180;-114.274696;4.492755;7.686610;-16.362322;5.578988;-16.574850;-4.3177505055
16831607;0;-15.864654;-53.955078;50.043747;-178.744949;-85.122688;-113.375801;4.070280;8.378981;-16.322813;6.070125;-13.515938;-3.6001125055
16831631;0;-15.968287;-53.610764;48.874470;-178.936020;-88.976196;-112.502792;4.071235;12.248034;-9.828293;5.657662;-6.396762;-2.51053825055
16831655;0;-16.068516;-53.343216;47.922123;-179.099533;-92.174431;-111.812752;3.785130;14.895434;-5.836486;5.550375;0.491138;-1.711838825055
16831679;0;-16.157604;-53.177353;47.279697;-179.224915;-94.473907;-111.442703;3.646850;15.178680;-4.004064;4.503725;3.037450;-0.665188825055
16831703;0;-16.236925;-53.121754;46.947777;-179.307388;-95.872780;-111.392601;3.610610;19.245144;-0.929150;4.858963;6.134500;-0.333775825055
16831727;0;-16.310291;-53.179970;46.959732;-179.351395;-96.393440;-111.565804;5.215640;21.459576;1.625329;5.259512;4.789825;5.46216275825055
16831751;0;-16.382263;-53.285362;47.144653;-179.371536;-96.380516;-112.037109;4.797935;21.590229;-2.576278;6.198875;1.833438;4.8923375825055
16831775;0;-16.453882;-53.411716;47.345802;-179.387817;-96.296082;-112.596519;5.662915;20.994184;-0.471386;6.899825;1.072875;3.1828885825055
16831799;0;-16.533600;-53.546989;47.565044;-179.408936;-96.202652;-113.136360;5.895610;23.153305;-1.638957;6.618488;2.160063;4.1699385825055
16831823;0;-16.620029;-53.698292;47.803646;-179.433136;-96.096046;-113.743385;5.737300;23.192406;-0.956393;6.685250;1.206388;4.2605385825055
16831847;0;-16.715841;-53.867901;48.069832;-179.458618;-95.980171;-114.401772;6.200790;21.459576;-0.389643;7.314675;2.186288;5.3930255825055
16831871;0;-16.821871;-54.055065;48.361805;-179.486343;-95.852516;-115.143784;6.155010;21.353720;-0.410079;7.753363;2.114763;5.1379135825055
16831895;0;-16.938446;-54.257168;48.680023;-179.517502;-95.714302;-115.946091;6.400105;21.083830;-0.059943;7.545938;2.090925;5.3310385825055
16831919;0;-17.065800;-54.473103;49.023796;-179.551834;-95.566742;-116.822319;5.897520;21.338459;-0.407350;6.883138;2.350800;4.9567135825055
16831943;0;-17.204140;-54.704212;49.391533;-179.586700;-95.407555;-117.754539;5.365370;21.838184;-0.089914;7.135863;2.372262;5.5193885825055
16831967;0;-17.352081;-54.952538;49.782097;-179.623428;-95.237923;-118.760933;5.800245;20.991325;-0.099450;6.823537;2.079000;5.5742255825055
16831991;0;-17.510395;-55.216724;50.194424;-179.662674;-95.060760;-119.842590;6.270405;19.832609;0.310621;6.086825;2.903938;4.90426355825055
16832015;0;-17.679737;-55.493732;50.628822;-179.701889;-94.873039;-120.978607;6.411550;20.095825;0.499993;6.365775;2.624987;5.83647555825055
16832039;0;-17.860912;-55.783134;51.085262;-179.742508;-94.675659;-122.189590;5.967140;20.597454;0.510893;6.289474;1.392363;5.73635055825055
16832063;0;-18.053492;-56.084591;51.562363;-179.784195;-94.471199;-123.467163;5.920410;22.170065;0.317436;6.453987;1.885887;5.98668855825055
16832087;0;-18.256838;-56.402435;52.057594;-179.827759;-94.257576;-124.813530;6.570815;20.970341;0.626700;5.991450;2.062313;5.96761355825055
16832111;0;-18.471556;-56.734211;52.570515;-179.871979;-94.038445;-126.225601;7.120130;20.303724;1.031329;5.807875;3.905287;5.96522555825055
16832135;0;-18.699356;-57.077930;53.102020;-179.915878;-93.808113;-127.711525;6.582260;20.105360;0.975471;5.955688;2.732275;6.44206255825055
16832159;0;-18.939133;-57.430744;53.651348;-179.960968;-93.571259;-129.275543;7.065770;21.450039;0.700264;5.309575;2.503387;6.50405055825055
16832183;0;-19.191137;-57.794853;54.216442;-180.004639;-93.327431;-130.890961;7.304190;21.797180;0.841957;5.960463;2.858638;6.67810055825055
16832207;0;-19.456535;-58.172760;54.795200;-180.049362;-93.077850;-132.586990;7.294650;20.744320;0.949586;5.552763;2.121925;6.88075055825055
16832231;0;-19.734917;-58.562874;55.386784;-180.093246;-92.822929;-134.351639;7.271765;19.060131;2.148486;5.602825;2.613062;7.37190055825055
16832255;0;-20.026274;-58.960064;55.993656;-180.136490;-92.562668;-136.186646;7.327075;19.991871;0.956393;5.264275;3.390300;7.10486355825055
16832279;0;-20.331497;-59.364876;56.613033;-180.179123;-92.297066;-138.093506;7.509230;20.985600;1.261571;4.887575;2.727500;7.16447555825055
16832303;0;-20.650045;-59.778931;57.242561;-180.218719;-92.025101;-140.074738;8.114810;21.355625;1.017700;5.600450;2.353188;7.51017555825055
16832327;0;-20.984447;-60.204220;57.881096;-180.257172;-91.750854;-142.124557;7.504460;20.219799;1.513614;5.712500;3.404613;7.47680055825055
16832351;0;-21.332857;-60.637150;58.528168;-180.293381;-91.472862;-144.240219;8.120535;19.002911;1.795628;6.461138;2.872937;8.27073855825055
16832375;0;-21.696152;-61.076710;59.184052;-180.327850;-91.192818;-146.433090;8.289335;19.087790;1.535414;6.599425;3.173350;7.77482555825055
16832399;0;-22.074423;-61.521481;59.846264;-180.360382;-90.910225;-148.711060;9.006500;19.125935;1.911436;6.644725;2.841938;8.05853755825055
16832423;0;-22.469810;-61.969780;60.515476;-180.390427;-90.625717;-151.045227;8.158680;20.595551;0.878736;6.349075;3.285400;8.11100055825055
16832447;0;-22.881632;-62.425240;61.187397;-180.415710;-90.339470;-153.446854;8.027075;19.905090;1.854214;6.794925;3.139963;8.35180055825055
16832471;0;-23.309879;-62.886795;61.862400;-180.437515;-90.052597;-155.945221;8.701320;18.913265;1.663479;7.128713;2.565375;8.99313755825055
16832495;0;-23.753826;-63.350166;62.538246;-180.456268;-89.768181;-158.511444;9.321210;19.294735;1.967293;7.033338;3.426062;8.53300055825055
16832519;0;-24.216339;-63.815876;63.215210;-180.470627;-89.483589;-161.140717;9.748455;18.826481;1.828328;7.126326;2.717963;8.41617555825055
16832543;0;-24.698353;-64.283348;63.893124;-180.480820;-89.201736;-163.855118;8.736609;18.638609;1.628057;6.806849;2.768038;9.30785055825055
16832567;0;-25.197901;-64.751297;64.566956;-180.485519;-88.922562;-166.650955;8.842465;18.838879;1.354214;6.763925;2.942075;9.31501255825055
16832591;0;-25.715984;-65.218964;65.238297;-180.486191;-88.645546;-169.504395;9.736060;18.415449;1.145771;6.086825;1.492500;9.19341255825055
16832615;0;-26.253666;-65.685753;65.902336;-180.485519;-88.374596;-172.458267;10.212895;17.928120;1.615793;2.458087;2.830025;9.2816255825055
16832639;0;-26.810640;-66.149178;66.561615;-180.480896;-88.108742;-175.482376;10.495185;18.451691;0.905986;-1.816737;2.439013;9.982574825055
16832663;0;-27.388884;-66.610451;67.210754;-180.466339;-87.849670;-178.567032;10.008810;17.556190;1.485007;-4.467963;2.562987;9.603500825055
16832687;0;-27.987595;-67.067520;67.851906;-180.441299;-87.598602;-181.755432;10.356900;16.521450;0.664843;-5.011550;2.498625;10.03980025055
16832711;0;-28.607685;-67.516685;68.479210;-180.409531;-87.355469;-185.018616;10.398860;17.335890;0.949586;-5.602825;3.173350;10.64538825055
16832735;0;-29.248241;-67.957779;69.095337;-180.371765;-87.119820;-188.338486;11.228559;17.677305;0.396450;-6.072513;2.136225;9.641638825055
16832759;0;-29.909796;-68.390816;69.694641;-180.326935;-86.896545;-191.775299;11.921880;17.377850;0.433236;-5.574225;2.207750;10.80273725055
16832783;0;-30.594969;-68.815269;70.277100;-180.276718;-86.685669;-195.262329;11.556625;16.569134;0.329693;-5.681512;2.920625;10.76221325055
16832807;0;-31.303125;-69.227196;70.840973;-180.222595;-86.486229;-198.833633;10.957715;16.103741;0.384193;-6.248950;2.470013;10.77174925055
16832831;0;-32.032902;-69.625504;71.383209;-180.162216;-86.301292;-202.498550;11.430740;15.583990;0.140321;-6.270400;2.605912;11.51800025055
16832855;0;-32.782806;-70.008797;71.903488;-180.094940;-86.132629;-206.248856;12.862206;15.050885;-0.035421;-5.440700;3.476138;10.9052635055
16832879;0;-33.554520;-70.373322;72.398651;-180.024048;-85.976936;-210.053955;12.533185;15.678404;-0.594000;-5.245200;2.567763;10.6859125055
16832903;0;-34.346207;-70.718742;72.863808;-179.950317;-85.839417;-213.928543;10.642050;14.826770;-0.647136;-5.640975;1.699913;10.6406135055
16832927;0;-35.148132;-71.041138;73.295685;-179.873917;-85.721291;-217.846680;9.746550;14.073370;-0.994543;-5.726812;1.678463;10.77890035055
16832951;0;-35.950100;-71.336952;73.689354;-179.795273;-85.625618;-221.737213;10.994909;13.488765;-1.108986;-5.311963;2.744187;10.9100265055
16832975;0;-36.750431;-71.602737;74.043823;-179.717621;-85.545425;-225.587692;10.274885;13.846395;-1.536771;-5.769725;1.275537;9.79422565055
16832999;0;-37.546886;-71.838799;74.358063;-179.641769;-85.488510;-229.391083;8.139610;13.914105;-1.904621;-5.998600;1.652238;10.44750065055
16833023;0;-38.330872;-72.047012;74.632690;-179.566666;-85.450294;-233.103104;8.748050;13.622279;-2.438679;-5.605213;1.931188;10.64061365055
16833047;0;-39.099991;-72.228424;74.869331;-179.494034;-85.430077;-236.758331;10.339735;12.501715;-2.509521;-4.971025;2.279275;9.98973865055
16833071;0;-39.859123;-72.381981;75.069931;-179.427536;-85.424561;-240.349899;9.245871;13.031955;-2.595350;-6.287087;1.878737;10.42603865055
16833095;0;-40.607906;-72.508820;75.237816;-179.363129;-85.429192;-243.847122;8.156775;13.828275;-3.073550;-6.039137;-0.371925;9.69647565055
16833119;0;-41.340420;-72.612289;75.374771;-179.304352;-85.449509;-247.303345;8.699415;13.838765;-3.301071;-7.021425;-1.556862;9.60587565055
16833143;0;-42.056786;-72.694603;75.479965;-179.246796;-85.484360;-250.673569;9.741780;12.581825;-3.456386;-5.874625;-2.732275;9.65117565055
16833167;0;-42.761162;-72.754555;75.556946;-179.196976;-85.532715;-253.964462;8.328435;12.666699;-3.641671;-6.656638;-2.832412;9.30785065055
16833191;0;-43.451565;-72.794914;75.605965;-179.151398;-85.590973;-257.183899;7.425305;12.265204;-3.747936;-6.604187;-3.762237;9.43183765055
16833215;0;-44.123291;-72.813492;75.628960;-179.110229;-85.662704;-260.314117;8.670805;13.480185;-3.901886;-6.451600;-1.940725;8.81671265055
16833239;0;-44.777935;-72.811867;75.618141;-179.074112;-85.738464;-263.410156;9.549140;9.599685;-8.775165;-5.981913;-3.051750;8.976450265055
16833263;0;-45.418930;-72.799896;75.587029;-179.043991;-85.821915;-266.421600;7.633205;5.541800;-7.818765;-5.924700;-3.080363;9.627337265055
16833287;0;-46.044659;-72.776108;75.550911;-179.019348;-85.912453;-269.337189;6.790160;4.261015;-9.299685;-6.034362;-2.923000;9.477138265055
16833311;0;-46.650280;-72.738289;75.499466;-178.998840;-86.008713;-272.183807;7.754325;3.553390;-9.178429;-5.548000;-2.834788;8.409013265055
16833335;0;-47.238037;-72.685921;75.431953;-178.983765;-86.107903;-274.952209;8.454320;3.764150;-9.302407;-5.342950;-3.337850;7.731912265055
16833359;0;-47.811039;-72.621819;75.349800;-178.973877;-86.213341;-277.646118;7.904050;4.158020;-9.337829;-5.481237;-2.503387;8.573524265055
16833383;0;-48.367992;-72.547569;75.255127;-178.968842;-86.318504;-280.275330;6.956100;3.614425;-9.877337;-5.753037;-3.633488;8.387563265055
16833407;0;-48.906364;-72.465164;75.146179;-178.967316;-86.428131;-282.824371;6.677625;3.801345;-9.175708;-5.393025;-3.557200;7.917875265055
16833431;0;-49.425083;-72.374901;75.026939;-178.967972;-86.540619;-285.290833;7.841110;3.660200;-9.296957;-3.826613;-2.961150;7.884500265055
16833455;0;-49.928520;-72.276215;74.898994;-178.970001;-86.652237;-287.696289;7.056235;4.034040;-9.463172;-0.765312;-3.523825;8.127687265055
16833479;0;-50.415810;-72.171478;74.763359;-178.975433;-86.767036;-290.014069;6.005285;4.167555;-9.459085;2.510538;-3.118512;8.1849007265055
16833503;0;-50.884529;-72.062820;74.619637;-178.987106;-86.879288;-292.262115;6.749150;3.922460;-9.084429;4.673000;-3.879062;7.6627637265055
16833527;0;-51.335838;-71.950394;74.470100;-179.005188;-86.993111;-294.434448;6.696700;3.858565;-8.870528;5.190362;-3.499975;7.7199887265055
16833551;0;-51.771236;-71.833458;74.315987;-179.026688;-87.105942;-296.531372;6.015775;4.200935;-9.035378;5.502700;-3.287787;7.7962887265055
16833575;0;-52.188904;-71.713425;74.159019;-179.049683;-87.216919;-298.558533;6.061550;4.912375;-9.087150;6.227488;-3.342625;7.4815757265055
16833599;0;-52.590553;-71.592033;73.999306;-179.075089;-87.327812;-300.509247;5.862235;4.975315;-9.044914;6.353850;-3.061287;6.8807507265055
16833623;0;-52.974964;-71.470192;73.837563;-179.102448;-87.435356;-302.386627;5.887030;4.941940;-9.329658;6.184575;-2.760875;6.7996877265055
16833647;0;-53.342369;-71.348305;73.674484;-179.131119;-87.541473;-304.188721;6.568905;4.779815;-8.892328;6.113050;-2.627362;6.6542637265055
16833671;0;-53.694218;-71.226814;73.511589;-179.160477;-87.644836;-305.914917;6.206510;4.664420;-8.810586;6.065362;-2.782338;6.6232627265055
16833695;0;-54.030247;-71.105164;73.351021;-179.189896;-87.745697;-307.563660;5.751605;4.991530;-9.238379;6.356238;-2.300737;6.2775507265055
16833719;0;-54.350574;-70.985504;73.190849;-179.220322;-87.842705;-309.142242;4.770275;5.064960;-8.995872;6.430137;-2.973075;6.1464257265055
16833743;0;-54.654083;-70.868011;73.033371;-179.249969;-87.935287;-310.659271;5.287170;4.820820;-8.772436;7.042875;-3.209113;5.8412507265055
16833767;0;-54.941189;-70.752594;72.878731;-179.280731;-88.025711;-312.083710;5.628585;5.271910;-8.816036;7.200237;-3.609650;5.7148887265055
16833791;0;-55.214218;-70.640221;72.728813;-179.312943;-88.114212;-313.437439;5.063055;5.501745;-8.923664;6.399150;-2.882475;5.7053507265055
16833815;0;-55.472168;-70.531883;72.583427;-179.343781;-88.196434;-314.733612;4.567145;5.548475;-9.046279;6.237025;-3.261562;5.6338257265055
16833839;0;-55.713459;-70.427063;72.441925;-179.372757;-88.276932;-315.942230;5.064010;5.824085;-8.663443;6.740088;-2.336500;5.2547387265055
16833863;0;-55.939274;-70.327003;72.307213;-179.401535;-88.351593;-317.091583;5.378720;5.438800;-8.919579;6.608962;-3.099437;4.6801507265055
16833887;0;-56.150871;-70.230820;72.177559;-179.430389;-88.421104;-318.160339;4.761695;5.421635;-8.558543;6.170262;-3.528588;5.0854637265055
16833911;0;-56.348228;-70.139359;72.055038;-179.456589;-88.489441;-319.155090;4.761695;5.906105;-8.653908;6.699550;-2.620213;4.6968377265055
16833935;0;-56.530766;-70.053528;71.939621;-179.480927;-88.550163;-320.081604;4.820820;6.475445;-8.453636;7.393350;-3.545275;4.2366877265055
16833959;0;-56.698570;-69.974289;71.831543;-179.505234;-88.609779;-320.932892;4.297255;6.225585;-8.318764;7.238387;-2.555837;4.6682257265055
16833983;0;-56.851730;-69.901039;71.731277;-179.529144;-88.661812;-321.708191;4.530905;5.546565;-8.276529;6.628026;-3.092288;4.5442507265055
16834007;0;-56.990192;-69.833328;71.640190;-179.551071;-88.709816;-322.421234;4.646300;5.982395;-8.400507;6.163113;-3.159038;4.0364257265055
16834031;0;-57.114964;-69.772423;71.556557;-179.570236;-88.752708;-323.055939;4.406925;5.427360;-8.283336;6.189337;-3.600112;4.3773637265055
16834055;0;-57.226124;-69.716896;71.481537;-179.587036;-88.794044;-323.617889;3.783225;6.188390;-7.974079;6.389613;-2.307888;4.1127137265055
16834079;0;-57.321880;-69.669327;71.416931;-179.602051;-88.829018;-324.122406;3.831860;5.383490;-8.257457;6.351463;-2.286425;2.8276377265055
16834103;0;-57.403717;-69.627922;71.360947;-179.615265;-88.856758;-324.532532;3.448485;5.717275;-8.106229;6.270400;-2.803800;4.2319257265055
16834127;0;-57.470921;-69.592743;71.314896;-179.626709;-88.880547;-324.892914;4.007335;5.957600;-8.087157;6.105887;-2.863400;3.2210257265055
16834151;0;-57.524918;-69.566048;71.278465;-179.635803;-88.899849;-325.165009;3.623960;5.148885;-8.024486;5.970000;-2.830025;3.5452757265055
16834175;0;-57.564304;-69.545807;71.251648;-179.642609;-88.914207;-325.392822;4.016875;5.223270;-7.971350;5.824563;-2.877700;1.8906507265055
16834199;0;-57.590595;-69.533150;71.235748;-179.647034;-88.923759;-325.515686;4.281995;4.879950;-8.354185;5.750650;-2.975463;3.2472507265055
16834223;0;-57.605240;-69.526230;71.228661;-179.649536;-88.929459;-325.593018;4.778860;5.068775;-8.321486;5.710113;-2.911088;3.0899007265055
16834247;0;-57.610977;-69.524277;71.228516;-179.650772;-88.932236;-325.626160;4.873275;5.114555;-7.490428;5.614750;-2.880087;3.4189127265055
16834271;0;-57.611790;-69.523933;71.229233;-179.651306;-88.933197;-325.634247;4.892345;5.542755;-6.328307;5.447863;-2.872937;3.7407887265055
16834295;0;-57.612118;-69.523903;71.229317;-179.651520;-88.933502;-325.635376;5.040165;5.362510;-6.452285;5.357263;-2.844325;3.7574757265055
16834319;0;-57.612480;-69.523537;71.229210;-179.651566;-88.933624;-325.635864;5.331035;5.012510;-6.919586;5.133150;-2.820487;3.8170757265055
16834343;0;-57.613216;-69.522881;71.229004;-179.651611;-88.933769;-325.636047;5.378720;4.848480;-7.322850;5.030625;-2.775187;3.8719127265055
16834367;0;-57.589081;-69.523155;71.229530;-179.651611;-88.933746;-325.636383;-8.909225;5.848880;-6.316043;4.830350;-2.777575;3.931513265055
16834391;0;-57.449047;-69.523064;71.229530;-179.652237;-88.933762;-325.636536;-26.363369;5.762100;-6.475443;4.334437;-2.765650;3.92675065055
16834415;0;-57.065910;-69.523178;71.229591;-179.655777;-88.934189;-325.636871;-45.813560;6.455420;-6.435936;2.088537;-2.512925;4.03165065055
16834439;0;-56.271301;-69.523987;71.229683;-179.657745;-88.934402;-325.636749;-65.117836;8.092880;-6.107600;0.724787;-2.303113;4.06502565055
16834463;0;-54.966984;-69.526505;71.230202;-179.658493;-88.934967;-325.637207;-64.418793;10.372160;-5.822857;-0.319475;-1.740450;4.196163055
16834487;0;-53.244614;-69.527756;71.230225;-179.658127;-88.933289;-325.638458;-42.602535;11.358260;-5.416864;-0.982275;-3.032675;4.253375055
16834511;0;-51.316578;-69.526825;71.230476;-179.656723;-88.935410;-325.639526;-6.931300;9.752270;-5.234307;-0.684250;-0.901213;4.23431375055
16834535;0;-49.533310;-69.522964;71.248055;-179.654434;-88.924278;-325.639893;20.398136;6.699560;-0.762936;0.092975;1.125325;3.2901751375055
16834559;0;-48.159977;-69.524155;71.316010;-179.653305;-88.790085;-325.598267;37.307735;8.296010;1.216614;5.445475;8.540150;-2.6082881375055
16834583;0;-47.287956;-69.530067;71.474510;-179.668259;-88.380478;-325.282074;36.412235;10.670660;3.277914;9.112350;10.876651;-7.30513875055
16834607;0;-46.884804;-69.543877;71.758904;-179.706787;-87.605827;-324.558655;22.833820;11.995315;6.077629;10.714525;14.269350;-6.6900255055
16834631;0;-46.799110;-69.567307;72.216362;-179.778793;-86.378006;-323.450562;7.221220;13.998030;6.493157;6.504050;16.682138;-8.811950255055
16834655;0;-46.843529;-69.605988;72.846321;-179.871323;-84.652374;-321.888428;5.387305;14.633176;7.329664;5.223750;17.089838;-9.198187255055
16834679;0;-46.942284;-69.656174;73.642876;-179.983322;-82.486549;-319.932098;7.051465;14.874455;7.523122;5.435938;18.053051;-10.04695055055
16834703;0;-47.062595;-69.718292;74.595116;-180.117004;-79.895210;-317.596527;8.512495;15.464780;9.019029;4.899500;20.027151;-10.55001355055
16834727;0;-47.205833;-69.791344;75.703316;-180.271271;-76.880058;-314.896637;7.791515;14.921185;9.119849;5.686275;19.121162;-12.04728855055
16834751;0;-47.369698;-69.875717;76.949020;-180.445114;-73.490761;-311.835938;5.531310;15.020370;8.746551;5.035400;19.559851;-11.37017555055
16834775;0;-47.544388;-69.965729;78.298691;-180.633911;-69.815155;-308.516144;5.373000;15.072820;8.547643;4.489412;17.223351;-10.98870055055
16834799;0;-47.724796;-70.058563;79.718521;-180.831863;-65.951035;-305.044403;6.937980;14.880180;7.047650;5.149837;17.113676;-11.52037555055
16834823;0;-47.912376;-70.151680;81.176178;-181.035339;-61.989933;-301.469879;6.352420;15.093801;6.487707;4.613388;16.717901;-10.65492455055
16834847;0;-48.104614;-70.243118;82.641808;-181.239594;-58.007294;-297.879547;4.566190;16.672131;6.281985;4.959100;18.210402;-10.62631255055
16834871;0;-48.295898;-70.335220;84.111809;-181.444443;-54.022095;-294.308716;4.817960;16.589161;6.219315;5.187987;16.336437;-10.84088855055
16834895;0;-48.484722;-70.429947;85.579498;-181.649139;-50.039379;-290.734375;5.865095;15.667915;5.662100;5.648125;15.931125;-10.74075055055
16834919;0;-48.674717;-70.523315;87.048225;-181.854034;-46.057240;-287.151215;5.713460;15.202519;6.253379;5.967613;16.770363;-11.44885055055
16834943;0;-48.866890;-70.617348;88.516304;-182.059250;-42.073551;-283.564819;4.490850;15.653610;5.997243;5.712500;19.190300;-10.88380055055
16834967;0;-49.057205;-70.709854;89.985451;-182.264313;-38.088829;-279.991547;4.643440;16.436575;6.896421;5.471700;17.251963;-10.51425055055
16834991;0;-49.246742;-70.803238;91.453712;-182.468933;-34.104717;-276.423248;5.118370;16.331669;6.222043;5.321500;16.152849;-11.34156355055
16835015;0;-49.436577;-70.896301;92.922386;-182.672302;-30.122309;-272.844696;5.379675;15.816686;6.288800;6.155962;16.942013;-10.61200055055
16835039;0;-49.627892;-70.987816;94.389961;-182.877747;-26.138186;-269.261658;4.723545;16.409870;6.659371;4.916187;19.364349;-10.82896255055
16835063;0;-49.818306;-71.080101;95.859482;-183.082092;-22.153473;-265.670288;4.941940;16.760824;7.046286;4.999638;16.643999;-10.65014955055
16835087;0;-50.007942;-71.174622;97.327057;-183.286774;-18.170492;-262.100677;5.128860;16.663549;6.870536;4.851812;17.199512;-10.39505055055
16835111;0;-50.197819;-71.269112;98.796310;-183.490814;-14.187836;-258.538422;5.520820;15.713690;7.230207;5.600450;17.828938;-10.89572555055
16835135;0;-50.388817;-71.363922;100.263481;-183.695297;-10.202785;-254.948822;5.117415;15.168190;6.690701;5.552763;19.676676;-10.2519875055
16835159;0;-50.579243;-71.456009;101.732651;-183.900726;-6.217913;-251.367783;5.374905;15.833850;7.578985;5.083075;16.477100;-10.38312475055
16835183;0;-50.769524;-71.548363;103.200592;-184.105011;-2.234287;-247.787735;5.571365;16.462324;6.983614;5.881775;17.139900;-10.97440075055
16835207;0;-50.960621;-71.641403;104.669525;-184.309174;1.747746;-244.209579;5.012510;15.886305;7.531300;5.872238;17.983912;-10.344975075055
16835231;0;-51.150784;-71.734657;106.137962;-184.514023;5.732368;-240.645615;5.459785;15.748975;6.551736;6.368150;19.383425;-10.886188075055
16835255;0;-51.340870;-71.828796;107.605194;-184.718918;9.717328;-237.069107;5.520820;14.759061;8.102142;5.922313;16.875263;-10.366438075055
16835279;0;-51.531975;-71.921829;109.073547;-184.925140;13.700259;-233.481033;4.893300;15.930174;7.277893;4.222387;16.837112;-11.02447575055
16835303;0;-51.723129;-72.015030;110.542084;-185.129318;17.683521;-229.909958;4.585265;15.248296;8.147100;4.205700;18.391600;-11.38686375055
16835327;0;-51.912838;-72.108673;112.011955;-185.333984;21.667730;-226.324753;5.176540;15.049930;6.726129;4.236687;18.956650;-10.12562675055
16835351;0;-52.102650;-72.202095;113.477859;-185.538177;25.653212;-222.757111;5.542755;14.065740;8.419579;4.701612;16.784662;-10.39027575055
16835375;0;-52.293602;-72.294716;114.947723;-185.742584;29.635441;-219.184967;5.029675;14.764784;7.405957;4.472725;16.171925;-10.66446275055
16835399;0;-52.484776;-72.387436;116.414795;-185.947205;33.618877;-215.594971;4.643440;14.852519;8.603499;4.677763;18.343925;-10.52140075055
16835423;0;-52.674301;-72.479561;117.885025;-186.151199;37.603489;-212.012299;5.427360;15.027044;7.243836;5.512238;18.608562;-10.68115075055
16835447;0;-52.864101;-72.574280;119.350853;-186.355789;41.589142;-208.441635;5.493160;13.311384;8.426393;6.031988;16.629686;-9.744163075055
16835471;0;-53.055000;-72.667267;120.821800;-186.559982;45.571514;-204.870667;5.306240;13.762469;7.410043;6.945125;16.493788;-10.18285075055
16835495;0;-53.245922;-72.761856;122.286865;-186.765594;49.554893;-201.298248;5.073545;12.991905;9.286057;6.167888;18.773075;-10.90048875055
16835519;0;-53.435368;-72.853989;123.758522;-186.971252;53.539333;-197.706680;5.896565;13.974185;7.753371;5.509850;17.962450;-10.15423875055
16835543;0;-53.625980;-72.946823;125.224609;-187.176514;57.525097;-194.126724;5.564685;13.121600;8.801050;4.861350;16.722675;-10.69068775055
16835567;0;-53.817451;-73.038109;126.695457;-187.380157;61.506638;-190.557541;5.128860;13.308525;8.036743;5.750650;16.736975;-10.35212575055
16835591;0;-54.007557;-73.130196;128.160080;-187.585037;65.490540;-186.989441;5.827900;13.597486;9.792871;5.006788;19.347664;-10.51663875055
16835615;0;-54.197357;-73.221863;129.631943;-187.790283;69.474998;-183.412170;5.947110;14.170645;8.682522;4.587162;18.172262;-11.02685175055
16835639;0;-54.388641;-73.316490;131.097717;-187.994614;73.460770;-179.820175;5.453105;13.164520;9.126657;4.978175;16.567699;-10.69783775055
16835663;0;-54.580055;-73.408745;132.568436;-188.197754;77.442352;-176.244110;4.856105;13.003345;8.933200;6.215563;16.145700;-10.61916375055
16835687;0;-54.769405;-73.503372;134.033752;-188.401917;81.425957;-172.678055;5.731580;12.257575;9.878700;6.551737;19.366737;-10.81227575055
16835711;0;-54.959282;-73.595116;135.504990;-188.608246;85.410309;-169.100357;5.935665;13.457295;9.694778;5.822175;18.298624;-10.20907575055
16835735;0;-55.150730;-73.688469;136.971680;-188.812943;89.395889;-165.524551;5.196570;13.266561;9.412764;6.186950;16.763201;-10.60723875055
16835759;0;-55.341564;-73.780556;138.441406;-189.016937;93.377533;-161.938019;5.360600;12.747760;9.505407;6.279937;16.429413;-10.67637575055
16835783;0;-55.530285;-73.872887;139.906311;-189.222061;97.360786;-158.357086;5.809780;12.802119;8.479522;5.881775;18.522738;-10.58816275055
16835807;0;-55.709694;-73.962486;141.306183;-189.420364;101.220985;-154.877625;3.810880;12.609480;1.527236;5.049700;6.935587;-7.133475275055
16835831;0;-55.863060;-74.038971;142.474365;-189.586288;104.432014;-151.950531;2.002715;11.245726;-3.583086;3.709788;1.747600;-4.87565075055
16835855;0;-55.974838;-74.093521;143.333008;-189.704132;106.764023;-149.852798;1.844405;9.840010;-5.066729;5.221363;-2.968300;-3.50712575055
16835879;0;-56.041424;-74.124939;143.866165;-189.778580;108.211784;-148.537430;2.413745;11.157035;-7.361000;4.680150;-4.715912;-0.6079625055
16835903;0;-56.069153;-74.130547;144.092316;-189.807693;108.794640;-148.011002;2.318380;10.317801;-6.516315;5.629063;-4.043575;0.04528825055
16835927;0;-56.071636;-74.128349;144.126038;-189.810867;108.856995;-147.984314;2.688405;8.181570;-2.265657;6.020062;4.026887;-1.618850825055
16835951;0;-56.071613;-74.128372;144.119339;-189.811539;108.860741;-147.985733;3.304480;8.625030;-2.384186;6.134500;4.661075;-0.936975825055
16835975;0;-56.071922;-74.129051;144.119247;-189.811920;108.861931;-147.990067;3.667830;9.707450;-1.329693;6.082050;4.673000;-0.622262825055
16835999;0;-56.072735;-74.126160;144.124329;-189.812271;108.863693;-147.994522;4.055020;5.511280;1.145771;6.380075;4.622925;-0.2884752825055
16836023;0;-56.074306;-74.115273;144.142487;-189.814011;108.868591;-148.001419;5.538940;0.212665;1.490450;7.054800;5.109300;-0.1001252825055
16836047;0;-56.077999;-74.080315;144.170349;-189.820053;108.883789;-148.006226;6.389615;-1.347540;2.200257;7.705688;5.187987;-0.002375825055
16836071;0;-56.086380;-74.011230;144.215530;-189.833435;108.913490;-148.017044;6.568905;-3.229140;3.166193;8.127687;5.536075;0.0405255825055
16836095;0;-56.097267;-73.899803;144.286011;-189.857010;108.962425;-148.025513;7.645605;-3.946300;3.528593;7.898800;5.838862;0.4601385825055
16836119;0;-56.111958;-73.736916;144.385529;-189.890656;109.033958;-148.037567;8.050915;-3.351210;3.423686;7.894038;6.437300;0.7343255825055
16836143;0;-56.131260;-73.522484;144.513702;-189.933243;109.130997;-148.053101;7.952690;-3.068920;3.754750;8.499613;5.707737;1.1634755825055
16836167;0;-56.154430;-73.257607;144.671036;-189.988510;109.250061;-148.074570;8.068080;-4.453655;3.519057;7.507800;5.536075;1.4185875825055
16836191;0;-56.181622;-72.936066;144.856049;-190.052734;109.391144;-148.097794;8.138655;-4.691120;3.341943;7.455338;6.194112;1.9049635825055
16836215;0;-56.213436;-72.555962;145.065201;-190.127487;109.556915;-148.128647;7.551190;-4.444120;4.051750;6.866450;6.394375;2.1767505825055
16836239;0;-56.248528;-72.117172;145.299255;-190.210403;109.747467;-148.164749;7.573125;-5.092620;3.814693;6.978500;5.931850;2.5129255825055
16836263;0;-56.286980;-71.618698;145.554977;-190.304764;109.961380;-148.206589;7.662770;-6.836890;4.269736;5.886550;6.318087;2.9420755825055
16836287;0;-56.329704;-71.053429;145.830276;-190.407303;110.201195;-148.255081;7.284160;-6.835935;3.971371;5.755413;6.217950;3.2758625825055
16836311;0;-56.375278;-70.418663;146.122421;-190.518143;110.464012;-148.319580;7.350920;-6.903645;4.014965;5.741113;7.357588;3.0255255825055
16836335;0;-56.424034;-69.714241;146.428894;-190.639023;110.753609;-148.392487;6.730075;-7.391925;4.287443;5.111688;6.012912;2.7489625825055
16836359;0;-56.475330;-68.938660;146.744339;-190.765335;111.066521;-148.466232;6.439205;-9.225845;4.769729;6.582725;5.776875;2.8800875825055
16836383;0;-56.528568;-68.084473;147.069061;-190.900833;111.401703;-148.546265;6.207465;-9.045600;4.254743;6.332388;7.233612;3.2424875825055
16836407;0;-56.583733;-67.148819;147.395264;-191.043243;111.759827;-148.650085;6.236075;-8.095739;4.933214;5.776875;7.181162;2.4223255825055
16836431;0;-56.639214;-66.132828;147.723099;-191.191193;112.140984;-148.752319;6.366725;-9.544371;4.187986;6.163113;5.509850;2.4747755825055
16836455;0;-56.697044;-65.034874;148.044968;-191.343414;112.538956;-148.852859;5.733485;-10.306355;4.014965;5.977150;7.131088;3.221025825055
16836479;0;-56.754131;-63.848343;148.356873;-191.498886;112.953705;-148.976074;5.969045;-9.682655;4.516328;7.295600;6.647100;3.0779755825055
16836503;0;-56.810589;-62.575027;148.653748;-191.657349;113.380379;-149.107651;5.955695;-9.914395;4.941393;7.510175;7.278913;3.0946625825055
16836527;0;-56.865170;-61.216866;148.934494;-191.814072;113.815918;-149.268982;6.337165;-10.586735;4.076272;8.912075;6.456375;1.370900825055
16836551;0;-56.919022;-59.773853;149.189835;-191.971207;114.252701;-149.400131;5.684850;-11.538505;4.069464;7.426737;6.349075;2.501000825055
16836575;0;-56.968880;-58.245777;149.417297;-192.121857;114.681915;-149.542633;5.967140;-10.890960;3.395079;7.264613;7.836813;2.503387825055
16836599;0;-57.014824;-56.638004;149.608215;-192.265106;115.100479;-149.688309;5.695340;-11.089320;3.716600;4.587162;6.258488;2.801413825055
16836623;0;-57.055561;-54.956501;149.763092;-192.393890;115.493965;-149.840530;5.250930;-9.670256;2.728864;6.332388;6.418225;2.4461623825055
16836647;0;-57.089127;-53.216763;149.868790;-192.508057;115.851990;-149.981277;5.485530;-8.953090;2.643036;5.192750;5.621900;2.4962383825055
16836671;0;-57.115120;-51.432098;149.925262;-192.599548;116.160713;-150.117447;5.120275;-7.689475;2.008164;6.430137;5.869863;2.0503873825055
16836695;0;-57.131874;-49.629353;149.908737;-192.668381;116.407219;-150.217697;4.583355;-4.160880;-2.820150;4.391663;5.698200;2.772800825055
16836719;0;-57.137112;-47.839470;149.845428;-192.706268;116.583252;-150.312225;3.946300;-3.388400;-1.366479;5.958075;5.052087;2.267350825055
16836743;0;-57.133179;-46.087337;149.755707;-192.715378;116.678696;-150.369751;-0.059125;0.715255;-4.461829;3.776550;4.198550;2.465237825055
16836767;0;-57.122643;-44.402882;149.617935;-192.703751;116.693710;-150.395905;-3.154750;1.874920;-3.892350;-2.863400;2.582062;2.88486325055
16836791;0;-57.104549;-42.801945;149.441879;-192.655411;116.635803;-150.396683;-5.654335;2.995490;-3.967278;-4.904263;-2.269737;2.9492375055
16836815;0;-57.076710;-41.298203;149.230453;-192.573898;116.490662;-150.393097;-5.501745;4.836080;-4.054471;-5.514612;-2.224437;1.3756755055
16836839;0;-57.039776;-39.895500;148.990707;-192.467667;116.275040;-150.359451;-5.515095;4.507060;-3.068100;-5.354875;-2.334112;0.1406635055
16836863;0;-56.996937;-38.591301;148.730743;-192.343094;115.999313;-150.290588;-5.655285;5.499835;-4.187986;-5.822175;-1.940725;-0.519750055
16836887;0;-56.949390;-37.383762;148.450775;-192.203400;115.673889;-150.195526;-5.841255;5.670545;-3.153936;-7.216925;-2.415175;-1.332750055
16836911;0;-56.896832;-36.267570;148.160767;-192.049057;115.304741;-150.083832;-5.526540;7.215495;-4.249300;-4.458425;-2.005100;-2.167212055
16836935;0;-56.839920;-35.238186;147.859146;-191.888809;114.902290;-149.957672;-4.677770;7.863995;-2.332414;-5.404938;-2.653587;-2.675050055
16836959;0;-56.781815;-34.291954;147.554291;-191.723129;114.472786;-149.806122;-4.899975;7.400510;-1.880100;-5.145062;-1.745212;-2.024163055
16836983;0;-56.722809;-33.422905;147.251465;-191.554367;114.026291;-149.658844;-4.776000;7.902144;-2.957750;-4.422662;-2.462862;-2.181525055
16837007;0;-56.663033;-32.626877;146.947205;-191.385223;113.569305;-149.505997;-4.417415;8.595465;-2.198900;-5.183212;-2.584450;-2.009862055
16837031;0;-56.602264;-31.899309;146.650085;-191.218384;113.106354;-149.359970;-3.679275;8.223530;-1.878736;-4.565712;-1.554487;-2.217288055
16837055;0;-56.543884;-31.237581;146.359726;-191.056671;112.646919;-149.225220;-3.931995;8.378025;-1.881457;-5.006788;-1.668925;-3.244875055
16837079;0;-56.487766;-30.635563;146.079773;-190.898956;112.197456;-149.056381;-4.154205;8.703230;-1.208436;-5.016325;-2.770412;-1.404275055
16837103;0;-56.433243;-30.090662;145.813187;-190.749710;111.759315;-148.917450;-4.300115;9.265895;-1.782007;-5.173675;-2.694125;-1.795287055
16837127;0;-56.380802;-29.600794;145.560898;-190.608749;111.338562;-148.784988;-3.890990;9.257315;-1.249307;-5.586138;-0.774850;-1.533025055
16837151;0;-56.332256;-29.163319;145.324585;-190.475754;110.943527;-148.677673;-4.367825;9.452815;-1.301079;-4.696837;-2.150525;-2.746575055
16837175;0;-56.287487;-28.774555;145.106384;-190.355133;110.573662;-148.560150;-4.673000;9.328840;-0.821521;-5.211825;-1.511562;-2.338875055
16837199;0;-56.246002;-28.431530;144.907181;-190.245773;110.234848;-148.452606;-3.956790;10.388370;-0.444136;-5.114075;-1.401900;-2.35080055
16837223;0;-56.208492;-28.134075;144.729065;-190.147385;109.928490;-148.367981;-4.268645;11.058805;-0.141686;-5.104537;-0.662800;-2.99691255
16837247;0;-56.175503;-27.881268;144.574493;-190.062836;109.659065;-148.276016;-4.163740;10.451315;-0.724786;-5.524150;-0.922675;-2.26258855
16837271;0;-56.148014;-27.670078;144.440262;-189.989227;109.428970;-148.203033;-4.280090;11.000630;0.168936;-5.047312;-1.111025;-2.219675855
16837295;0;-56.125172;-27.498472;144.332443;-189.928757;109.237640;-148.149033;-4.203795;11.238095;-0.095364;-4.351138;-0.336162;-2.47477555
16837319;0;-56.108067;-27.367470;144.247604;-189.883682;109.088982;-148.107681;-4.455565;11.655806;0.373293;-5.376338;0.138275;-2.6941257555
16837343;0;-56.096432;-27.276691;144.188751;-189.851822;108.983368;-148.077835;-4.637715;11.072155;0.604900;-5.764950;-0.123975;-2.913475555
16837367;0;-56.089928;-27.218628;144.154648;-189.831024;108.918274;-148.056595;-4.802700;11.390685;0.461850;-5.683887;-0.448225;-2.892013555
16837391;0;-56.087292;-27.189075;144.138657;-189.819672;108.884026;-148.046783;-4.958150;10.318755;0.310621;-5.824563;-1.156325;-2.973075555
16837415;0;-56.086514;-27.178648;144.136642;-189.814972;108.869759;-148.042450;-5.061145;9.423255;1.332414;-5.824563;-1.125325;-3.0660625555
16837439;0;-56.085865;-27.178440;144.139114;-189.813629;108.866409;-148.039810;-5.259510;9.553905;2.719329;-5.657662;-1.173012;-3.0636755555
16837463;0;-56.085228;-27.178682;144.139297;-189.813232;108.865685;-148.038956;-5.278585;9.819980;2.568107;-5.578988;-1.118175;-3.0398255555
16837487;0;-56.084457;-27.178495;144.139191;-189.813019;108.865318;-148.038101;-5.496025;9.271620;2.148486;-5.462162;-1.080025;-3.0803635555
16837511;0;-56.083721;-27.177330;144.138794;-189.812866;108.865051;-148.037582;-5.470275;7.528305;1.544950;-5.438325;-1.029963;-3.0875125555
16837535;0;-56.082962;-27.156567;144.128799;-189.812851;108.866158;-148.037415;-5.559920;4.918095;-1.536771;-5.226125;0.061987;-3.0922885555
16837559;0;-56.082207;-27.098646;144.097641;-189.813126;108.879784;-148.038376;-5.528450;3.570555;-1.634864;-4.446500;4.460800;-2.9063125555
16837583;0;-56.081680;-26.986980;144.040451;-189.814087;108.931427;-148.039063;-5.588530;3.230090;-1.844679;-2.892013;6.401537;-2.2649755555
16837607;0;-56.081120;-26.808399;143.954544;-189.815979;109.024574;-148.042038;-5.586620;2.531050;-1.944129;-0.393387;6.682862;-1.2493135555
16837631;0;-56.080688;-26.565073;143.837631;-189.819580;109.154671;-148.054581;-5.564685;3.460880;-2.070828;2.565375;7.050025;-0.24556235555
16837655;0;-56.080326;-26.276299;143.695450;-189.827240;109.311119;-148.075729;-5.666730;5.287170;-1.400536;4.451262;6.306162;0.495900235555
16837679;0;-56.079941;-25.965527;143.543335;-189.837540;109.474144;-148.107452;-5.588530;7.607460;-0.965936;5.493163;6.189337;0.836837235555
16837703;0;-56.079613;-25.651220;143.390594;-189.849503;109.635117;-148.135727;-5.559920;7.023810;-0.862393;5.722037;5.526537;1.528262235555
16837727;0;-56.079391;-25.339241;143.237350;-189.860901;109.792519;-148.166092;-5.660055;7.338520;-0.878736;6.232250;6.313313;1.933563235555
16837751;0;-56.079151;-25.027767;143.083557;-189.871933;109.947090;-148.197708;-5.574225;7.702825;-1.009529;6.616113;6.148813;2.272125235555
16837775;0;-56.078987;-24.718756;142.928452;-189.882584;110.100212;-148.228638;-5.557060;7.088660;-0.764300;7.035725;6.210800;2.694125235555
16837799;0;-56.078800;-24.410698;142.772995;-189.893112;110.250992;-148.263138;-5.552290;7.705685;-0.974107;7.350437;6.458750;2.703663235555
16837823;0;-56.078659;-24.104345;142.616776;-189.903366;110.398300;-148.297073;-5.526540;7.605550;-0.891000;7.615087;6.313313;2.603525235555
16837847;0;-56.078514;-23.800100;142.459961;-189.913559;110.544907;-148.328796;-5.507465;8.194920;-0.993179;7.886875;6.017675;2.655975235555
16837871;0;-56.078426;-23.498569;142.302612;-189.923859;110.688698;-148.358749;-5.528450;6.984710;-1.038136;7.915487;4.687300;2.713200235555
16837895;0;-56.078350;-23.197632;142.143402;-189.933838;110.828796;-148.388031;-5.485530;7.739065;-0.688007;8.049000;5.271425;2.698888235555
16837919;0;-56.078239;-22.897518;141.983994;-189.944016;110.965637;-148.412796;-5.484580;7.834430;-0.656671;7.784362;5.853175;3.008837235555
16837943;0;-56.078186;-22.599756;141.824860;-189.953949;111.102234;-148.438751;-5.447385;7.898330;-1.039500;7.624625;5.624288;3.049362235555
16837967;0;-56.078129;-22.304058;141.664764;-189.963593;111.235916;-148.464798;-5.440710;7.313725;-0.810621;7.486338;5.655288;3.120888235555
16837991;0;-56.078064;-22.009790;141.503922;-189.973267;111.366943;-148.489792;-5.404470;7.925030;-1.029964;7.269375;5.679125;3.337850235555
16838015;0;-56.078041;-21.716333;141.342072;-189.982224;111.494392;-148.518585;-5.412100;7.929800;-0.873293;7.264613;6.589887;3.118512235555
16838039;0;-56.077988;-21.424318;141.180023;-189.991272;111.623001;-148.547333;-5.388255;8.483885;-0.912800;7.295600;6.182188;2.977837235555
16838063;0;-56.077976;-21.134926;141.017471;-190.000000;111.749489;-148.576736;-5.347250;7.775305;-1.152579;7.176387;5.009162;2.598763235555
16838087;0;-56.077953;-20.847107;140.853775;-190.008408;111.872711;-148.600754;-5.342480;7.718085;-0.749314;7.355212;5.071162;2.517700235555
16838111;0;-56.077930;-20.560781;140.689545;-190.017044;111.991837;-148.622528;-5.284305;7.869720;-0.698900;7.374275;6.330012;2.508162235555
16838135;0;-56.077911;-20.274830;140.524109;-190.025497;112.112000;-148.644073;-5.284305;8.075709;-0.659393;7.359975;5.609988;2.481925235555
16838159;0;-56.077900;-19.991009;140.359543;-190.034058;112.227852;-148.663055;-5.224225;8.340835;-0.826971;7.393350;5.991450;2.670288235555
16838183;0;-56.077900;-19.708979;140.193970;-190.042465;112.342491;-148.682327;-5.207060;7.913585;-0.787457;7.324213;5.838862;2.899163235555
16838207;0;-56.077900;-19.428234;140.027618;-190.050812;112.455109;-148.701859;-5.193710;7.693290;-0.821521;7.107250;5.826950;3.066062235555
16838231;0;-56.077900;-19.148708;139.860840;-190.059326;112.565681;-148.721008;-5.161285;8.208270;-0.732964;7.004738;5.543225;3.209113235555
16838255;0;-56.077888;-18.870689;139.693100;-190.067413;112.674583;-148.741257;-5.152700;8.458136;-0.757486;6.997575;5.958075;3.371238235555
16838279;0;-56.077866;-18.593691;139.526108;-190.075699;112.781509;-148.760773;-5.150790;8.358000;-1.182550;6.716250;5.550375;3.514288235555
16838303;0;-56.077866;-18.318548;139.356964;-190.083466;112.885826;-148.783249;-5.077360;8.657454;-0.878736;6.766313;6.103513;3.437987235555
16838327;0;-56.077877;-18.045406;139.186966;-190.091187;112.988670;-148.805191;-5.048750;8.387565;-0.573564;6.635188;6.361000;3.407000235555
16838351;0;-56.077877;-17.773483;139.017471;-190.099091;113.089470;-148.826141;-5.043025;7.791515;-0.745221;6.451600;6.203650;3.433225235555
16838375;0;-56.077877;-17.501913;138.847610;-190.106155;113.189415;-148.846695;-5.011555;8.222575;-0.831057;6.623262;6.434912;3.292550235555
16838399;0;-56.077877;-17.232000;138.677185;-190.113495;113.287148;-148.866684;-4.915235;8.551596;-0.787457;6.670950;6.232250;3.328313235555
16838423;0;-56.077877;-16.963966;138.505890;-190.120697;113.382828;-148.884933;-4.885670;8.584974;-0.693457;6.718625;6.499288;3.380775235555
16838447;0;-56.077854;-16.697065;138.333969;-190.127609;113.477150;-148.903214;-4.887580;8.354185;-0.656671;6.916512;6.101125;3.423687235555
16838471;0;-56.077900;-16.431252;138.162201;-190.134766;113.567505;-148.919800;-4.835125;8.343695;-1.066750;6.942738;6.985662;3.514288235555
16838495;0;-56.077900;-16.166788;137.989273;-190.141769;113.660355;-148.936218;-4.801750;8.477210;-0.581736;6.985662;5.588525;3.621575235555
16838519;0;-56.077877;-15.903084;137.815857;-190.148834;113.747787;-148.954605;-4.769325;9.099960;-0.761571;6.918900;6.244175;3.564350235555
16838543;0;-56.077900;-15.641026;137.641495;-190.155731;113.834328;-148.970764;-4.727360;8.990285;-0.632143;6.914137;5.917538;3.612037235555
16838567;0;-56.077888;-15.380915;137.467438;-190.162476;113.918411;-148.989166;-4.688260;8.244510;-0.768386;7.061950;6.809225;3.554812235555
16838591;0;-56.077900;-15.121978;137.292862;-190.169403;114.002823;-149.007843;-4.669185;7.725715;-0.670293;6.873600;6.365775;3.476138235555
16838615;0;-56.077888;-14.863766;137.118011;-190.175995;114.082710;-149.026978;-4.636760;8.103370;-0.839229;6.859300;7.140625;3.266325235555
16838639;0;-56.077900;-14.606071;136.941864;-190.182388;114.164902;-149.046555;-4.598615;8.774755;-0.792907;6.914137;5.745887;2.965925235555
16838663;0;-56.077900;-14.350583;136.765900;-190.188629;114.243256;-149.063217;-4.561420;8.691785;-0.865114;6.895062;6.179800;2.794263235555
16838687;0;-56.077900;-14.095942;136.589859;-190.194809;114.318817;-149.078781;-4.501340;8.930204;-0.963207;6.966587;6.716250;2.684587235555
16838711;0;-56.077900;-13.842620;136.412048;-190.200668;114.395172;-149.094559;-4.483220;8.806225;-0.799721;7.123938;6.127350;2.489088235555
16838735;0;-56.077923;-13.590275;136.233765;-190.206802;114.468971;-149.108856;-4.461285;8.661270;-0.704350;7.100100;5.731575;2.381800235555
16838759;0;-56.077930;-13.339500;136.055603;-190.212723;114.539734;-149.122986;-4.389760;8.167265;-0.595364;7.212150;6.473062;2.193450235555
16838783;0;-56.077930;-13.088815;135.877991;-190.218735;114.608276;-149.137436;-4.344940;8.717535;-0.809257;6.980888;7.164475;2.052775235555
16838807;0;-56.077930;-12.839688;135.698730;-190.224548;114.679131;-149.148575;-4.315375;8.739470;-0.792907;6.947512;5.819788;2.110000235555
16838831;0;-56.077942;-12.591881;135.519028;-190.230270;114.746033;-149.159515;-4.304885;8.525845;-0.667571;6.875988;6.611338;2.136225235555
16838855;0;-56.077953;-12.345711;135.338837;-190.235992;114.811874;-149.172333;-4.259105;8.358000;-0.585821;6.709088;6.370538;2.002712235555
16838879;0;-56.077976;-12.099968;135.159714;-190.241699;114.876411;-149.184540;-4.226680;8.662220;-1.095357;6.518363;6.082050;1.981250235555
16838903;0;-56.077976;-11.854951;134.977753;-190.246902;114.938416;-149.194565;-4.158970;8.981700;-0.592636;6.597038;6.947512;2.121925235555
16838927;0;-56.077976;-11.611373;134.796051;-190.252136;115.000389;-149.204575;-4.119870;8.927345;-0.633507;6.408688;6.213187;2.214900235555
16838951;0;-56.077976;-11.369301;134.614426;-190.257339;115.060028;-149.214874;-4.076955;8.733745;-0.630786;6.272788;6.465900;2.334112235555
16838975;0;-56.077999;-11.127546;134.432632;-190.262238;115.117683;-149.224884;-4.031180;8.847235;-0.667571;6.170262;6.768700;2.436637235555
16838999;0;-56.078011;-10.887264;134.250031;-190.266846;115.175026;-149.237015;-4.024505;8.824345;-0.765657;6.258488;6.396762;2.419938235555
16839023;0;-56.078018;-10.647675;134.066971;-190.271530;115.232674;-149.247879;-3.987310;8.959770;-0.682557;6.287087;5.750650;2.484313235555
16839047;0;-56.078064;-10.409194;133.883392;-190.276093;115.285362;-149.259033;-3.948210;9.045600;-0.817429;6.225100;6.237025;2.465237235555
16839071;0;-56.078064;-10.171021;133.700500;-190.280701;115.337738;-149.269608;-3.897665;9.208674;-0.888279;6.198875;6.365775;2.539150235555
16839095;0;-56.078064;-9.934552;133.515350;-190.285095;115.388664;-149.280411;-3.829000;9.222980;-0.741136;6.043900;6.291862;2.5129250235555
