Time;Label;A1;A2;A3;A4;A5;A6;Cur1;Cur2;Cur3;Cur4;Cur5;Cur6;Auto_Label
888868;OK;0.625968;-89.518257;90.282127;4.939859;90.48333;-143.840714;2.41661;6.49452;-2.508157;1.63555;0.543588;-1.623625;OK
888892;OK;0.607885;-89.519691;90.327042;4.920442;90.485374;-143.839294;11.231421;8.726115;7.119857;13.329975;2.236362;-2.369875;OK
888916;OK;0.50179;-89.554657;90.591484;4.457918;90.550598;-143.733337;20.471569;11.668205;18.690651;32.932751;6.711475;-7.736675;OK
888940;OK;0.227637;-89.665314;91.347679;2.796355;90.797577;-143.162109;32.730099;15.21301;32.741001;55.243961;11.820787;-10.023112;OK
888964;OK;-0.294291;-89.884438;92.795853;-0.512106;91.298866;-141.971252;37.787434;16.449924;41.968479;77.280983;12.171263;-11.85655;OK
888988;OK;-1.085076;-90.218071;95.002319;-5.585282;92.065849;-140.189392;42.309761;20.379065;45.597893;79.395767;13.511175;-14.526838;OK
889012;OK;-2.115703;-90.656853;97.886917;-12.258807;93.074921;-137.790192;38.36441;20.29991;39.915356;76.329704;13.759125;-14.538762;OK
889036;OK;-3.296074;-91.15519;101.169052;-19.861465;94.224106;-135.067505;27.65369;18.8055;31.84318;62.894814;12.943737;-14.359949;OK
889060;OK;-4.532443;-91.669006;104.595879;-27.723164;95.413116;-132.23848;29.870983;17.419815;28.53257;60.408115;12.118813;-13.5231;OK
889084;OK;-5.781599;-92.183655;108.050919;-35.614689;96.605019;-129.407776;27.194019;18.0788;27.686522;57.706825;13.463489;-13.422963;OK
889108;OK;-7.031975;-92.700287;111.508301;-43.505646;97.799248;-126.593422;26.751514;17.174719;29.735565;58.071613;11.956687;-13.976089;OK
889132;OK;-8.284966;-93.214554;114.970894;-51.395214;98.992523;-123.771652;25.98381;17.65823;29.723299;58.031075;11.031625;-13.372888;OK
889156;OK;-9.521214;-93.72612;118.406929;-59.254738;100.179886;-120.963242;23.07415;15.99407;22.656572;52.754871;11.658663;-13.082025;OK
889180;OK;-10.682501;-94.210144;121.636574;-66.717583;101.308968;-118.272652;15.782354;11.92951;8.739742;39.572712;8.285037;-10.7407505;OK
889204;OK;-11.67004;-94.615608;124.337692;-72.965317;102.255096;-116.008972;3.057475;7.469175;-1.532686;24.433126;6.167888;-7.541175505;OK
889228;OK;-12.397467;-94.911308;126.323753;-77.50721;102.94455;-114.369202;-1.979825;5.09548;-8.60895;15.668863;2.52485;-5.82456305;OK
889252;OK;-12.841172;-95.093628;127.551491;-80.306335;103.367165;-113.358345;-1.49536;2.712245;-11.138914;1.7929;1.976487;-3.16857505;OK
889276;OK;-13.047352;-95.173492;128.110931;-81.494316;103.545074;-112.924019;-4.78363;1.600265;-11.411392;-3.814687;2.47955;-1.3041375;OK
889300;OK;-13.0989;-95.189674;128.256775;-81.709312;103.576347;-112.864655;-1.86443;0.577925;-4.570821;2.362725;2.696512;-1.561638375;OK
889324;OK;-13.097241;-95.184715;128.267914;-81.716049;103.57724;-112.867706;0.13542;2.332685;-4.414143;3.545275;2.796638;-0.8749888375;OK
889348;OK;-13.09389;-95.182373;128.263855;-81.71447;103.577095;-112.873985;-0.007625;1.845355;-4.7057;1.382825;2.303113;-0.183575375;OK
889372;OK;-13.093627;-95.152588;128.269272;-81.711151;103.576668;-112.88002;-0.98228;-9.84573;-1.602171;0.102513;2.0647;0.073900375;OK
889396;OK;-13.092298;-94.994331;128.284103;-81.707542;103.576035;-112.891785;-1.107215;-24.728775;-1.886907;-0.23365;1.74045;0.4506005;OK
889420;OK;-13.089419;-94.566772;128.29155;-81.704727;103.575417;-112.900284;-0.510215;-44.934269;0.151221;-0.9799;1.578325;0.69141305;OK
889444;OK;-13.088968;-93.682495;128.298798;-81.702171;103.575493;-112.909958;-1.14822;-65.70816;1.411436;-1.842975;1.080025;0.76770005;OK
889468;OK;-13.087771;-92.166801;128.30365;-81.69973;103.575294;-112.918449;-0.92697;-80.726616;1.371929;-2.391337;0.82015;0.74625005;OK
889492;OK;-13.086651;-89.968414;128.28421;-81.697441;103.574898;-112.923393;-0.80299;-81.292152;-1.483643;-2.224437;0.627038;0.8988385;OK
889516;OK;-13.086112;-87.14875;128.258362;-81.695984;103.574272;-112.928444;-0.811575;-70.837021;-0.019071;-1.826275;0.4816;0.9512885;OK
889540;OK;-13.08598;-83.862267;128.246368;-81.693787;103.573563;-112.93261;-1.021385;-58.798782;-1.39645;-2.324575;0.503062;0.9655875;OK
889564;OK;-13.085409;-80.300842;128.233734;-81.692688;103.57283;-112.934639;-0.89645;-47.672268;-1.641679;-2.3365;0.414837;1.0752625;OK
889588;OK;-13.085145;-76.614731;128.23024;-81.691948;103.572456;-112.935875;-0.903125;-42.901989;-0.61035;-2.422325;0.433913;1.2016255;OK
889612;OK;-13.085113;-72.874817;128.234634;-81.690613;103.571373;-112.937386;-1.040455;-37.901875;0.069479;-1.4305;0.758162;1.23977555;OK
889636;OK;-13.08497;-69.126869;128.236221;-81.690254;103.570961;-112.939957;-1.135825;-36.027905;0.767021;-1.773825;0.605575;1.21355055;OK
889660;OK;-13.084661;-65.380936;128.238098;-81.688911;103.568405;-112.942101;-0.90694;-35.686489;0.717979;-1.609325;2.014625;1.22546255;OK
889684;OK;-13.084695;-61.63562;128.238373;-81.688484;103.566498;-112.946701;-1.16825;-35.145752;1.148493;-1.523487;2.14815;0.99658855;OK
889708;OK;-13.084629;-57.888821;128.238632;-81.688721;103.566887;-112.946892;-1.185415;-34.08432;1.404621;-1.659388;2.7132;1.02518755;OK
889732;OK;-13.084332;-54.142845;128.238892;-81.689079;103.567108;-112.947098;-0.951765;-32.437317;1.713886;-1.530638;2.99215;1.00135055;OK
889756;OK;-13.084223;-50.398342;128.239166;-81.689156;103.567398;-112.94709;-1.16539;-32.262798;1.985;-1.487725;3.108975;0.98942555;OK
889780;OK;-13.084189;-46.652939;128.239471;-81.688797;103.567467;-112.947342;-1.159665;-31.762119;2.277914;-1.637925;3.430837;0.97990055;OK
889804;OK;-13.084124;-42.906052;128.239716;-81.688553;103.567657;-112.947655;-1.07765;-29.45137;2.572193;-1.7929;3.690712;0.98942555;OK
889828;OK;-13.084068;-39.161152;128.239914;-81.688675;103.567825;-112.947853;-1.16062;-29.576298;2.824236;-1.8239;3.62395;1.00135055;OK
889852;OK;-13.08409;-35.417404;128.240204;-81.689011;103.568169;-112.948051;-1.16062;-29.68597;3.1008;-1.676075;3.886212;0.95366355;OK
889876;OK;-13.084046;-31.672091;128.240479;-81.689011;103.568336;-112.948044;-1.131055;-27.510639;3.267015;-1.630775;3.983963;0.95605055;OK
889900;OK;-13.084024;-27.934025;128.239899;-81.688675;103.568596;-112.94809;-1.19972;-25.899883;1.967293;-1.773825;3.976813;0.93221355;OK
889924;OK;-13.08397;-24.244553;128.231506;-81.688484;103.568741;-112.94841;-1.12152;-19.077299;0.010893;-1.931188;4.16755;0.93460055;OK
889948;OK;-13.083926;-20.684454;128.216843;-81.68853;103.568718;-112.948608;-1.12438;-9.20486;0.265664;-1.93595;4.286762;0.932213055;OK
889972;OK;-13.083783;-17.365002;128.202744;-81.689156;103.568848;-112.948433;-1.05667;4.339215;-0.230243;-1.568788;4.4918;0.917900055;OK
889996;OK;-13.083695;-14.414041;128.191513;-81.689102;103.569038;-112.948486;-1.02901;14.396665;-0.596721;-1.857275;4.49895;0.88691255;OK
890020;OK;-13.083739;-11.931636;128.186447;-81.688362;103.569031;-112.948662;-1.01852;22.260664;-0.098086;-1.49965;4.5967;0.89645055;OK
890044;OK;-13.083618;-9.974356;128.187637;-81.688461;103.569099;-112.948463;-1.224515;27.581209;0.664843;-1.9288;4.675387;0.8678375055;OK
890068;OK;-13.08363;-8.5588;128.19249;-81.688507;103.569199;-112.948524;-1.19972;28.295513;2.59535;-1.902575;4.818438;0.8678375055;OK
890092;OK;-13.083695;-7.6314;128.205215;-81.688339;103.569366;-112.948647;-1.094815;28.578754;2.893714;-1.523487;4.804125;0.7843885055;OK
890116;OK;-13.083761;-7.099849;128.216675;-81.688484;103.569756;-112.948639;-1.037595;24.122234;4.168914;-1.723762;4.73975;0.8106125055;OK
890140;OK;-13.083761;-6.84668;128.226059;-81.688362;103.570183;-112.94902;-0.965115;20.25127;4.960464;-1.72615;4.62055;0.7295505055;OK
890164;OK;-13.083849;-6.756636;128.234268;-81.688553;103.570618;-112.949142;-1.00994;14.591215;5.050386;-1.850125;4.465575;0.6890255055;OK
890188;OK;-13.083849;-6.739914;128.233459;-81.688606;103.570938;-112.949463;-1.043315;13.727185;2.855571;-1.84535;4.43935;0.7057125055;OK
890212;OK;-13.083827;-6.74042;128.232407;-81.688606;103.571251;-112.949455;-1.019475;14.046664;2.847393;-1.8525;4.251;0.6699505055;OK
890236;OK;-13.083827;-6.74086;128.23204;-81.689011;103.571327;-112.949532;-1.108165;14.505384;2.442764;-0.653262;4.19855;0.6556505055;OK
890260;OK;-13.082783;-6.742486;128.230728;-81.836349;103.577629;-112.964668;-2.561565;14.544485;1.80925;20.980825;5.104537;2.2196755055;OK
890284;OK;-13.080828;-6.742859;128.230423;-82.843246;103.627136;-113.121712;-2.795215;15.162465;1.712521;43.847549;4.196163;6.6566385055;OK
890308;OK;-13.080267;-6.743562;128.230438;-85.378365;103.74408;-113.651825;-3.046035;15.531535;1.850121;61.256874;6.842612;6.9117505055;OK
890332;OK;-13.079795;-6.744221;128.230515;-89.652138;103.944878;-114.549004;-3.3884;15.926359;1.739771;73.895447;5.8937;7.8797255055;OK
890356;OK;-13.079718;-6.745584;128.230728;-95.650887;104.226585;-115.794434;-2.527235;16.074181;2.223421;77.855576;5.390637;9.9873505055;OK
890380;OK;-13.080366;-6.747231;128.230789;-102.966042;104.569466;-117.331146;-1.141545;15.66219;2.592629;64.880836;5.261888;9.779925055;OK
890404;OK;-13.080794;-6.748814;128.230499;-110.784531;104.935066;-118.98465;-0.70381;16.115185;2.104893;57.31105;4.405975;9.493825055;OK
890428;OK;-13.081047;-6.749967;128.230225;-118.667389;105.303368;-120.650673;-0.23174;15.99216;2.147129;56.12611;4.751675;9.043212055;OK
890452;OK;-13.082607;-6.750406;128.230255;-126.43441;105.665176;-122.276703;0.86498;16.499516;2.43595;46.412937;3.528588;8.4662382055;OK
890476;OK;-13.086134;-6.751945;128.229111;-133.498642;105.997856;-123.771576;2.166745;15.864369;2.630779;24.826525;0.271787;7.1477882055;OK
890500;OK;-13.086277;-6.75234;128.227036;-139.005142;106.257813;-124.958069;2.69222;16.31546;2.370557;12.137888;3.4666;5.2738132055;OK
890524;OK;-13.086639;-6.754482;128.226242;-142.769363;106.437195;-125.746841;2.934455;15.668864;2.641671;1.4615;1.459113;4.16755032055;OK
890548;OK;-13.08709;-6.755142;128.226273;-144.808884;106.531265;-126.195221;2.049445;15.954015;2.350121;-3.917212;1.859663;1.8882752055;OK
890572;OK;-13.085728;-6.755548;128.225662;-145.428192;106.556358;-126.31974;-0.03242;16.137119;1.904621;-3.621575;2.970687;2.355575055;OK
890596;OK;-13.085025;-6.755702;128.225845;-145.47377;106.557915;-126.321991;-0.06294;16.154285;2.4414;0.417225;3.411762;2.0432375055;OK
890620;OK;-13.085101;-6.755757;128.226013;-145.473465;106.557884;-126.321129;-0.266075;16.246796;2.403257;-0.035763;2.937312;1.409050055;OK
890644;OK;-13.08732;-6.754735;128.225754;-145.471451;106.557396;-126.318626;5.84793;13.408659;1.592636;-1.773825;3.261562;0.9512880055;OK
890668;OK;-13.155656;-6.727116;128.203873;-145.480026;106.561432;-126.319069;19.904135;5.50365;-1.728871;6.582725;4.639625;1.1682500055;OK
890692;OK;-13.350795;-6.629568;128.1371;-145.615707;106.598724;-126.34903;36.499973;-2.418515;-4.431857;10.3116;5.32865;4.44173755;OK
890716;OK;-13.784656;-6.395218;127.984863;-146.009491;106.705963;-126.549706;50.165176;-9.59587;-6.991793;16.429413;4.95195;5.15937555;OK
890740;OK;-14.539779;-5.964906;127.696938;-146.779419;106.907555;-126.96936;62.25872;-15.16628;-8.081707;20.372864;6.825913;5.6004505;OK
890764;OK;-15.648673;-5.316405;127.253708;-147.978745;107.221077;-127.620445;65.788261;-16.7551;-10.404586;23.801325;9.593962;6.194112;OK
890788;OK;-17.080269;-4.472534;126.669724;-149.556839;107.636024;-128.476791;59.162132;-13.983725;-10.889593;24.254313;9.312625;6.854525;OK
890812;OK;-18.756815;-3.490466;125.988396;-151.389923;108.119011;-129.487625;48.840519;-8.657454;-9.566714;24.037352;7.097712;6.00337525;OK
890836;OK;-20.560122;-2.445029;125.258026;-153.340195;108.634727;-130.544342;39.607044;-7.837295;-8.771078;23.810862;8.478163;6.37292525;OK
890860;OK;-22.423733;-1.372566;124.515228;-155.320343;109.156242;-131.621017;39.031979;-6.843565;-7.836472;22.0704;8.850087;6.28232525;OK
890884;OK;-24.301098;-0.290995;123.774376;-157.29985;109.677406;-132.704727;37.3106;-6.683345;-9.113035;21.660324;7.758138;5.69581225;OK
890908;OK;-26.180201;0.791587;123.031693;-159.277298;110.197914;-133.773346;33.2756;-5.42736;-9.444099;25.191301;7.088175;6.341925225;OK
890932;OK;-28.052952;1.874334;122.286613;-161.256485;110.71907;-134.846176;36.49902;-5.27191;-7.908679;23.384087;8.2612;6.363388225;OK
890956;OK;-29.924034;2.955817;121.544548;-163.23494;111.24054;-135.922653;36.979675;-6.519315;-8.610314;23.19335;8.695125;6.172650225;OK
890980;OK;-31.798147;4.036212;120.803368;-165.213501;111.763954;-136.998871;34.579273;-6.41727;-9.715215;22.532936;5.2309;6.127350225;OK
891004;OK;-33.672009;5.117904;120.05864;-167.191345;112.283089;-138.067886;35.494801;-5.237575;-8.638922;25.3272;8.611675;6.654263225;OK
891028;OK;-35.544552;6.197135;119.316269;-169.169327;112.803993;-139.150894;34.842491;-7.227895;-8.869164;24.590488;10.113712;5.91277525;OK
891052;OK;-37.415535;7.278344;118.572647;-171.148239;113.326279;-140.223541;34.703247;-6.407735;-8.559907;23.73695;7.6127;5.829325525;OK
891076;OK;-39.287868;8.359025;117.830864;-173.12619;113.845642;-141.293335;35.533905;-6.69765;-9.049;22.761812;7.407662;6.201262525;OK
891100;OK;-41.161377;9.438937;117.090286;-175.104614;114.36628;-142.368393;33.38623;-6.614685;-9.660714;23.937225;9.596337;6.070125525;OK
891124;OK;-43.031109;10.520496;116.344711;-177.081512;114.889046;-143.444641;35.524364;-5.94234;-8.423664;25.532236;8.215899;5.74588725;OK
891148;OK;-44.903343;11.599618;115.601288;-179.060913;115.410286;-144.509552;35.016052;-7.482525;-7.923664;22.668837;5.989062;6.50882525;OK
891172;OK;-46.776413;12.678838;114.861961;-181.038345;115.929077;-145.583435;33.688545;-7.555005;-9.425022;23.17905;9.245863;6.39915025;OK
891196;OK;-48.646725;13.761222;114.118507;-183.01561;116.451485;-146.658585;35.46524;-6.028175;-8.602136;24.170876;8.959763;6.24895025;OK
891220;OK;-50.512356;14.836652;113.375977;-184.992233;116.973526;-147.74205;30.636784;-6.7873;-7.829665;25.343885;6.63995;5.56468725;OK
891244;OK;-52.31728;15.88723;112.64505;-186.941879;117.484512;-148.8004;18.802639;-2.17247;-7.529936;22.046562;7.760513;5.50746325;OK
891268;OK;-53.979904;16.86141;111.961349;-188.766998;117.965218;-149.79512;9.132385;5.26142;-5.92095;18.432137;5.507463;4.9853256325;OK
891292;OK;-55.396999;17.685219;111.376381;-190.324112;118.377449;-150.657394;-4.910465;11.837005;-3.591264;14.700888;5.137913;3.22818825;OK
891316;OK;-56.485435;18.308056;110.934769;-191.491318;118.684036;-151.282547;-13.389585;15.206335;-0.762936;9.577263;5.347725;3.53573825;OK
891340;OK;-57.210876;18.714561;110.653618;-192.226257;118.876488;-151.685852;-16.015049;17.41123;0.989093;6.5422;5.071162;2.574913825;OK
891364;OK;-57.615292;18.934551;110.512718;-192.589478;118.974045;-151.883759;-11.281965;15.40565;2.651214;4.43935;3.18765;1.869200825;OK
891388;OK;-57.785702;19.024574;110.471855;-192.710114;119.004105;-151.950882;-3.113745;13.87119;3.29835;2.045625;3.743162;1.4567380825;OK
891412;OK;-57.840919;19.048426;110.484962;-192.722168;119.007126;-151.953659;-2.54154;12.7058;4.335128;2.853863;3.862375;1.3995130825;OK
891436;OK;-57.839424;19.047722;110.491829;-192.721649;119.007027;-151.95285;-2.182005;12.96329;3.836493;1.633162;3.767012;1.0085000825;OK
891460;OK;-57.831856;19.0457;110.49263;-192.720901;119.006866;-151.951843;0.295635;12.47215;4.453657;0.412463;3.530975;0.60318800825;OK
891484;OK;-57.827789;19.038757;110.491653;-192.71994;119.006393;-151.950241;-1.03092;15.72704;2.359657;-0.793925;3.025525;0.269413825;OK
891508;OK;-57.819332;19.018543;110.480087;-192.715912;119.000504;-151.943939;-3.993985;17.074581;0.374657;-3.36885;-0.567425;0.03813725;OK
891532;OK;-57.799809;18.981628;110.457268;-192.697067;118.959229;-151.925186;-3.38459;18.697735;0.277921;-5.116462;-2.140987;-0.5412005;OK
891556;OK;-57.772629;18.920721;110.42334;-192.657211;118.871071;-151.885117;-3.93581;20.672794;-0.107629;-5.602825;-2.722738;-0.927437;OK
891580;OK;-57.737759;18.8305;110.376343;-192.597763;118.737679;-151.826462;-5.7106;22.38941;-0.871929;-5.774487;-3.612037;-1.511562;OK
891604;OK;-57.693825;18.713243;110.315018;-192.521744;118.564873;-151.748413;-5.252835;20.277975;-0.564029;-5.1546;-4.0245;-2.017012;OK
891628;OK;-57.642879;18.581518;110.246605;-192.438858;118.369133;-151.664978;-4.50706;19.68479;-0.410079;-5.905625;-3.952975;-2.663125;OK
891652;OK;-57.590508;18.446253;110.17382;-192.35379;118.168137;-151.570145;-4.931445;20.317074;-0.369207;-5.164137;-3.626338;-2.613062;OK
891676;OK;-57.538673;18.309517;110.100243;-192.270981;117.966835;-151.485229;-5.180355;19.863125;-0.145771;-5.006788;-2.529613;-3.154275;OK
891700;OK;-57.485359;18.170893;110.025856;-192.19043;117.765205;-151.395859;-4.144665;17.72785;-0.40735;-5.609988;-1.940725;-3.366462;OK
891724;OK;-57.432426;18.03565;109.950165;-192.108917;117.566093;-151.295547;-3.633495;18.419264;-0.474107;-4.63485;-2.8491;-2.624987;OK
891748;OK;-57.382141;17.901146;109.873871;-192.029358;117.365761;-151.205566;-4.316325;18.323895;-0.173021;-4.4155;-3.242487;-2.515312;OK
891772;OK;-57.331944;17.766783;109.798218;-191.951889;117.165161;-151.127823;-4.11224;18.263815;-0.847407;-4.897112;-3.273475;-3.056525;OK
891796;OK;-57.281651;17.633013;109.719482;-191.875092;116.965057;-151.039139;-3.64971;18.745419;-0.339229;-4.639625;-3.64065;-2.6226;OK
891820;OK;-57.232212;17.502649;109.641174;-191.799179;116.764679;-150.94487;-3.47805;19.87171;-0.4564;-4.661075;-4.041187;-1.814363;OK
891844;OK;-57.186012;17.375538;109.565079;-191.72525;116.565773;-150.870956;-3.0632;18.261906;-0.350129;-4.849425;-3.471363;-2.355575;OK
891868;OK;-57.145836;17.261663;109.495766;-191.659332;116.384285;-150.803513;-2.942085;16.460415;0.520429;-4.761212;-1.561638;-2.3841755;OK
891892;OK;-57.112942;17.171301;109.441513;-191.606857;116.242416;-150.747086;-2.26116;15.55347;0.814707;-4.138937;-1.480575;-2.3412625;OK
891916;OK;-57.089859;17.11025;109.404434;-191.571106;116.144073;-150.707901;-1.470565;14.7171;1.479557;-3.774162;-0.438687;-2.1839135;OK
891940;OK;-57.077644;17.075401;109.386719;-191.552414;116.092941;-150.691376;-0.78678;14.123915;1.617157;-3.750312;-0.57935;-2.4080255;OK
891964;OK;-57.075008;17.062922;109.384804;-191.5466;116.077141;-150.686722;-1.263615;14.390945;2.773829;-3.71455;-0.665188;-2.5177005;OK
891988;OK;-57.074951;17.063152;109.387024;-191.546036;116.075615;-150.685226;-1.069065;14.10007;3.621236;-3.678787;-0.7224;-2.5343875;OK
892012;OK;-57.074844;17.06324;109.387505;-191.545914;116.075592;-150.68483;-1.32942;13.93318;3.599436;-3.592963;-0.62465;-2.5320005;OK
892036;OK;-57.07457;17.062965;109.387253;-191.545914;116.075592;-150.684692;-1.63841;14.978404;2.888264;-3.478525;-0.553125;-2.5725255;OK
892060;OK;-57.070766;17.054132;109.38063;-191.545441;116.073074;-150.683777;-3.45039;18.80455;-0.047679;-4.22;-1.428125;-2.57015;OK
892084;OK;-57.058769;17.029039;109.361229;-191.538437;116.048241;-150.677841;-4.24194;20.648954;-0.602171;-5.707737;-2.095688;-2.903938;OK
892108;OK;-57.039871;16.978996;109.33094;-191.514465;115.981506;-150.657608;-4.55093;20.08247;-0.826971;-5.507463;-1.912112;-3.3617;OK
892132;OK;-57.012924;16.903685;109.288399;-191.474503;115.871925;-150.611893;-4.796025;22.317884;-1.092636;-5.409712;-2.319813;-3.275862;OK
892156;OK;-56.978714;16.80159;109.230995;-191.420868;115.719139;-150.550629;-5.266185;22.36652;-1.005443;-6.132125;-3.275862;-3.206725;OK
892180;OK;-56.937855;16.678982;109.163834;-191.354462;115.532005;-150.469818;-4.42314;20.449635;-0.712529;-5.688663;-3.32355;-2.558225;OK
892204;OK;-56.893436;16.546003;109.091568;-191.284683;115.332367;-150.383545;-4.137035;19.465445;-0.636236;-5.135525;-2.474775;-1.74045;OK
892228;OK;-56.848392;16.412268;109.017212;-191.215805;115.132065;-150.31308;-4.28104;20.005224;-0.790186;-5.280962;-2.579688;-1.833438;OK
892252;OK;-56.803734;16.279135;108.940758;-191.14888;114.931503;-150.244751;-4.380225;19.689556;-0.437321;-5.462162;-2.62975;-1.940725;OK
892276;OK;-56.759041;16.146399;108.864922;-191.081619;114.729851;-150.172028;-3.94535;19.694324;-0.683914;-5.01155;-2.236362;-1.714225;OK
892300;OK;-56.714821;16.014198;108.788513;-191.015182;114.528404;-150.105392;-3.92723;18.942829;-1.009529;-5.047312;-2.264975;-1.96695;OK
892324;OK;-56.671467;15.882473;108.710518;-190.949493;114.329163;-150.043274;-4.08077;18.527029;-0.844679;-4.606237;-3.075588;-2.44855;OK
892348;OK;-56.627789;15.750769;108.631744;-190.886139;114.128288;-149.974625;-3.724095;17.963406;-0.822879;-5.304812;-3.108975;-2.522462;OK
892372;OK;-56.584732;15.621592;108.552383;-190.822586;113.927101;-149.896927;-3.781315;18.838879;-0.8583;-5.116462;-3.254412;-2.0051;OK
892396;OK;-56.542645;15.492679;108.471611;-190.759811;113.725006;-149.827942;-3.913875;18.919941;-0.705714;-5.01155;-2.34365;-1.969325;OK
892420;OK;-56.500874;15.364094;108.390968;-190.697311;113.522865;-149.764252;-4.089355;19.15073;-0.7861;-4.8542;-1.912112;-2.293575;OK
892444;OK;-56.459343;15.235828;108.309738;-190.636627;113.321648;-149.696625;-4.18186;19.307135;-0.974107;-5.309575;-2.450938;-2.171988;OK
892468;OK;-56.418156;15.108728;108.226685;-190.575485;113.119072;-149.625595;-3.96442;19.423481;-0.638957;-4.8232;-2.477163;-1.83105;OK
892492;OK;-56.377178;14.982078;108.144241;-190.514816;112.917183;-149.558731;-4.019735;19.421574;-0.999993;-4.520412;-3.066062;-1.74045;OK
892516;OK;-56.336658;14.856262;108.060677;-190.45517;112.715813;-149.497482;-4.13322;19.34528;-0.945493;-4.150863;-3.3164;-1.854887;OK
892540;OK;-56.296768;14.732391;107.976456;-190.397598;112.513428;-149.436142;-3.965375;19.674299;-0.956393;-4.978175;-3.209113;-2.081388;OK
892564;OK;-56.259701;14.615914;107.895676;-190.341568;112.317177;-149.373688;-3.53813;18.468855;-0.38555;-4.675387;-3.137587;-1.945487;OK
892588;OK;-56.228092;14.514357;107.825211;-190.293259;112.144409;-149.324738;-2.94399;16.876221;0.348771;-4.980563;-1.606938;-2.3007377;OK
892612;OK;-56.203384;14.435826;107.770683;-190.25679;112.015717;-149.289185;-2.572055;15.574455;0.997264;-4.734987;-2.443788;-2.6106757;OK
892636;OK;-56.187607;14.385894;107.737259;-190.231689;111.927872;-149.264755;-2.010345;15.233991;1.489093;-3.778925;-0.762937;-2.8181007;OK
892660;OK;-56.180939;14.35923;107.723;-190.219833;111.887375;-149.250519;-1.681325;14.51683;1.71525;-3.5262;-0.712862;-2.8753257;OK
892684;OK;-56.180073;14.351254;107.723785;-190.217194;111.877571;-149.24559;-2.18582;14.397619;2.92505;-3.5262;-0.736712;-2.8395627;OK
892708;OK;-56.179928;14.351715;107.725861;-190.216858;111.876961;-149.244339;-2.037045;13.63468;3.512243;-3.3164;-0.686638;-2.9063127;OK
892732;OK;-56.179752;14.351727;107.725998;-190.216873;111.877014;-149.243744;-2.21729;13.81111;3.396443;-3.118512;-0.517362;-2.9873757;OK
892756;OK;-56.179413;14.351727;107.725868;-190.216904;111.877159;-149.243286;-2.506255;13.93795;3.085814;-2.892013;-0.39815;-3.0326757;OK
892780;OK;-56.17915;14.351693;107.725739;-190.216949;111.877472;-149.243149;-2.719875;14.056204;2.796986;-2.739425;-0.333775;-3.0636757;OK
892804;OK;-56.178654;14.351693;107.725548;-190.216949;111.877716;-149.242676;-2.792355;14.239309;2.513607;-2.617825;-0.264638;-3.1280507;OK
892828;OK;-56.178379;14.351638;107.725342;-190.217026;111.878075;-149.24234;-2.92301;14.352796;2.296986;-2.460475;-0.252712;-3.1661887;OK
892852;OK;-56.17804;14.351605;107.72506;-190.217026;111.878319;-149.242126;-3.07083;14.474864;2.029957;-2.338875;-0.226488;-3.2377127;OK
892876;OK;-56.177711;14.35154;107.724739;-190.217148;111.87851;-149.241928;-3.12805;14.649389;1.854214;-2.2006;-0.18835;-3.2424877;OK
892900;OK;-56.177391;14.351484;107.724388;-190.217209;111.878586;-149.24173;-3.27396;14.76383;1.663479;-2.040863;-0.20265;-3.2758627;OK
892924;OK;-56.177151;14.351397;107.724045;-190.217209;111.878708;-149.241196;-3.279685;14.838216;1.505443;-1.940725;-0.152587;-3.3283137;OK
892948;OK;-56.17683;14.351353;107.72364;-190.217331;111.87883;-149.240997;-3.33118;14.862061;1.292907;-1.7929;-0.14305;-3.3736127;OK
892972;OK;-56.176479;14.352023;107.721954;-190.217361;111.879745;-149.240707;-3.575325;12.738225;0.495907;-1.730913;0.600812;-3.41176227;OK
892996;OK;-56.175129;14.356549;107.714653;-190.217331;111.888954;-149.240616;-4.055975;9.77039;-0.596721;-1.72615;3.724087;-3.55481227;OK
893020;OK;-56.172501;14.369491;107.699074;-190.217331;111.927803;-149.239441;-4.398345;8.723255;-0.309257;-1.926412;5.46455;-3.75985027;OK
893044;OK;-56.16769;14.393562;107.680252;-190.217148;112.009926;-149.236023;-4.69112;8.17966;-0.523157;-2.481925;6.606575;-4.13655027;OK
893068;OK;-56.160374;14.431125;107.655037;-190.21669;112.149483;-149.228714;-4.803655;7.103915;-1.013614;-3.407;7.0238;-4.63962527;OK
893092;OK;-56.150848;14.483155;107.619431;-190.215164;112.34864;-149.208908;-4.76837;5.96523;-1.104893;-4.39405;8.0943;-4.78743727;OK
893116;OK;-56.139885;14.550886;107.572426;-190.211151;112.605774;-149.171448;-4.69112;6.771085;-0.728879;-4.827975;7.414813;-4.05072527;OK
893140;OK;-56.127789;14.62701;107.520477;-190.20578;112.89772;-149.137665;-4.47273;7.674215;-0.908714;-5.016325;7.42435;-3.79085027;OK
893164;OK;-56.115803;14.705079;107.466797;-190.199493;113.195847;-149.104691;-4.18758;8.470535;-0.559943;-5.135525;6.320475;-3.49521327;OK
893188;OK;-56.104782;14.777105;107.417519;-190.193451;113.473701;-149.074554;-4.196165;9.812355;-0.487736;-5.3215;5.865088;-3.31162527;OK
893212;OK;-56.096157;14.835487;107.376869;-190.188095;113.703125;-149.049957;-4.01115;9.84859;-0.273836;-5.371562;4.961488;-3.07082527;OK
893236;OK;-56.090015;14.879871;107.347008;-190.183899;113.870995;-149.032501;-3.817555;11.040686;0.162121;-5.25235;4.405975;-2.90393827;OK
893260;OK;-56.086525;14.908481;107.328491;-190.181;113.979828;-149.022186;-3.775595;11.19041;0.405986;-5.421638;4.103175;-2.84671227;OK
893284;OK;-56.085007;14.924212;107.320526;-190.179138;114.039459;-149.017181;-3.796575;11.22379;0.794271;-5.383487;4.4775;-2.76087527;OK
893308;OK;-56.084335;14.928959;107.320824;-190.178207;114.065483;-149.015335;-4.19998;11.25717;2.058571;-5.331038;4.849425;-2.71796327;OK
893332;OK;-56.084106;14.928761;107.323074;-190.177704;114.072441;-149.014954;-3.882405;11.699675;2.948214;-5.254738;4.937638;-2.58206227;OK
893356;OK;-56.083855;14.928519;107.323448;-190.177475;114.073067;-149.014923;-3.957745;12.1212;2.950936;-5.221363;4.968637;-2.45332527;OK
893380;OK;-56.083611;14.928541;107.323425;-190.177322;114.073204;-149.014923;-4.00829;11.890409;2.686636;-5.121225;4.9448;-2.38656327;OK
893404;OK;-56.083282;14.928475;107.323463;-190.177185;114.073273;-149.015045;-4.1275;12.517924;3.008157;-5.130763;4.942413;-2.25781327;OK
893428;OK;-56.083008;14.920444;107.33622;-190.177216;114.073708;-149.015167;-4.201885;17.339705;6.554464;-5.040163;5.333413;-2.17198827;OK
893452;OK;-56.082657;14.892056;107.376358;-190.177307;114.079308;-149.01532;-4.230495;21.028515;7.649828;-4.730212;6.153575;-1.98125027;OK
893476;OK;-56.082359;14.822227;107.46286;-190.177734;114.098808;-149.0159;-4.30107;23.131371;9.884151;-3.89575;6.434912;-1.61647527;OK
893500;OK;-56.082073;14.691358;107.627563;-190.17836;114.139412;-149.017929;-4.277225;27.021404;12.017657;-2.233975;6.000988;-1.0943377;OK
893524;OK;-56.081821;14.478673;107.90155;-190.179504;114.20369;-149.022049;-4.318235;30.00259;13.746529;0.348087;6.575575;-0.26225077;OK
893548;OK;-56.08157;14.171715;108.299255;-190.18399;114.294777;-149.032959;-4.35638;31.461716;15.468593;2.846712;6.990425;0.088212077;OK
893572;OK;-56.081371;13.767001;108.823051;-190.192322;114.41407;-149.062653;-4.390715;32.418251;16.950878;4.68015;7.004738;0.295637077;OK
893596;OK;-56.081184;13.260509;109.470352;-190.204956;114.556976;-149.09523;-4.37355;32.834049;18.577572;5.397787;7.293212;0.441063077;OK
893620;OK;-56.080997;12.656447;110.240814;-190.220612;114.722198;-149.129257;-4.41265;34.8978;19.295549;5.559912;6.401537;0.672338077;OK
893644;OK;-56.080799;11.958399;111.128036;-190.238297;114.904495;-149.166229;-4.404065;35.29739;19.780563;5.173675;7.174013;0.970362077;OK
893668;OK;-56.080601;11.176435;112.108063;-190.256699;115.09774;-149.203613;-4.426;34.800522;19.66885;4.870887;6.618488;1.280300077;OK
893692;OK;-56.080513;10.329818;113.152596;-190.274612;115.293297;-149.23999;-4.48036;32.937042;20.505356;5.023475;6.02245;1.783363077;OK
893716;OK;-56.080315;9.443364;114.237984;-190.29187;115.48156;-149.2771;-4.38976;34.302711;18.441336;4.987712;6.9189;2.2077503077;OK
893740;OK;-56.080109;8.53252;115.331657;-190.307846;115.65937;-149.31601;-4.37927;32.031055;19.098007;4.811275;5.9986;2.2435123077;OK
893764;OK;-56.080032;7.608461;116.419899;-190.321991;115.821419;-149.351196;-4.417415;31.617159;17.979479;4.66585;5.445475;2.3579503077;OK
893788;OK;-56.079933;6.675502;117.499199;-190.333908;115.96595;-149.384689;-4.40025;32.316204;18.182478;5.748262;5.340575;2.3961003077;OK
893812;OK;-56.079788;5.73605;118.567703;-190.345612;116.093124;-149.412262;-4.419325;33.191681;19.039421;5.819788;4.520412;2.5415383077;OK
893836;OK;-56.079735;4.786809;119.630394;-190.356598;116.198669;-149.436081;-4.43649;32.648083;17.452236;4.715912;6.694788;2.5272253077;OK
893860;OK;-56.079647;3.824879;120.680916;-190.364258;116.29248;-149.458237;-4.429815;32.305714;18.010815;5.362025;3.769388;2.4747753077;OK
893884;OK;-56.079437;2.855215;121.721481;-190.370804;116.36161;-149.47316;-4.381175;33.378601;18.779207;5.595675;4.794588;2.6035253077;OK
893908;OK;-56.079391;1.874982;122.756432;-190.376114;116.411942;-149.483353;-4.380225;33.518791;17.550329;4.663463;4.940025;2.6917383077;OK
893932;OK;-56.079338;0.879071;123.780006;-190.378326;116.443047;-149.490753;-4.406925;32.889366;17.694742;5.142688;3.147125;2.6583623077;OK
893956;OK;-56.079151;-0.12809;124.793053;-190.37941;116.451187;-149.49324;-4.34494;33.294674;18.33643;5.071162;3.4356;2.672662077;OK
893980;OK;-56.079086;-1.14717;125.800499;-190.379623;116.444244;-149.492477;-4.359245;34.416195;17.536707;3.604887;-1.120562;2.58206277;OK
894004;OK;-56.079052;-2.184071;126.797089;-190.378571;116.406242;-149.491608;-4.364965;34.194946;17.136164;2.248275;-1.0085;2.08853777;OK
894028;OK;-56.078865;-3.236067;127.783157;-190.377182;116.342659;-149.48877;-4.23336;34.223553;17.663406;-0.7534;-1.561638;1.4066637;OK
894052;OK;-56.078812;-4.303246;128.76152;-190.371338;116.253265;-149.480133;-4.28104;34.848209;17.478123;-2.439013;-3.23295;0.6270387;OK
894076;OK;-56.078724;-5.38998;129.729691;-190.361542;116.133545;-149.458923;-4.214285;34.061428;17.083029;-4.43935;-1.4305;0.2264887;OK
894100;OK;-56.078568;-6.495205;130.687363;-190.346176;115.991173;-149.435272;-4.20284;35.330769;16.683849;-3.56435;-3.705012;-0.181188;OK
894124;OK;-56.07856;-7.620051;131.636337;-190.328918;115.814934;-149.397308;-4.19235;35.929672;17.231529;-4.39405;-2.348413;-0.612725;OK
894148;OK;-56.078438;-8.767518;132.574478;-190.31041;115.610336;-149.359039;-4.16183;35.015106;17.407278;-4.532325;-3.163813;-1.211162;OK
894172;OK;-56.078362;-9.936936;133.502335;-190.288818;115.373871;-149.311295;-4.13036;35.326;16.713821;-4.7779;-4.22;-1.585475;OK
894196;OK;-56.07835;-11.129128;134.421768;-190.265457;115.101555;-149.259827;-4.175185;35.966869;15.7002;-6.206025;-4.260538;-2.288813;OK
894220;OK;-56.078285;-12.348018;135.326981;-190.237473;114.794518;-149.203094;-4.123685;36.635395;16.378672;-4.470337;-5.013937;-3.132813;OK
894244;OK;-56.078239;-13.593328;136.220764;-190.20665;114.448532;-149.132065;-4.152295;37.812229;16.437258;-3.3617;-4.365438;-3.404613;OK
894268;OK;-56.078239;-14.867479;137.105667;-190.176392;114.066177;-149.038727;-4.170415;37.94384;16.576221;-4.932875;-6.330012;-2.639287;OK
894292;OK;-56.078186;-16.172611;137.976013;-190.143555;113.639313;-148.937546;-4.182815;37.163731;16.498564;-6.234638;-4.987712;-1.857275;OK
894316;OK;-56.078197;-17.505957;138.834595;-190.10788;113.170761;-148.847168;-4.12273;36.596294;15.948157;-6.620875;-6.618488;-2.13145;OK
894340;OK;-56.078152;-18.855616;139.673157;-190.069321;112.65921;-148.74762;-4.20761;34.84058;14.739715;-6.1345;-5.664825;-2.069463;OK
894364;OK;-56.078129;-20.194881;140.475845;-190.02858;112.122826;-148.654587;-4.211425;31.461716;13.081686;-5.1093;-7.42435;-2.851475;OK
894388;OK;-56.078129;-21.48772;141.219025;-189.988647;111.57283;-148.550949;-4.245755;28.409954;12.722013;-4.3869;-5.846013;-2.87055;OK
894412;OK;-56.078087;-22.692535;141.891083;-189.951157;111.035789;-148.438934;-4.29058;24.90139;10.769707;-4.656312;-5.7578;-2.300737;OK
894436;OK;-56.078053;-23.777655;142.473526;-189.91774;110.533859;-148.352463;-4.26483;22.040365;9.995864;-5.118837;-5.369175;-3.0326757;OK
894460;OK;-56.078041;-24.719931;142.961533;-189.888672;110.083046;-148.261017;-4.276275;19.475935;9.004043;-4.87565;-4.81605;-2.3818007;OK
894484;OK;-56.077999;-25.506277;143.358765;-189.864838;109.694977;-148.182343;-4.295345;16.811369;8.047643;-5.085463;-3.8743;-2.0122507;OK
894508;OK;-56.077953;-26.12941;143.666672;-189.845428;109.381363;-148.128647;-4.295345;14.8983;6.61305;-5.26905;-3.311625;-2.3078887;OK
894532;OK;-56.077965;-26.588694;143.887177;-189.830597;109.148323;-148.090942;-4.27246;11.821745;5.652557;-5.128375;-2.663125;-2.6106757;OK
894556;OK;-56.07793;-26.893894;144.03009;-189.821106;108.994278;-148.063309;-4.250525;10.59246;4.267007;-5.066387;-0.874988;-2.6392877;OK
894580;OK;-56.0779;-27.068642;144.105286;-189.816025;108.908844;-148.047577;-4.25434;11.369705;3.850114;-5.168912;-1.282687;-2.7179637;OK
894604;OK;-56.077877;-27.147877;144.134827;-189.813751;108.871841;-148.041092;-4.276275;12.42828;3.365107;-5.171288;-1.299375;-2.8657887;OK
894628;OK;-56.077835;-27.17477;144.132919;-189.813034;108.862114;-148.038544;-4.263875;12.102125;1.269743;-5.054462;-1.108638;-2.8705507;OK
894652;OK;-56.077824;-27.175484;144.126282;-189.81282;108.861511;-148.037689;-4.256245;11.966705;1.964564;-4.9734;-1.068112;-2.8514757;OK
894676;OK;-56.077801;-27.17354;144.125793;-189.812775;108.861603;-148.03743;-4.23336;12.323375;1.648493;-4.892337;-0.860688;-2.8920137;OK
894700;OK;-56.077789;-27.176254;144.124649;-189.812653;108.861748;-148.037079;-4.22668;16.979214;0.771107;-4.83035;-0.727175;-2.8944007;OK
894724;OK;-56.077755;-27.235064;144.113708;-189.812729;108.861916;-148.037018;-4.178045;26.206013;-0.257486;-4.768363;-0.584125;-2.899163;OK
894748;OK;-56.077679;-27.42449;144.099716;-189.812958;108.862282;-148.036285;-4.116055;40.102955;0.207079;-4.95195;-0.476825;-2.9468503;OK
894772;OK;-56.077515;-27.870436;144.096222;-189.812607;108.862297;-148.035873;-4.00066;51.972382;-0.129421;-4.539487;-0.309938;-2.90155;OK
894796;OK;-56.077427;-28.670328;144.0979;-189.812607;108.862465;-148.035217;-3.921505;59.716217;1.577643;-4.4465;-0.212187;-2.90155;OK
894820;OK;-56.077415;-29.853216;144.10556;-189.812698;108.862541;-148.034683;-3.897665;58.601372;3.653929;-4.87565;-0.06675;-2.865788;OK
894844;OK;-56.077415;-31.35965;144.120148;-189.812576;108.862732;-148.03447;-3.86333;54.157257;2.659386;-4.72545;-0.004763;-2.85625;OK
894868;OK;-56.077381;-33.083908;144.129578;-189.812729;108.863022;-148.034607;-3.79753;45.122143;4.34875;-4.329675;0.004763;-2.858638;OK
894892;OK;-56.077404;-34.90831;144.130646;-189.812561;108.863121;-148.034393;-3.75843;41.685101;2.3583;-4.708763;0.02145;-2.858638;OK
894916;OK;-56.077404;-36.773209;144.128799;-189.81282;108.863365;-148.034592;-3.70979;40.151596;2.411429;-4.413125;0.064362;-2.882475;OK
894940;OK;-56.077404;-38.643089;144.128769;-189.812469;108.863358;-148.034515;-3.684995;39.153095;1.8801;-4.2653;0.185962;-2.846712;OK
894964;OK;-56.077404;-40.517139;144.128433;-189.812775;108.863487;-148.034332;-3.62682;39.197918;1.760207;-4.606237;0.162113;-2.8634;OK
894988;OK;-56.077415;-42.392879;144.128098;-189.812653;108.863625;-148.034653;-3.578185;37.940975;1.835136;-4.060263;0.312325;-2.85625;OK
895012;OK;-56.077404;-44.264156;144.128174;-189.812576;108.863579;-148.034317;-3.53336;38.697239;1.629414;-4.451262;0.35285;-2.865788;OK
895036;OK;-56.077415;-46.137733;144.128082;-189.812851;108.8638;-148.034515;-3.48663;38.298603;1.446857;-4.208087;0.30755;-2.87055;OK
895060;OK;-56.077404;-48.01178;144.127792;-189.812515;108.863815;-148.0345;-3.42178;37.41264;1.516336;-4.067412;0.510212;-2.8491;OK
895084;OK;-56.077415;-49.882984;144.128006;-189.812851;108.863892;-148.034256;-3.37791;37.726398;1.299721;-4.410738;0.386238;-2.861012;OK
895108;OK;-56.077415;-51.756744;144.127899;-189.812729;108.864059;-148.0345;-3.345485;37.733074;1.168929;-3.900525;0.56505;-2.832412;OK
895132;OK;-56.077415;-53.630081;144.12767;-189.812653;108.86396;-148.034241;-3.2711;35.939213;1.21525;-4.286762;0.600812;-2.846712;OK
895156;OK;-56.077438;-55.501328;144.127945;-189.812943;108.864182;-148.034515;-3.25298;37.017818;1.008164;-4.026887;0.483987;-2.839562;OK
895180;OK;-56.077438;-57.375164;144.127853;-189.812637;108.864204;-148.0345;-3.19576;36.441799;0.836507;-3.914825;0.705712;-2.844325;OK
895204;OK;-56.07745;-59.247829;144.127655;-189.812912;108.864258;-148.03418;-3.168105;35.103794;0.916886;-4.251;0.51975;-2.884863;OK
895228;OK;-56.07745;-61.118088;144.128006;-189.81279;108.864449;-148.034424;-3.134725;36.484715;0.656671;-3.733625;0.505437;-2.865788;OK
895252;OK;-56.077469;-62.991539;144.127899;-189.812729;108.864426;-148.034225;-3.06892;35.233494;0.506807;-4.150863;0.686638;-2.853863;OK
895276;OK;-56.077469;-64.864487;144.127792;-189.812958;108.864594;-148.034241;-3.041265;34.059517;0.6267;-3.9196;0.367162;-2.8634;OK
895300;OK;-56.077469;-66.734833;144.128326;-189.812683;108.864761;-148.034409;-3.002165;35.10284;0.314707;-3.824225;0.607962;-2.82525;OK
895324;OK;-56.077461;-68.598679;144.130905;-189.812958;108.86467;-148.034103;-2.96974;29.504776;2.7711;-4.13655;0.441063;-2.858638;OK
895348;OK;-56.077515;-70.341667;144.149231;-189.812729;108.864998;-148.034409;-2.952575;13.62991;4.741121;-3.740788;0.283713;-2.8181;OK
895372;OK;-56.077526;-71.822838;144.159668;-189.812729;108.865288;-148.034332;-2.898215;2.366065;-0.192093;-3.614425;0.14305;-2.837175;OK
895396;OK;-56.077526;-72.948578;144.155869;-189.813034;108.865509;-148.034271;-2.854345;-5.800245;-0.006807;-4.081725;0.050062;-2.827637;OK
895420;OK;-56.077526;-73.655266;144.155548;-189.81308;108.865486;-148.034271;-2.815245;-8.02612;-0.632143;-4.0388;0.019063;-2.832412;OK
895444;OK;-56.077526;-73.999985;144.144547;-189.812683;108.865456;-148.034454;-2.794265;-2.989765;-4.5136;-3.6931;0.004763;-2.865788;OK
895468;OK;-56.077492;-74.133263;144.12291;-189.812897;108.865273;-148.034607;-2.724645;1.774785;-1.498629;-3.802775;0.026225;-2.8276378;OK
895492;OK;-56.077492;-74.148804;144.123703;-189.812958;108.865105;-148.034485;-2.680775;7.8907;-0.866479;-3.795613;0.004763;-2.8872388;OK
895516;OK;-56.077515;-74.148727;144.124634;-189.812912;108.865074;-148.034409;-2.65884;7.277485;-0.794271;-3.774162;-0.002375;-2.865788;OK
895540;OK;-56.075821;-74.120605;144.084061;-189.812683;108.858055;-148.033966;-6.36482;-5.71823;-12.674329;-4.189013;-5.023475;-2.861012;OK
895564;OK;-56.057442;-73.977585;143.837723;-189.807419;108.678093;-148.033646;-7.324215;-14.194486;-21.679735;-7.534025;-11.062613;-3.020762;OK
895588;OK;-56.021549;-73.66346;143.234329;-189.779739;108.154381;-148.025223;-7.865905;-19.576069;-27.157915;-8.158675;-13.341901;-3.15665;OK
895612;OK;-55.963303;-73.136017;142.222015;-189.730209;107.272621;-148.011322;-7.363315;-21.928785;-32.557079;-8.268351;-16.829964;-3.409375;OK
895636;OK;-55.882572;-72.396339;140.793488;-189.659943;106.031693;-147.98822;-6.647105;-21.360394;-33.683769;-7.765287;-19.171238;-3.38315;OK
895660;OK;-55.787849;-71.516533;139.047348;-189.575272;104.493195;-147.954041;-6.28376;-17.655369;-27.784616;-7.882113;-14.059538;-2.956388;OK
895684;OK;-55.686214;-70.563431;137.19191;-189.483734;102.878433;-147.915192;-6.109235;-11.398314;-24.533949;-5.822175;-13.675688;-2.183913;OK
895708;OK;-55.582779;-69.590866;135.321121;-189.39296;101.259895;-147.87793;-6.049155;-8.71658;-25.993071;-4.513263;-12.397762;-1.5568623;OK
895732;OK;-55.47921;-68.62944;133.442749;-189.305115;99.645287;-147.853317;-5.76019;-12.405395;-24.859564;-5.371562;-14.483926;-1.7356753;OK
895756;OK;-55.375797;-67.66497;131.56691;-189.216599;98.028999;-147.829987;-5.87368;-12.373919;-23.691992;-5.13315;-14.1096;-1.8739633;OK
895780;OK;-55.272152;-66.691559;129.690826;-189.127472;96.411697;-147.801926;-5.685805;-7.951735;-26.232851;-4.277225;-13.654224;-1.69276233;OK
895804;OK;-55.168209;-65.72271;127.812218;-189.040024;94.797333;-147.780228;-5.68962;-9.631155;-23.960386;-4.568088;-14.638899;-2.14337533;OK
895828;OK;-55.06509;-64.757172;125.940079;-188.951202;93.179619;-147.759903;-6.244655;-10.887145;-24.608879;-4.479875;-12.89605;-2.6082883;OK
895852;OK;-54.961544;-63.790413;124.064781;-188.862076;91.56472;-147.727661;-6.02245;-8.672709;-25.701523;-3.73125;-13.973713;-2.38656383;OK
895876;OK;-54.857704;-62.823349;122.188721;-188.774826;89.949081;-147.691238;-5.956645;-9.291645;-24.106157;-3.962512;-12.867451;-1.92165083;OK
895900;OK;-54.753803;-61.853489;120.317696;-188.687561;88.332649;-147.665985;-6.16741;-8.551596;-24.494442;-5.135525;-13.527863;-2.20298783;OK
895924;OK;-54.64949;-60.886154;118.443207;-188.598999;86.717712;-147.642746;-5.512235;-7.32517;-25.78735;-5.2309;-12.991426;-2.54630083;OK
895948;OK;-54.545582;-59.923016;116.56871;-188.510208;85.102409;-147.609207;-5.43594;-9.452815;-23.717878;-4.580012;-12.795925;-2.16006383;OK
895972;OK;-54.441673;-58.955219;114.699097;-188.421539;83.487236;-147.571732;-5.55515;-8.0595;-25.254658;-4.568088;-13.844962;-1.61170083;OK
895996;OK;-54.338268;-57.985939;112.825188;-188.332581;81.870338;-147.548065;-5.649565;-5.857465;-25.352749;-4.539487;-12.21895;-1.96217583;OK
896020;OK;-54.234734;-57.021118;110.952103;-188.244186;80.255981;-147.52562;-5.87463;-8.066175;-23.889536;-4.448887;-13.535012;-2.36748783;OK
896044;OK;-54.131058;-56.055168;109.08287;-188.156128;78.639534;-147.498154;-6.036755;-7.3595;-26.108873;-4.124637;-12.238025;-2.37226283;OK
896068;OK;-54.027237;-55.087955;107.207108;-188.068558;77.023773;-147.472595;-5.890845;-5.605695;-24.416786;-5.738725;-12.214175;-2.69173883;OK
896092;OK;-53.923325;-54.122158;105.335274;-187.980637;75.409668;-147.449814;-5.886075;-6.922719;-24.892258;-6.1798;-12.6791;-3.27825083;OK
896116;OK;-53.819439;-53.155128;103.465996;-187.890732;73.793121;-147.420242;-5.548475;-5.974765;-25.967186;-5.166525;-11.699188;-3.24725083;OK
896140;OK;-53.715576;-52.189079;101.590858;-187.801636;72.179214;-147.377289;-5.59902;-5.18703;-24.637493;-4.882813;-13.103475;-2.42471283;OK
896164;OK;-53.61227;-51.224468;99.718773;-187.713715;70.563515;-147.338455;-6.27708;-6.59084;-24.912693;-5.662437;-12.350075;-1.902575283;OK
896188;OK;-53.508362;-50.257355;97.849525;-187.625061;68.948769;-147.315536;-5.971905;-5.044935;-26.194706;-5.407325;-13.413424;-2.281662283;OK
896212;OK;-53.404488;-49.289425;95.974411;-187.53627;67.332893;-147.289948;-5.90229;-3.952025;-25.084358;-5.416862;-12.626637;-2.329337283;OK
896236;OK;-53.300755;-48.323826;94.103943;-187.448395;65.716423;-147.257355;-6.19888;-5.17368;-25.191986;-5.929462;-12.364388;-2.138613283;OK
896260;OK;-53.196758;-47.358379;92.232643;-187.358688;64.101662;-147.231628;-6.119725;-4.482265;-25.994434;-5.545612;-13.144011;-2.262588283;OK
896284;OK;-53.092682;-46.392231;90.359253;-187.269577;62.485516;-147.212494;-5.745885;-3.897665;-25.792801;-4.971025;-12.078275;-2.977837283;OK
896308;OK;-52.989796;-45.433071;88.492256;-187.181961;60.873413;-147.180817;-4.915235;-1.06525;-22.959021;-5.068775;-13.0844;-2.748962283;OK
896332;OK;-52.898357;-44.545849;86.731239;-187.097641;59.335552;-147.143784;-3.684995;7.271765;-16.371857;-5.159375;-7.34805;-2.07423862283;OK
896356;OK;-52.820202;-43.804974;85.277969;-187.028168;58.072842;-147.1259;-2.49195;14.544485;-10.584421;-5.17845;-4.892337;-2.4628622283;OK
896380;OK;-52.761929;-43.258976;84.229439;-186.978485;57.165047;-147.116196;-1.538275;18.72444;-7.705686;-4.754062;-1.802438;-2.85386322283;OK
896404;OK;-52.727463;-42.933834;83.585037;-186.948502;56.616524;-147.110062;-0.89073;19.050594;-2.151214;-4.673;0.02145;-3.108975322283;OK
896428;OK;-52.712093;-42.790749;83.323776;-186.936966;56.404961;-147.107025;-0.94223;17.5457;-1.21525;-4.57525;1.916875;-3.309237322283;OK
896452;OK;-52.708447;-42.747692;83.288795;-186.935669;56.381802;-147.106064;-0.743865;16.27445;-3.621236;-4.682538;-0.274175;-3.49760022283;OK
896476;OK;-52.70858;-42.747482;83.296448;-186.935501;56.381653;-147.105011;-1.21784;14.039035;-3.826957;-4.608625;-0.11205;-3.56912522283;OK
896500;OK;-52.708469;-42.749176;83.297035;-186.935455;56.382519;-147.104523;-1.582145;14.068601;-3.080364;-4.5371;0.15735;-3.662100522283;OK
896524;OK;-52.679058;-42.763271;83.303314;-186.934982;56.383743;-147.103867;-11.870379;20.454405;-1.286093;-5.331038;0.925062;-3.72886322283;OK
896548;OK;-52.555847;-42.830551;83.344284;-186.912674;56.392601;-147.103043;-26.515003;28.05328;-1.577643;-6.902213;4.549025;-3.81231222283;OK
896572;OK;-52.258656;-42.997643;83.429581;-186.820862;56.439537;-147.102066;-43.638226;38.368225;-0.381464;-7.867812;7.4768;-3.80038822283;OK
896596;OK;-51.687355;-43.340012;83.592522;-186.615372;56.555317;-147.099609;-59.64756;45.181271;2.871922;-8.392325;9.4819;-3.716938822283;OK
896620;OK;-50.767559;-43.900589;83.874466;-186.264496;56.755821;-147.096466;-68.446152;49.540512;5.125314;-9.388912;8.790488;-3.597725822283;OK
896644;OK;-49.514854;-44.681046;84.282944;-185.767014;57.039894;-147.094025;-69.484711;47.570225;6.847379;-11.372562;10.5071;-3.4332252283;OK
896668;OK;-47.956795;-45.636868;84.790703;-185.154984;57.388599;-147.089279;-53.333282;42.304035;6.840564;-12.6481;10.21385;-3.1185122283;OK
896692;OK;-46.214088;-46.698177;85.35128;-184.477005;57.773319;-147.085754;-41.000366;37.86087;6.814679;-14.162062;10.0994;-2.7704122283;OK
896716;OK;-44.374165;-47.809063;85.92907;-183.769989;58.173428;-147.084457;-34.853935;36.131855;7.211136;-14.817713;8.785713;-2.63213822283;OK
896740;OK;-42.51096;-48.935986;86.514641;-183.055084;58.576771;-147.083557;-36.689754;35.459515;7.820128;-13.570775;7.987013;-2.38656322283;OK
896764;OK;-40.635956;-50.06942;87.099014;-182.342804;58.979065;-147.085037;-35.183903;34.434315;7.465907;-14.591212;8.304112;-2.43663722283;OK
896788;OK;-38.756657;-51.203739;87.685425;-181.630829;59.380665;-147.085037;-32.022476;34.301754;6.117136;-14.860625;8.215899;-2.21490022283;OK
896812;OK;-36.881016;-52.337856;88.270134;-180.916946;59.781975;-147.086426;-31.037331;34.138672;6.88825;-13.601775;10.306825;-2.2196752283;OK
896836;OK;-35.011253;-53.471546;88.851677;-180.203415;60.183239;-147.086243;-34.294125;34.16824;7.335114;-14.197824;9.39845;-2.04323752283;OK
896860;OK;-33.14138;-54.605194;89.436951;-179.491882;60.584679;-147.087051;-34.282681;33.137321;7.814679;-13.694763;8.378025;-1.99317552283;OK
896884;OK;-31.267452;-55.738598;90.021027;-178.778824;60.985397;-147.086502;-33.113472;32.93037;7.083072;-12.526501;8.130062;-1.83343852283;OK
896908;OK;-29.391943;-56.870827;90.607826;-178.06543;61.388832;-147.086975;-32.640453;33.14304;5.927764;-12.80545;6.759162;-1.67846352283;OK
896932;OK;-27.519676;-58.003277;91.192116;-177.353806;61.788921;-147.086639;-31.565666;33.157345;6.501328;-13.191689;8.289812;-1.60216252283;OK
896956;OK;-25.650627;-59.136063;91.772644;-176.642776;62.191334;-147.087173;-34.535404;32.887455;6.837842;-13.177387;8.4114;-1.49726252283;OK
896980;OK;-23.777018;-60.269073;92.356598;-175.930466;62.591965;-147.08725;-33.261295;31.843185;7.929114;-12.97235;9.484287;-1.42812552283;OK
897004;OK;-21.90296;-61.401478;92.940216;-175.217072;62.993401;-147.087189;-30.569073;31.990051;6.975443;-12.261863;8.630751;-1.27315052283;OK
897028;OK;-20.032164;-62.53397;93.527931;-174.505905;63.393108;-147.087402;-33.455845;31.511303;5.501336;-13.158313;9.264937;-1.20401352283;OK
897052;OK;-18.167574;-63.661236;94.110664;-173.794998;63.793713;-147.08728;-29.716488;30.479431;6.407329;-12.595651;8.096687;-1.08956252283;OK
897076;OK;-16.371452;-64.749252;94.683426;-173.094971;64.189972;-147.088593;-17.915726;23.87619;5.952286;-11.551375;6.024825;-1.09910052283;OK
897100;OK;-14.750684;-65.724442;95.211288;-172.457001;64.550423;-147.089066;-0.99277;13.116835;4.107607;-10.826588;6.802075;-1.025187052283;OK
897124;OK;-13.422832;-66.515221;95.63176;-171.948578;64.838577;-147.090652;12.21752;6.63757;1.741136;-11.126987;5.681512;-1.0251877052283;OK
897148;OK;-12.481534;-67.078423;95.923775;-171.591324;65.039253;-147.091568;17.600056;1.927375;-0.069479;-7.7629;4.343975;-1.0538007052283;OK
897172;OK;-11.934514;-67.405914;96.089752;-171.389816;65.154106;-147.091782;14.770505;3.178595;-2.378736;-6.163113;2.446162;-0.9870507052283;OK
897196;OK;-11.68307;-67.556557;96.145752;-171.314453;65.194389;-147.091675;11.066435;5.317685;-4.339214;-4.744525;2.3961;-0.9727377052283;OK
897220;OK;-11.610473;-67.606941;96.126221;-171.302032;65.199463;-147.091736;2.701755;7.88116;-5.171636;-3.499975;2.64405;-0.96320077052283;OK
897244;OK;-11.61256;-67.609238;96.118217;-171.302094;65.199318;-147.092072;0.549315;9.272574;-4.504065;-3.018375;2.3651;-0.85830077052283;OK
897268;OK;-11.616812;-67.608444;96.118889;-171.30246;65.198982;-147.092163;0.56076;9.02843;-4.945478;-2.140987;2.028937;-0.85830077052283;OK
897292;OK;-11.622063;-67.594963;96.087616;-171.303268;65.176582;-147.09053;4.063605;5.192755;-12.897757;-0.38385;-7.967938;-1.242150052283;OK
897316;OK;-11.645496;-67.5355;95.927742;-171.320007;64.750633;-147.05365;5.169865;2.133365;-16.493114;4.312988;-18.551338;-6.356238052283;OK
897340;OK;-11.686124;-67.420303;95.547447;-171.38118;63.500179;-146.742355;4.80175;-0.59509;-22.047585;6.110662;-26.865;-4.04357552283;OK
897364;OK;-11.746242;-67.230812;94.900253;-171.486115;61.363033;-146.255661;6.53934;-3.228185;-24.498528;8.649825;-30.939575;-4.74691252283;OK
897388;OK;-11.829023;-66.960716;93.987007;-171.640121;58.342289;-145.578156;8.257865;-3.93009;-26.771;6.9189;-35.355087;-5.40971252283;OK
897412;OK;-11.929449;-66.631355;92.856895;-171.827316;54.58897;-144.73111;7.09724;-1.51634;-23.04213;7.410038;-26.607513;-4.88281352283;OK
897436;OK;-12.041697;-66.276466;91.651291;-172.025879;50.620491;-143.829575;5.80692;-0.331875;-20.76285;6.806849;-23.672575;-4.03403852283;OK
897460;OK;-12.156328;-65.91494;90.4366;-172.221542;46.6404;-142.935898;4.8933;0.22888;-21.915436;9.055138;-25.384426;-4.568088852283;OK
897484;OK;-12.268169;-65.552551;89.216904;-172.421753;42.658714;-142.048508;5.239485;0.63896;-21.431786;7.169238;-20.7901;-4.608625852283;OK
897508;OK;-12.379406;-65.188629;87.995743;-172.620453;38.679707;-141.148895;5.909915;1.8568;-21.776472;6.101125;-23.913374;-4.043575852283;OK
897532;OK;-12.490708;-64.82695;86.775063;-172.817825;34.700752;-140.256302;6.298065;1.39999;-21.806442;6.077287;-22.847649;-3.974437852283;OK
897556;OK;-12.60223;-64.467918;85.55188;-173.01503;30.723625;-139.370758;6.97708;0.716205;-21.835051;6.461138;-22.644987;-4.816050852283;OK
897580;OK;-12.714587;-64.107216;84.329865;-173.212067;26.744591;-138.469238;6.748195;0.734325;-21.162029;6.051063;-22.511475;-3.826613852283;OK
897604;OK;-12.827681;-63.745335;83.108208;-173.409012;22.766376;-137.580887;6.20937;1.105305;-21.039413;6.375313;-24.402138;-4.165163852283;OK
897628;OK;-12.940104;-63.38316;81.891991;-173.605743;18.787821;-136.692215;6.36768;1.57642;-22.3514;6.284712;-21.672237;-4.570475852283;OK
897652;OK;-13.052351;-63.02206;80.670303;-173.801941;14.808558;-135.795303;6.14166;1.593585;-21.419521;7.123938;-21.9345;-4.246225852283;OK
897676;OK;-13.164356;-62.660488;79.451035;-173.999222;10.832229;-134.899246;6.036755;2.00939;-22.108892;6.811613;-24.187561;-3.914825852283;OK
897700;OK;-13.277099;-62.29871;78.230743;-174.195251;6.854386;-134.006104;5.496975;2.195355;-21.256035;7.176387;-22.072788;-3.7717755852283;OK
897724;OK;-13.388917;-61.938873;77.010521;-174.392487;2.875983;-133.119949;5.71823;1.61552;-21.844585;6.53505;-21.722313;-4.5299505852283;OK
897748;OK;-13.500627;-61.578678;75.791382;-174.589569;-1.101748;-132.218781;5.844115;1.518245;-21.592543;6.902213;-23.977751;-3.740788852283;OK
897772;OK;-13.612379;-61.216995;74.571877;-174.786682;-5.078683;-131.329086;5.992885;1.97124;-21.53805;6.241787;-22.888174;-3.759850852283;OK
897796;OK;-13.724253;-60.854458;73.354515;-174.98381;-9.059788;-130.437668;5.92422;2.498625;-22.348673;6.058212;-20.952213;-4.141325852283;OK
897820;OK;-13.836468;-60.494064;72.135063;-175.180328;-13.034802;-129.552292;5.893705;2.17533;-21.8514;6.241787;-24.638174;-4.47511252283;OK
897844;OK;-13.947912;-60.1348;70.914673;-175.376617;-17.012907;-128.65271;6.1779;2.055165;-21.919521;6.9189;-22.48525;-4.03403852283;OK
897868;OK;-14.059204;-59.773666;69.696335;-175.573441;-20.991798;-127.769325;6.72531;2.397535;-21.802357;6.976125;-21.824825;-4.52517552283;OK
897892;OK;-14.17143;-59.411251;68.475891;-175.769073;-24.970779;-126.878181;6.373405;2.97832;-21.882734;7.381438;-22.823801;-4.88757552283;OK
897916;OK;-14.284754;-59.049931;67.259476;-175.965942;-28.947235;-125.984756;5.751605;2.623555;-22.28055;7.083412;-23.427;-4.94717552283;OK
897940;OK;-14.397022;-58.689964;66.037743;-176.162567;-32.925842;-125.089218;5.803105;2.405165;-21.399086;7.548325;-21.433825;-4.42503852283;OK
897964;OK;-14.508457;-58.328712;64.819794;-176.360031;-36.903591;-124.197639;6.06155;2.867695;-22.424965;6.740088;-24.378288;-4.90665052283;OK
897988;OK;-14.620199;-57.96701;63.599491;-176.557434;-40.880062;-123.302055;5.891795;3.2835;-21.355486;6.275175;-22.876263;-4.27007552283;OK
898012;OK;-14.732501;-57.607063;62.380711;-176.754059;-44.859295;-122.410759;5.579945;2.90966;-21.829601;6.4063;-22.504326;-4.67776352283;OK
898036;OK;-14.844111;-57.247284;61.162128;-176.950394;-48.837399;-121.516052;5.92136;2.799985;-21.997179;7.028575;-23.407927;-4.24861252283;OK
898060;OK;-14.955919;-56.885921;59.942318;-177.146896;-52.81398;-120.628822;5.74684;3.205295;-21.795542;7.352825;-24.268625;-4.78505052283;OK
898084;OK;-15.067419;-56.522999;58.725033;-177.343246;-56.793312;-119.72953;5.98049;3.63731;-22.211071;7.4911;-21.14295;-4.07695052283;OK
898108;OK;-15.179579;-56.162582;57.505077;-177.539917;-60.770664;-118.841805;5.735395;3.170965;-21.497177;7.264613;-24.116037;-4.30821352283;OK
898132;OK;-15.292079;-55.802471;56.286396;-177.736725;-64.747871;-117.95665;5.551335;3.353115;-22.08573;7.636538;-23.763176;-5.08307552283;OK
898156;OK;-15.403931;-55.441658;55.065983;-177.933273;-68.726669;-117.056099;5.60379;3.53336;-21.397722;7.464875;-23.033613;-4.28915052283;OK
898180;OK;-15.515167;-55.079903;53.847973;-178.131088;-72.705521;-116.161598;6.1655;4.053115;-22.089821;6.182188;-23.119438;-4.33443752283;OK
898204;OK;-15.626942;-54.720066;52.630016;-178.327408;-76.681671;-115.270851;6.054875;3.267285;-21.671564;6.747238;-24.244776;-4.36067552283;OK
898228;OK;-15.73953;-54.360317;51.409313;-178.523956;-80.659775;-114.383804;5.867955;3.152845;-21.839136;7.164475;-22.404188;-4.95433752283;OK
898252;OK;-15.85136;-53.998901;50.192589;-178.720596;-84.638664;-113.481415;5.48458;3.74031;-21.741043;7.4172;-23.550976;-4.21046352283;OK
898276;OK;-15.953259;-53.648571;49.008823;-178.912827;-88.529358;-112.605804;4.229545;6.704329;-16.352787;7.238387;-15.923975;-3.64541352283;OK
898300;OK;-16.042236;-53.352596;48.002388;-179.077576;-91.845291;-111.857346;2.691265;9.000775;-11.911386;5.46455;-7.622238;-3.275862352283;OK
898324;OK;-16.111383;-53.132126;47.251888;-179.200073;-94.286331;-111.304314;1.60789;10.12039;-9.223392;4.353512;-3.950588;-2.508162352283;OK
898348;OK;-16.155472;-52.98983;46.766647;-179.277023;-95.846947;-110.948456;0.58174;11.75308;-5.114414;4.165163;1.647462;-1.4281252352283;OK
898372;OK;-16.175116;-52.924736;46.547665;-179.312378;-96.536636;-110.809822;0.87547;14.057155;-3.284721;2.691738;4.553787;-2.3341122352283;OK
898396;OK;-16.18185;-52.914341;46.518082;-179.317001;-96.627197;-110.793213;1.170155;13.863561;-4.836485;2.925388;-2.424712;-2.641675352283;OK
898420;OK;-16.181543;-52.915146;46.524693;-179.317062;-96.630569;-110.793457;1.18637;13.75484;-4.606243;2.632138;-2.822875;-2.520075352283;OK
898444;OK;-16.181532;-52.915813;46.526142;-179.316986;-96.630234;-110.79351;1.55067;13.772009;-4.277907;2.272125;-2.367487;-2.534387352283;OK
898468;OK;-16.181906;-52.916409;46.532307;-179.316864;-96.629707;-110.793755;2.138135;14.49966;-3.591264;1.885887;-1.816737;-2.379413352283;OK
898492;OK;-16.184696;-52.920582;46.546379;-179.316742;-96.628433;-110.795883;2.99263;16.243931;-2.867829;1.75475;-0.951288;-1.902575352283;OK
898516;OK;-16.19076;-52.931271;46.567959;-179.316788;-96.624237;-110.808418;4.512785;17.632481;-2.683907;2.1243;-0.002375;-0.622262352283;OK
898540;OK;-16.202967;-52.950584;46.597897;-179.317291;-96.611961;-110.851334;5.208015;18.127439;-1.598079;3.26395;0.417225;0.80585062352283;OK
898564;OK;-16.222961;-52.983292;46.647202;-179.319595;-96.590881;-110.95163;4.787445;18.06068;-0.927786;4.556175;1.149175;2.69888862352283;OK
898588;OK;-16.25013;-53.02916;46.723358;-179.326233;-96.557816;-111.116432;4.8933;20.089146;-0.855579;5.180825;1.361363;4.42981262352283;OK
898612;OK;-16.284418;-53.092243;46.826168;-179.336853;-96.512802;-111.378922;6.174085;20.30563;-0.482286;5.254738;1.8239;4.12940062352283;OK
898636;OK;-16.328299;-53.173576;46.956337;-179.350067;-96.456154;-111.707115;6.59084;21.684645;-0.185279;5.497925;2.171988;4.29152562352283;OK
898660;OK;-16.383406;-53.27354;47.113647;-179.365784;-96.386116;-112.085182;6.161685;21.017071;0.282014;5.7888;2.126688;5.617137562352283;OK
898684;OK;-16.448742;-53.391411;47.298374;-179.384125;-96.305077;-112.557816;5.87368;20.321844;0.671657;6.034362;1.678463;4.289150562352283;OK
898708;OK;-16.524063;-53.524544;47.51096;-179.405945;-96.213814;-113.07399;6.04248;20.993229;1.04495;5.738725;2.598763;4.999638562352283;OK
898732;OK;-16.607901;-53.674301;47.750198;-179.430145;-96.110359;-113.662842;6.45351;21.877285;1.24795;5.4717;2.236362;5.452625562352283;OK
898756;OK;-16.701241;-53.84029;48.015221;-179.45549;-95.995323;-114.312004;7.178305;21.362301;1.683914;5.943775;2.498625;6.415837562352283;OK
898780;OK;-16.805698;-54.022762;48.306664;-179.482758;-95.869873;-115.03791;7.271765;22.03178;1.878736;6.44445;2.276888;6.170262562352283;OK
898804;OK;-16.921055;-54.222824;48.622864;-179.513306;-95.733574;-115.827789;7.32803;21.09432;2.363743;6.463525;2.520075;6.492137562352283;OK
898828;OK;-17.046124;-54.437782;48.963428;-179.547073;-95.588577;-116.691269;7.48062;21.921154;2.486364;5.853175;3.495213;6.577963562352283;OK
898852;OK;-17.181837;-54.666641;49.328228;-179.581543;-95.43045;-117.614281;7.72953;22.93491;2.995893;5.948538;3.061287;6.911750562352283;OK
898876;OK;-17.327911;-54.911545;49.716652;-179.617981;-95.263237;-118.61367;7.7486;23.159979;2.885543;5.67435;3.464213;6.790150562352283;OK
898900;OK;-17.485115;-55.172867;50.127583;-179.657135;-95.087189;-119.679062;8.06522;22.108074;3.177093;4.918575;3.547662;6.809225562352283;OK
898924;OK;-17.652876;-55.44836;50.559456;-179.696228;-94.899879;-120.805;8.784289;21.768566;3.54085;5.123613;2.753725;7.579325562352283;OK
898948;OK;-17.832073;-55.736729;51.012146;-179.736618;-94.704407;-122.005211;8.628845;22.54772;4.425043;5.209437;2.412787;7.441037562352283;OK
898972;OK;-18.022314;-56.037624;51.486469;-179.778168;-94.501396;-123.27121;9.09233;23.03791;3.959107;5.300037;2.737037;7.896412562352283;OK
898996;OK;-18.224253;-56.352669;51.979668;-179.821091;-94.289108;-124.610733;9.527205;23.756979;4.34875;5.044925;2.799025;8.084763562352283;OK
899020;OK;-18.437641;-56.681992;52.490906;-179.865662;-94.070457;-126.013855;10.041235;22.697445;4.890986;4.549025;4.248612;8.32080062352283;OK
899044;OK;-18.663717;-57.024548;53.02037;-179.909531;-93.841667;-127.483864;9.75227;21.804806;4.978179;4.754062;4.16755;8.766649062352283;OK
899068;OK;-18.901714;-57.376968;53.567665;-179.954605;-93.605026;-129.032455;10.23006;23.002621;4.7166;4.315375;2.789488;8.77380062352283;OK
899092;OK;-19.15184;-57.739712;54.129791;-179.998322;-93.363029;-130.650101;10.96725;23.110386;5.066729;4.658688;3.645413;9.08612562352283;OK
899116;OK;-19.415457;-58.115215;54.707233;-180.042725;-93.114006;-132.337296;10.42747;23.32687;4.937307;4.549025;3.275862;9.57965062352283;OK
899140;OK;-19.691719;-58.503098;55.29752;-180.08699;-92.860504;-134.088623;11.227605;22.34745;6.028578;4.336825;3.569125;9.92297662352283;OK
899164;OK;-19.98144;-58.899605;55.902149;-180.13031;-92.600533;-135.912674;11.178015;23.14949;5.686621;4.1747;3.910063;9.62256262352283;OK
899188;OK;-20.284607;-59.303516;56.52066;-180.173172;-92.334953;-137.807404;11.624334;23.8018;5.416864;3.809925;2.994525;9.80138862352283;OK
899212;OK;-20.600761;-59.716846;57.148354;-180.21373;-92.065086;-139.774948;12.709615;24.033545;5.429129;4.0245;4.3416;10.4570372352283;OK
899236;OK;-20.932812;-60.141205;57.785942;-180.252106;-91.790848;-141.817963;12.33768;22.94445;5.81605;4.329675;3.2711;10.7145252352283;OK
899260;OK;-21.279451;-60.572155;58.432522;-180.28891;-91.513084;-143.927582;12.616155;22.914885;5.828307;4.71115;3.252025;11.1699002352283;OK
899284;OK;-21.640484;-61.010792;59.087704;-180.323349;-91.23304;-146.108841;13.063429;22.708889;5.3433;5.173675;3.437987;11.2342752352283;OK
899308;OK;-22.016514;-61.454948;59.749245;-180.356262;-90.950638;-148.364456;14.322279;22.867199;6.227493;5.085463;4.022112;11.1317632352283;OK
899332;OK;-22.409252;-61.903049;60.416454;-180.386856;-90.66684;-150.701508;13.98468;24.089809;5.73975;4.601475;4.818438;11.2438132352283;OK
899356;OK;-22.81889;-62.35799;61.088226;-180.412827;-90.380272;-153.10527;13.863561;23.30303;6.486343;5.002012;3.726475;11.7897872352283;OK
899380;OK;-23.244928;-62.81921;61.763424;-180.435318;-90.094887;-155.570984;14.119145;21.782875;5.8106;5.180825;4.332063;12.0878122352283;OK
899404;OK;-23.686161;-63.282215;62.440258;-180.454636;-89.810272;-158.122498;15.20061;22.723194;6.09125;5.009162;4.782675;11.8470132352283;OK
899428;OK;-24.146126;-63.747379;63.11673;-180.469589;-89.524681;-160.753876;15.53726;22.557255;6.644379;5.061625;3.681175;12.1331132352283;OK
899452;OK;-24.62536;-64.214767;63.794632;-180.48024;-89.243179;-163.454376;15.392301;21.988865;5.847386;4.7636;4.73975;13.0963252352283;OK
899476;OK;-25.121656;-64.683006;64.46862;-180.485291;-88.962021;-166.237442;16.331669;22.420879;6.1294;4.894725;3.416538;12.9389742352283;OK
899500;OK;-25.637114;-65.151077;65.141731;-180.486389;-88.684563;-169.090012;16.696926;21.924015;5.512236;4.3416;3.266325;13.3109012352283;OK
899524;OK;-26.172609;-65.618134;65.806885;-180.485382;-88.41362;-172.020782;16.675945;21.384235;5.7888;1.442425;3.9792;12.9723502352283;OK
899548;OK;-26.72654;-66.08226;66.466888;-180.480682;-88.146378;-175.023254;17.43412;22.112844;5.375993;-2.226825;2.892013;13.492100352283;OK
899572;OK;-27.301443;-66.543709;67.118134;-180.466064;-87.886429;-178.118912;17.90428;21.333691;5.644386;-3.905287;3.4523;13.678062352283;OK
899596;OK;-27.89711;-67.001488;67.760971;-180.441849;-87.634338;-181.294052;18.235205;20.428654;4.660736;-4.451262;3.838538;13.675688352283;OK
899620;OK;-28.514036;-67.452438;68.389801;-180.410461;-87.388359;-184.529633;17.862316;20.774839;5.271093;-4.4465;2.965925;14.381400352283;OK
899644;OK;-29.152409;-67.894608;69.007233;-180.374771;-87.153618;-187.860901;18.77689;21.204945;4.741121;-5.071162;3.740788;14.188288352283;OK
899668;OK;-29.810501;-68.329041;69.610031;-180.332001;-86.928558;-191.262619;19.875525;20.647045;4.512236;-5.068775;3.97205;14.276500352283;OK
899692;OK;-30.491894;-68.755707;70.195114;-180.282974;-86.714622;-194.736984;19.774435;19.325254;4.446843;-4.87565;3.442762;14.874925352283;OK
899716;OK;-31.196283;-69.169128;70.762985;-180.23024;-86.513184;-198.310471;19.803045;19.03915;3.873279;-5.588525;2.892013;14.686576352283;OK
899740;OK;-31.923634;-69.56955;71.307655;-180.171097;-86.326591;-201.966202;19.81258;18.6367;4.002707;-5.872238;3.113738;15.430450352283;OK
899764;OK;-32.670406;-69.955292;71.831192;-180.104889;-86.154831;-205.701675;21.692274;17.93289;3.599436;-5.233287;3.411762;15.120501352283;OK
899788;OK;-33.439613;-70.32309;72.329994;-180.034866;-85.996979;-209.497818;21.710394;18.42403;3.235679;-5.19275;2.565375;15.439976352283;OK
899812;OK;-34.228279;-70.671799;72.800323;-179.960876;-85.856499;-213.360229;20.289419;17.21954;2.757478;-5.271425;1.368513;15.034676352283;OK
899836;OK;-35.029312;-70.997742;73.238541;-179.884888;-85.735329;-217.268524;19.733425;16.830441;1.591271;-5.273813;1.072875;14.743800352283;OK
899860;OK;-35.832207;-71.297951;73.63829;-179.806885;-85.636581;-221.178635;20.771025;15.514369;1.54495;-5.130763;2.11715;15.754688352283;OK
899884;OK;-36.633759;-71.568733;73.998283;-179.72876;-85.553696;-225.047623;19.49024;15.50674;1.459121;-5.397787;0.2551;14.922613352283;OK
899908;OK;-37.43153;-71.80941;74.318756;-179.65242;-85.494118;-228.832687;17.498014;15.460965;0.425064;-5.657662;1.051425;14.302725352283;OK
899932;OK;-38.217216;-72.022346;74.598915;-179.576904;-85.453476;-232.564224;18.188475;14.320371;0.035421;-5.037775;1.306525;14.817713352283;OK
899956;OK;-38.988457;-72.207367;74.841858;-179.503876;-85.430656;-236.253067;19.652365;13.333321;-0.558579;-4.36305;1.428125;14.41716352283;OK
899980;OK;-39.749844;-72.365318;75.047539;-179.436111;-85.42292;-239.841675;19.252775;12.904165;-0.573564;-5.350112;1.218313;14.30748752283;OK
900004;OK;-40.501022;-72.496887;75.220222;-179.37146;-85.426491;-243.354294;17.137524;13.023375;-1.162114;-5.08785;-1.072875;13.4348752283;OK
900028;OK;-41.235821;-72.604698;75.362083;-179.311798;-85.445274;-246.805023;17.84515;12.43305;-2.010886;-5.898475;-1.780975;13.4468002283;OK
900052;OK;-41.954624;-72.690109;75.471786;-179.253571;-85.478523;-250.18692;18.794056;10.93769;-2.471379;-4.54425;-2.899163;13.1773872283;OK
900076;OK;-42.661098;-72.752907;75.553505;-179.203064;-85.525108;-253.501617;17.580984;10.876655;-3.046307;-5.352488;-3.08275;13.1130132283;OK
900100;OK;-43.354237;-72.796265;75.606995;-179.156891;-85.582161;-256.735657;16.13426;9.839055;-3.5681;-5.259512;-3.910063;13.78058832283;OK
900124;OK;-44.027863;-72.818726;75.634422;-179.115128;-85.651566;-259.877014;17.063139;10.023115;-4.081722;-5.114075;-2.729887;13.0224122283;OK
900148;OK;-44.685463;-72.820221;75.627686;-179.078445;-85.726807;-262.9646;16.993519;6.849285;-7.592607;-4.746912;-3.65495;12.15457422283;OK
900172;OK;-45.329678;-72.803703;75.59388;-179.047562;-85.808678;-265.991425;15.743256;5.56278;-6.648471;-4.601475;-3.88145;12.24040022283;OK
900196;OK;-45.957657;-72.778786;75.558998;-179.022095;-85.898285;-268.920654;14.052389;4.814145;-8.445464;-4.580012;-4.065025;12.76015122283;OK
900220;OK;-46.565113;-72.741608;75.509865;-179.000992;-85.994095;-271.767151;16.151424;4.45175;-8.520393;-4.193775;-3.585813;12.02106322283;OK
900244;OK;-47.155815;-72.691811;75.445358;-178.985031;-86.093185;-274.560516;15.906329;3.75652;-8.9441;-3.845688;-4.003037;11.06023722283;OK
900268;OK;-47.732101;-72.631287;75.364807;-178.974686;-86.197998;-277.278137;14.315605;3.205295;-9.177072;-4.003037;-3.042212;11.93761322283;OK
900292;OK;-48.291458;-72.558762;75.271858;-178.968964;-86.303001;-279.914032;13.400075;3.27396;-9.613035;-4.12225;-4.239075;11.73257522283;OK
900316;OK;-48.831757;-72.477638;75.165459;-178.967148;-86.412758;-282.459839;13.33904;3.448485;-9.36235;-3.950588;-3.721713;11.16990022283;OK
900340;OK;-49.353233;-72.388321;75.048065;-178.967636;-86.52507;-284.94458;14.277455;2.92015;-9.5708;-2.6226;-2.951612;10.59770022283;OK
900364;OK;-49.859474;-72.291267;74.921135;-178.969345;-86.636169;-287.360809;13.360975;2.971645;-9.651179;0.08105;-4.210463;10.912413022283;OK
900388;OK;-50.349915;-72.188232;74.786224;-178.974731;-86.75061;-289.696594;12.23564;2.99358;-9.866436;3.151888;-3.657338;10.833737022283;OK
900412;OK;-50.820602;-72.080444;74.643379;-178.987015;-86.862854;-291.944153;12.55512;2.80952;-9.585786;4.508488;-4.549025;9.7441637022283;OK
900436;OK;-51.273666;-71.967964;74.495216;-179.004837;-86.976387;-294.141846;12.85362;3.08132;-9.745186;5.099762;-4.475112;10.192388022283;OK
900460;OK;-51.712063;-71.851059;74.341331;-179.026184;-87.089539;-296.246033;11.36112;3.45993;-9.520392;4.806513;-4.329675;10.225762022283;OK
900484;OK;-52.132435;-71.731903;74.18425;-179.049133;-87.200317;-298.27005;11.603354;3.57437;-9.971343;5.10215;-4.49895;9.7846872022283;OK
900508;OK;-52.536293;-71.610977;74.024635;-179.073761;-87.312019;-300.234222;11.147495;3.59344;-9.91685;5.354875;-3.769388;9.1409632022283;OK
900532;OK;-52.923199;-71.488815;73.862724;-179.100143;-87.419601;-302.130829;10.630606;3.783225;-9.950907;5.390637;-3.921975;9.0074502022283;OK
900556;OK;-53.293282;-71.366096;73.700012;-179.128372;-87.526283;-303.941406;10.791775;4.017825;-9.811943;5.125988;-3.633488;9.1028132022283;OK
900580;OK;-53.647362;-71.244232;73.536819;-179.157211;-87.630447;-305.66745;9.898185;3.736495;-9.614393;5.168912;-3.366462;8.87631232022283;OK
900604;OK;-53.985302;-71.122589;73.375107;-179.186554;-87.731285;-307.330933;9.870524;4.12464;-9.982244;5.331038;-3.192412;8.68796332022283;OK
900628;OK;-54.307858;-71.002769;73.214607;-179.216675;-87.829285;-308.925293;9.30595;4.09603;-9.651179;5.483625;-3.426062;8.28027532022283;OK
900652;OK;-54.613895;-70.884636;73.056786;-179.246597;-87.92247;-310.449615;9.198185;4.21619;-9.6975;5.8341;-3.848075;8.01323732022283;OK
900676;OK;-54.903416;-70.768906;72.900955;-179.277054;-88.013641;-311.894135;9.37557;4.471775;-9.181157;5.97715;-3.893375;7.71760032022283;OK
900700;OK;-55.178658;-70.656166;72.750191;-179.308716;-88.102753;-313.259888;8.68988;4.657745;-9.5272;5.424013;-2.87055;7.61031332022283;OK
900724;OK;-55.438812;-70.547379;72.604042;-179.33963;-88.185387;-314.549286;7.81059;4.39453;-9.613035;5.16175;-3.5715;7.45772532022283;OK
900748;OK;-55.68269;-70.44191;72.461983;-179.368637;-88.26593;-315.775177;7.88021;4.715915;-9.385514;5.650513;-2.7728;7.17162532022283;OK
900772;OK;-55.910809;-70.340744;72.326164;-179.397446;-88.341675;-316.938446;7.998465;4.450795;-9.360992;5.66005;-3.356925;6.85452532022283;OK
900796;OK;-56.124557;-70.243492;72.19529;-179.42659;-88.411636;-318.013885;7.29942;4.7636;-8.749279;5.01155;-3.871912;7.05480032022283;OK
900820;OK;-56.323322;-70.151299;72.071518;-179.453232;-88.480133;-319.019409;7.074355;5.301475;-8.760179;5.264275;-2.8777;6.32523732022283;OK
900844;OK;-56.508366;-70.064911;71.954933;-179.477936;-88.541985;-319.955414;6.44493;5.729675;-8.570807;5.867475;-3.733625;5.67197532022283;OK
900868;OK;-56.678093;-69.984711;71.846039;-179.50206;-88.602066;-320.818481;6.30283;5.465505;-8.611678;6.003375;-2.653587;5.99383732022283;OK
900892;OK;-56.83366;-69.909859;71.7444;-179.525818;-88.654915;-321.612;5.797385;5.44548;-8.4659;5.583762;-3.211488;5.90800032022283;OK
900916;OK;-56.974228;-69.84108;71.652061;-179.547943;-88.703499;-322.328674;6.03008;6.14929;-8.600779;5.114075;-3.380775;5.22851232022283;OK
900940;OK;-57.101013;-69.77874;71.566742;-179.567383;-88.746719;-322.974487;5.551335;5.87177;-8.309221;5.128375;-3.809925;5.22136332022283;OK
900964;OK;-57.214359;-69.722359;71.489784;-179.584518;-88.788437;-323.55072;4.70161;6.62136;-7.581707;5.331038;-2.589225;4.90665032022283;OK
900988;OK;-57.312115;-69.673302;71.423546;-179.599762;-88.824707;-324.063721;4.408835;6.18076;-7.754729;5.424013;-2.360337;4.05311332022283;OK
901012;OK;-57.395897;-69.630852;71.366241;-179.613358;-88.85334;-324.48233;3.993985;6.700515;-7.570807;5.340575;-2.777575;4.99486332022283;OK
901036;OK;-57.465549;-69.594391;71.318527;-179.625076;-88.877586;-324.852325;3.90148;7.324215;-7.430479;5.121225;-2.911088;3.94582532022283;OK
901060;OK;-57.52203;-69.566406;71.280388;-179.634583;-88.897789;-325.13916;2.911565;7.26032;-7.160728;4.90665;-2.8634;4.03642532022283;OK
901084;OK;-57.563812;-69.545181;71.251984;-179.641876;-88.912842;-325.374664;2.869605;7.03239;-6.945471;4.73975;-2.875325;2.47001332022283;OK
901108;OK;-57.592232;-69.531189;71.234375;-179.64653;-88.923386;-325.510437;2.61974;6.882665;-7.065364;4.72545;-2.653587;3.29493832022283;OK
901132;OK;-57.609043;-69.523125;71.225639;-179.649185;-88.929466;-325.593994;2.40421;7.577895;-6.880078;4.7326;-2.715587;3.08990032022283;OK
901156;OK;-57.616196;-69.520981;71.224808;-179.650558;-88.932365;-325.636627;2.09808;7.68661;-6.147107;4.637238;-2.763263;3.02791232022283;OK
901180;OK;-57.617149;-69.520943;71.226006;-179.651138;-88.933533;-325.647644;1.930235;8.033751;-4.8542;4.527563;-2.729887;3.12088832022283;OK
901204;OK;-57.617138;-69.521042;71.226707;-179.651306;-88.933868;-325.648529;1.750945;8.0986;-4.81605;4.427425;-2.639287;3.06606232022283;OK
901228;OK;-57.617149;-69.520981;71.226631;-179.651352;-88.933945;-325.648193;1.958845;7.765765;-5.201607;4.327288;-2.632138;2.94923732022283;OK
901252;OK;-57.617249;-69.520782;71.226509;-179.651352;-88.93399;-325.648193;2.12097;7.50923;-5.461828;4.239075;-2.582062;2.89916332022283;OK
901276;OK;-57.617249;-69.514839;71.266808;-179.651871;-88.914291;-325.644226;1.686095;5.00965;3.659379;5.04255;7.705688;0.9536636332022284;OK
901300;OK;-57.614853;-69.52253;71.460846;-179.672775;-88.4869;-325.395447;-1.406665;10.158535;10.129378;6.418225;21.998875;-11.5466002283;OK
901324;OK;-57.605579;-69.555115;71.919182;-179.738052;-87.22464;-324.269104;-3.552435;10.104175;16.707008;6.558887;28.128613;-12.6218752283;OK
901348;OK;-57.589706;-69.603081;72.700974;-179.84903;-85.077827;-322.342773;-4.64725;11.94477;19.756042;6.351463;32.925598;-15.8595992283;OK
901372;OK;-57.565491;-69.674767;73.807053;-180.004227;-82.04451;-319.611938;-4.39262;12.834544;21.0217;6.763925;34.937851;-17.7884012283;OK
901396;OK;-57.534302;-69.771194;75.164192;-180.20015;-78.280235;-316.198792;-3.3493;14.173505;16.52445;5.118837;30.286301;-16.7918132283;OK
901420;OK;-57.5042;-69.864914;76.612831;-180.403107;-74.306755;-312.586609;-3.819465;15.088079;13.9904;6.246562;24.1661;-15.0418252283;OK
901444;OK;-57.475174;-69.956215;78.083107;-180.607742;-70.321175;-308.980133;-5.340575;15.106199;13.34735;5.97;26.774401;-15.6140252283;OK
901468;OK;-57.443214;-70.050171;79.551781;-180.812576;-66.336769;-305.387787;-4.14276;13.935084;13.48495;5.578988;25.24375;-15.8357512283;OK
901492;OK;-57.410652;-70.143494;81.024422;-181.016953;-62.350006;-301.800842;-3.44276;13.85784;14.010837;5.56945;26.237961;-15.2063262283;OK
901516;OK;-57.379131;-70.236023;82.493546;-181.220932;-58.366024;-298.230072;-3.60584;15.165324;13.835086;5.7125;26.059151;-14.6579632283;OK
901540;OK;-57.348808;-70.327484;83.966515;-181.42572;-54.379162;-294.635559;-3.737445;15.155789;13.845986;5.683887;25.131699;-15.5735002283;OK
901564;OK;-57.318192;-70.421806;85.435654;-181.630249;-50.396156;-291.038177;-3.90911;14.090535;13.524458;5.9247;26.438225;-15.9335122283;OK
901588;OK;-57.2859;-70.514946;86.905357;-181.835098;-46.411488;-287.472229;-3.10516;13.672826;14.373228;6.289474;25.148388;-15.7642252283;OK
901612;OK;-57.255039;-70.608826;88.374924;-182.039063;-42.427769;-283.897186;-3.3493;14.238355;13.626642;6.968975;27.070036;-14.5888252283;OK
901636;OK;-57.224663;-70.70121;89.845016;-182.244125;-38.444107;-280.319092;-3.895755;14.85157;14.281949;6.551737;25.193687;-14.9798372283;OK
901660;OK;-57.193825;-70.794693;91.314934;-182.449051;-34.458233;-276.733307;-3.67069;14.384265;13.076236;7.007113;25.644299;-15.5973382283;OK
901684;OK;-57.162888;-70.887764;92.783859;-182.653244;-30.476248;-273.139191;-3.92246;13.70811;14.313285;7.202625;25.775423;-15.5901882283;OK
901708;OK;-57.131443;-70.97979;94.25338;-182.859314;-26.491608;-269.572357;-3.537175;14.62841;13.426371;5.722037;25.928011;-15.0585132283;OK
901732;OK;-57.100639;-71.072472;95.721802;-183.063705;-22.508703;-266.006989;-3.933905;14.48822;14.749249;5.846013;26.633736;-14.7533372283;OK
901756;OK;-57.069031;-71.16658;97.192505;-183.26857;-18.52367;-262.422821;-3.40652;14.594075;13.34735;5.288113;24.774063;-14.5220762283;OK
901780;OK;-57.038193;-71.260696;98.659317;-183.472137;-14.540321;-258.835175;-3.811835;13.415335;15.07895;6.167888;26.874537;-15.2015632283;OK
901804;OK;-57.007298;-71.35421;100.129723;-183.67691;-10.557195;-255.248352;-3.695485;13.547894;13.833721;5.686275;25.918474;-15.211100283;OK
901828;OK;-56.976669;-71.44619;101.597122;-183.882324;-6.572082;-251.681885;-4.016875;14.097209;15.325543;5.385875;26.905525;-14.9893740283;OK
901852;OK;-56.945095;-71.538879;103.066917;-184.086655;-2.589902;-248.122864;-3.529545;14.459605;14.242443;5.960463;27.074814;-15.3064620283;OK
901876;OK;-56.91386;-71.632561;104.533264;-184.290573;1.3969;-244.539536;-3.61633;13.665195;15.589849;6.275175;25.236601;-14.62697520283;OK
901900;OK;-56.883064;-71.72554;106.002617;-184.495438;5.379233;-240.95459;-3.91769;13.56983;14.266965;6.902213;27.463425;-15.56633820283;OK
901924;OK;-56.852348;-71.819023;107.469261;-184.700577;9.364606;-237.366669;-3.988265;13.06915;16.108921;6.585112;24.940964;-15.61402520283;OK
901948;OK;-56.820904;-71.911163;108.94101;-184.906708;13.346089;-233.802185;-3.70121;14.632225;14.129364;5.455013;28.111925;-15.5544250283;OK
901972;OK;-56.790428;-72.003738;110.407829;-185.110916;17.332703;-230.234512;-4.27246;13.96465;15.777858;5.702962;23.927687;-14.9440750283;OK
901996;OK;-56.759327;-72.097183;111.877228;-185.315765;21.317133;-226.649704;-4.16088;13.69953;14.618464;5.56945;26.671875;-14.3766370283;OK
902020;OK;-56.72773;-72.191658;113.34288;-185.520538;25.301296;-223.061401;-3.71265;12.519835;16.34325;5.1546;23.860926;-14.7962490283;OK
902044;OK;-56.696571;-72.284752;114.813652;-185.725357;29.285917;-219.478775;-4.126545;13.433455;15.306471;4.80175;25.470251;-15.4733630283;OK
902068;OK;-56.666294;-72.376984;116.283791;-185.930069;33.26133;-215.904144;-4.36115;13.906474;15.53535;5.43355;28.626913;-14.3217990283;OK
902092;OK;-56.634399;-72.467171;117.755615;-186.134171;37.25264;-212.33783;-3.869055;14.326096;15.528536;5.6529;24.20425;-14.0285380283;OK
902116;OK;-56.601784;-72.56282;119.218742;-186.338531;41.235592;-208.76474;-2.34985;12.507436;15.006743;5.960463;26.07345;-13.7090630283;OK
902140;OK;-56.57159;-72.65831;120.688858;-186.542603;45.221577;-205.175354;-3.799435;12.042045;15.607556;6.9046;23.331638;-14.3933250283;OK
902164;OK;-56.541939;-72.752144;122.154709;-186.747452;49.203789;-201.594986;-4.12273;12.33959;15.908642;6.766313;25.970924;-15.2230240283;OK
902188;OK;-56.51088;-72.842751;123.626579;-186.952576;53.186562;-198.022842;-3.98159;13.234136;15.149793;6.4516;24.671551;-14.2335870283;OK
902212;OK;-56.478294;-72.93528;125.093628;-187.156784;57.170521;-194.459671;-3.175735;12.406344;15.215185;6.721012;26.755323;-13.9617870283;OK
902236;OK;-56.448952;-73.028214;126.563126;-187.360886;61.153954;-190.884567;-4.315375;12.081144;15.583035;7.026187;24.569025;-14.7223370283;OK
902260;OK;-56.418869;-73.121506;128.02919;-187.566406;65.139503;-187.287994;-4.79698;12.556074;15.964506;5.860325;24.781225;-14.7676380283;OK
902284;OK;-56.386353;-73.213608;129.50058;-187.77153;69.121574;-183.711395;-3.62873;12.724874;15.561236;5.500312;25.515551;-15.1324250283;OK
902308;OK;-56.354668;-73.307953;130.966949;-187.976242;73.106407;-180.147354;-3.671645;11.708255;15.888206;5.240438;24.192324;-14.4457740283;OK
902332;OK;-56.324696;-73.400284;132.437317;-188.179947;77.089256;-176.576736;-4.53472;11.613845;16.303743;6.279937;25.625225;-14.1382130283;OK
902356;OK;-56.293549;-73.49411;133.903976;-188.384766;81.073029;-172.999878;-4.076;11.45267;16.644337;5.93185;24.185175;-14.8463130283;OK
902380;OK;-56.261833;-73.585945;135.37471;-188.590302;85.057182;-169.400513;-3.853795;12.36248;16.901829;5.533688;25.799263;-14.5053750283;OK
902404;OK;-56.230476;-73.679756;136.841599;-188.794586;89.040611;-165.821655;-3.90148;11.580465;16.623899;6.198875;24.988649;-14.5196870283;OK
902428;OK;-56.200165;-73.77282;138.311066;-188.998779;93.026894;-162.262039;-4.108425;11.051175;17.080299;6.26325;23.756025;-14.2621880283;OK
902452;OK;-56.169086;-73.865799;139.7771;-189.203247;97.007172;-158.690552;-3.88145;11.17706;16.053057;6.794925;25.541777;-14.0809990283;OK
902476;OK;-56.140499;-73.956459;141.18959;-189.403748;100.897453;-155.165466;-3.49426;11.05213;9.190693;5.538463;14.302725;-11.8494000283;OK
902500;OK;-56.116405;-74.034866;142.385147;-189.574326;104.186913;-152.17363;-3.15475;9.2802;3.231593;3.8886;6.310937;-7.8845004000283;OK
902524;OK;-56.098454;-74.091751;143.27916;-189.697418;106.600014;-149.980911;-3.069875;7.915495;-0.292907;4.324913;2.498625;-6.299012000283;OK
902548;OK;-56.08749;-74.127357;143.847473;-189.776733;108.130089;-148.593552;-2.462385;7.86209;-3.553114;3.185262;-1.692762;-2.76326300283;OK
902572;OK;-56.084721;-74.138039;144.106308;-189.810577;108.790512;-147.990921;-2.50816;6.695745;-5.313322;3.168575;-4.267687;-0.31471200283;OK
902596;OK;-56.083843;-74.134941;144.156342;-189.814209;108.874687;-147.944016;-2.74944;4.622455;-2.573557;3.614425;1.835812;-1.907337200283;OK
902620;OK;-56.083492;-74.134201;144.148956;-189.814346;108.877464;-147.951187;-3.06892;5.081175;-1.828328;3.488062;2.2149;-1.184938200283;OK
902644;OK;-56.082447;-74.13369;144.144989;-189.814331;108.876953;-147.957748;-2.99549;5.17082;-2.453664;3.395075;1.459113;-0.441063200283;OK
902668;OK;-56.082073;-74.132675;144.140167;-189.814255;108.876038;-147.968124;-3.165245;3.8166;-1.310614;3.318775;1.080025;-0.071525200283;OK
902692;OK;-56.082138;-74.122116;144.146729;-189.814514;108.876213;-147.976913;-2.602575;1.541135;0.667571;3.907675;1.19685;0.05960025200283;OK
902716;OK;-56.082897;-74.096283;144.165207;-189.816589;108.87986;-147.985779;-0.720975;-0.07057;1.521786;5.266662;3.1352;0.6365755200283;OK
902740;OK;-56.085632;-74.044601;144.198029;-189.825073;108.897606;-148.003204;1.299855;-1.69277;2.591264;6.117813;4.13655;0.36716255200283;OK
902764;OK;-56.092236;-73.957558;144.253464;-189.843536;108.934563;-148.014832;3.280635;-4.85134;3.27655;6.091588;4.935262;0.62942555200283;OK
902788;OK;-56.103561;-73.823486;144.336197;-189.872314;108.994659;-148.027069;4.24194;-5.702015;3.844664;5.917538;5.168912;0.87498855200283;OK
902812;OK;-56.120209;-73.636818;144.448471;-189.91008;109.078354;-148.042984;4.435535;-5.358695;4.247936;6.5422;5.149837;1.20162555200283;OK
902836;OK;-56.141212;-73.399475;144.589645;-189.958145;109.185257;-148.062622;4.63676;-7.282255;4.574907;6.771088;5.586138;1.43288755200283;OK
902860;OK;-56.165768;-73.107697;144.760178;-190.017807;109.315643;-148.085815;5.18131;-8.54206;4.566736;6.551737;5.73635;1.68800055200283;OK
902884;OK;-56.194805;-72.757652;144.956421;-190.087784;109.470093;-148.112442;5.197525;-8.51631;5.309236;5.853175;5.722037;2.21013755200283;OK
902908;OK;-56.22839;-72.349083;145.177551;-190.166458;109.647949;-148.144562;5.079265;-9.682655;5.648471;6.189337;5.767338;2.57491355200283;OK
902932;OK;-56.264755;-71.881851;145.42247;-190.25444;109.848938;-148.184143;5.717275;-12.1212;5.897793;6.282325;6.9332;2.9253885200283;OK
902956;OK;-56.305359;-71.350327;145.687729;-190.352875;110.076218;-148.229401;5.395885;-12.55512;6.2125;6.139275;7.321825;3.2925505200283;OK
902980;OK;-56.349964;-70.750412;145.971039;-190.458939;110.329056;-148.286255;5.047795;-12.896535;6.811957;6.735312;6.0892;3.3307005200283;OK
903004;OK;-56.397064;-70.081467;146.271255;-190.575302;110.604965;-148.355667;5.034445;-13.502119;6.494521;6.265637;7.185925;3.0064505200283;OK
903028;OK;-56.447029;-69.341949;146.582489;-190.700104;110.905251;-148.431213;5.123135;-15.341754;6.89915;5.815025;7.236;2.7680385200283;OK
903052;OK;-56.499325;-68.528244;146.903275;-190.83168;111.229546;-148.507568;5.12695;-16.74938;7.0749;5.657662;7.519712;3.0517505200283;OK
903076;OK;-56.553806;-67.633629;147.230072;-190.970139;111.57663;-148.596558;4.806515;-16.979214;6.999964;6.41345;7.829662;2.9253885200283;OK
903100;OK;-56.608944;-66.657555;147.557907;-191.115707;111.946953;-148.703018;5.55229;-17.197605;6.355557;6.68525;7.059562;2.2983505200283;OK
903124;OK;-56.666107;-65.602264;147.882935;-191.265793;112.336739;-148.801361;4.82273;-19.659039;7.0858;6.363388;7.57455;2.9420755200283;OK
903148;OK;-56.723785;-64.460861;148.201721;-191.420837;112.743965;-148.912186;5.04112;-21.188734;6.445471;6.809225;7.004738;3.2114885200283;OK
903172;OK;-56.780903;-63.229813;148.507782;-191.578064;113.164909;-149.039688;4.92477;-20.615574;6.073543;7.045262;8.583062;3.1638135200283;OK
903196;OK;-56.837044;-61.91431;148.796967;-191.736313;113.597221;-149.183945;4.949565;-21.26026;5.875993;7.932175;7.688987;2.5320005200283;OK
903220;OK;-56.891613;-60.512794;149.065903;-191.893677;114.033928;-149.338531;4.512785;-21.8029;5.674357;7.271762;7.519712;1.6212385200283;OK
903244;OK;-56.94405;-59.026497;149.307632;-192.04689;114.468483;-149.467957;4.09889;-21.959301;5.404607;7.9584;7.9751;2.7656505200283;OK
903268;OK;-56.992149;-57.457539;149.518341;-192.19516;114.893127;-149.615723;4.014965;-22.460934;5.187986;5.28335;7.994162;2.7036635200283;OK
903292;OK;-57.036236;-55.812656;149.69368;-192.330032;115.301208;-149.767441;3.41129;-23.628231;3.476821;5.896087;6.833075;2.4700135200283;OK
903316;OK;-57.073566;-54.099899;149.824524;-192.453644;115.678421;-149.909576;3.61633;-22.573469;3.806521;6.1798;6.77585;2.7728005200283;OK
903340;OK;-57.103977;-52.333309;149.909409;-192.556564;116.013741;-150.054276;3.217695;-20.215984;1.817428;5.047312;6.093975;2.0194005200283;OK
903364;OK;-57.126083;-50.536339;149.934586;-192.638412;116.292595;-150.169205;2.54154;-18.128395;-1.178464;5.414475;6.616113;2.598763200283;OK
903388;OK;-57.138046;-48.734848;149.886108;-192.692383;116.507217;-150.268494;1.354215;-16.691204;-1.305164;3.800388;4.918575;2.439013200283;OK
903412;OK;-57.138233;-46.960114;149.810471;-192.716751;116.644989;-150.347183;-1.320835;-12.67433;-4.355564;3.7837;3.273475;2.24827500283;OK
903436;OK;-57.128105;-45.238403;149.695938;-192.714905;116.699005;-150.391464;-2.69508;-11.50608;-3.415514;-1.45435;2.746575;2.3627250283;OK
903460;OK;-57.110592;-43.590652;149.541443;-192.683716;116.679367;-150.400864;-3.36742;-7.52735;-5.668907;-4.618163;-1.971712;2.9277750283;OK
903484;OK;-57.086357;-42.037952;149.344666;-192.615814;116.575226;-150.399551;-4.030225;-6.449695;-4.660736;-4.751675;-3.36885;1.9955630283;OK
903508;OK;-57.054234;-40.581936;149.120041;-192.521469;116.392776;-150.378418;-4.27818;-4.463195;-4.786078;-4.787437;-3.035063;0.5912750283;OK
903532;OK;-57.0159;-39.228012;148.868393;-192.406952;116.145355;-150.33046;-4.966735;-3.108975;-5.275179;-5.5766;-2.887238;-0.448225283;OK
903556;OK;-56.971054;-37.972321;148.597672;-192.274063;115.844597;-150.249435;-5.047795;-2.750395;-4.453657;-6.117813;-3.957738;-1.447200283;OK
903580;OK;-56.92123;-36.811703;148.310867;-192.128189;115.496758;-150.141052;-5.296705;-2.79808;-4.325593;-6.349075;-4.563325;-1.733300283;OK
903604;OK;-56.86718;-35.739197;148.015472;-191.970078;115.109596;-150.024399;-4.91142;-2.24018;-4.431857;-5.414475;-4.825588;-2.679812283;OK
903628;OK;-56.810413;-34.749985;147.712036;-191.807587;114.692429;-149.881866;-4.824635;-0.824925;-4.702971;-6.5279;-3.9482;-2.305500283;OK
903652;OK;-56.75235;-33.843307;147.406387;-191.639877;114.253181;-149.736694;-4.824635;-0.324245;-4.99725;-5.960463;-4.780288;-2.596375283;OK
903676;OK;-56.692837;-33.011631;147.10173;-191.469101;113.800873;-149.581345;-5.03349;-0.267025;-4.001343;-4.6873;-5.059237;-2.098075283;OK
903700;OK;-56.632336;-32.248222;146.801453;-191.302383;113.339607;-149.433731;-4.1151;1.81961;-4.85965;-6.585112;-5.2452;-2.3579505283;OK
903724;OK;-56.572865;-31.555042;146.50618;-191.137344;112.877449;-149.290771;-4.113195;1.47724;-4.128043;-6.0606;-4.358287;-2.8252505283;OK
903748;OK;-56.515629;-30.922876;146.221558;-190.976242;112.421089;-149.14711;-4.39739;2.72369;-4.174365;-5.125988;-4.014963;-3.1328135283;OK
903772;OK;-56.459763;-30.349545;145.946045;-190.823135;111.977043;-148.983093;-4.28867;3.781315;-3.497257;-5.595675;-5.080688;-1.6331625283;OK
903796;OK;-56.406158;-29.832594;145.685867;-190.676987;111.545921;-148.848068;-3.975865;4.266735;-3.038129;-5.2309;-3.576275;-1.7118385283;OK
903820;OK;-56.355217;-29.369806;145.440094;-190.540421;111.138245;-148.728882;-3.695485;4.44984;-2.486364;-5.085463;-4.15325;-2.2482755283;OK
903844;OK;-56.308361;-28.95706;145.213425;-190.41275;110.754639;-148.618942;-3.950115;4.992485;-2.722057;-4.379737;-4.003037;-2.8038005283;OK
903868;OK;-56.264843;-28.591612;145.003555;-190.298203;110.400269;-148.499237;-3.728865;6.03294;-1.998628;-4.782675;-4.16755;-1.9550255283;OK
903892;OK;-56.225235;-28.271261;144.814575;-190.193634;110.076149;-148.409149;-3.44753;6.76918;-1.745221;-4.231925;-3.242487;-2.9158505283;OK
903916;OK;-56.190037;-27.995987;144.646942;-190.10289;109.786774;-148.31897;-3.417015;7.43103;-1.532686;-5.137913;-1.578325;-2.5629875283;OK
903940;OK;-56.159672;-27.764341;144.502396;-190.023087;109.537743;-148.232529;-2.903935;7.619855;-0.931871;-4.463188;-2.47955;-1.9717125283;OK
903964;OK;-56.134235;-27.572596;144.380859;-189.956116;109.325829;-148.170959;-2.779005;9.169575;-0.760214;-4.0555;-1.51395;-2.1743755283;OK
903988;OK;-56.113991;-27.421074;144.283661;-189.902557;109.156914;-148.12355;-2.719875;9.860991;-0.113071;-3.814687;-1.924038;-2.3460385283;OK
904012;OK;-56.099434;-27.310364;144.2108;-189.864578;109.029022;-148.088654;-2.636905;10.294909;0.628057;-4.518025;-0.977513;-2.5177005283;OK
904036;OK;-56.090282;-27.235744;144.164734;-189.838257;108.944176;-148.063095;-2.563475;11.744494;0.656671;-4.351138;-0.991813;-2.5963755283;OK
904060;OK;-56.085888;-27.192778;144.139862;-189.822525;108.895302;-148.048447;-2.60162;11.22093;0.771107;-4.065025;-1.251688;-2.6965125283;OK
904084;OK;-56.084579;-27.173058;144.130722;-189.815277;108.872536;-148.041458;-2.72846;11.01112;1.382821;-4.158012;-1.45435;-2.7728005283;OK
904108;OK;-56.084072;-27.16909;144.133347;-189.81311;108.865059;-148.038651;-2.55775;11.2524;2.926414;-4.21285;-1.420963;-2.7728005283;OK
904132;OK;-56.083908;-27.169937;144.135452;-189.812775;108.864204;-148.037933;-2.947805;12.078285;3.472736;-4.148475;-1.397125;-2.7942635283;OK
904156;OK;-56.083416;-27.170124;144.135681;-189.812683;108.864082;-148.037476;-3.100395;12.142179;3.231593;-4.091262;-1.31845;-2.8181005283;OK
904180;OK;-56.082973;-27.170145;144.13559;-189.812653;108.863991;-148.03714;-3.26824;12.042045;2.953664;-3.995888;-1.292225;-2.8514755283;OK
904204;OK;-56.082504;-27.1644;144.133621;-189.812637;108.864204;-148.037064;-3.37505;7.58171;0.534057;-3.9339;-0.922675;-2.84671255283;OK
904228;OK;-56.081944;-27.130363;144.11412;-189.812775;108.869102;-148.037186;-3.355975;5.283355;-1.069471;-3.509512;1.9598;-2.75135055283;OK
904252;OK;-56.081493;-27.051361;144.071884;-189.813339;108.901649;-148.038147;-3.474235;2.088545;-1.366479;-2.374638;4.327288;-2.26258855283;OK
904276;OK;-56.081085;-26.909252;144.002563;-189.814804;108.974609;-148.040222;-3.55911;0.90599;-2.036771;-0.326625;5.393025;-1.45435055283;OK
904300;OK;-56.0807;-26.698545;143.902435;-189.817581;109.086594;-148.047501;-3.53527;0.414845;-2.775186;2.3365;5.581375;-0.424375055283;OK
904324;OK;-56.080414;-26.431391;143.772369;-189.82402;109.231575;-148.060852;-3.625865;0.698085;-2.784729;4.253375;5.159375;0.4792125055283;OK
904348;OK;-56.080151;-26.129553;143.623672;-189.834198;109.391174;-148.095459;-3.64685;2.45571;-2.1989;5.128375;6.432525;0.6747135055283;OK
904372;OK;-56.079876;-25.8144;143.47052;-189.846039;109.553543;-148.122513;-3.695485;3.63636;-1.892357;5.180825;6.365775;1.3661385055283;OK
904396;OK;-56.0797;-25.500465;143.317352;-189.857819;109.713844;-148.151535;-3.766055;3.50666;-2.153936;5.300037;5.865088;1.9049635055283;OK
904420;OK;-56.079514;-25.187662;143.163177;-189.868896;109.868706;-148.182098;-3.781315;3.48186;-1.9741;5.545612;6.91175;2.3293375055283;OK
904444;OK;-56.079338;-24.876925;143.008469;-189.8797;110.024193;-148.212952;-3.807065;3.726955;-2.062657;5.648125;6.139275;2.6941255055283;OK
904468;OK;-56.079227;-24.567846;142.852814;-189.889648;110.177017;-148.246368;-3.83663;3.68881;-2.072193;6.167888;5.1546;2.8538635055283;OK
904492;OK;-56.079086;-24.260351;142.696274;-189.899902;110.325867;-148.279465;-3.89194;4.014015;-1.893722;6.241787;5.483625;2.9087005055283;OK
904516;OK;-56.078922;-23.954315;142.539581;-189.909637;110.472855;-148.313263;-3.869055;4.304885;-2.004071;6.6471;4.827975;2.7894885055283;OK
904540;OK;-56.078865;-23.650763;142.382523;-189.919525;110.616104;-148.345612;-3.952025;3.92818;-2.103528;6.73055;5.595675;2.7275005055283;OK
904564;OK;-56.0788;-23.349529;142.224136;-189.929306;110.75779;-148.375687;-3.926275;3.849025;-1.9741;7.01665;5.862712;2.7060505055283;OK
904588;OK;-56.078701;-23.048965;142.06456;-189.939041;110.896942;-148.403336;-3.93867;3.624915;-1.799714;6.983275;5.581375;2.7775755055283;OK
904612;OK;-56.078636;-22.749533;141.905243;-189.949005;111.034531;-148.428009;-3.92723;4.404065;-1.832414;6.890287;5.168912;2.9730755055283;OK
904636;OK;-56.078602;-22.45244;141.745804;-189.958588;111.168739;-148.452835;-3.968235;4.31919;-2.092628;6.823537;5.578988;3.1471255055283;OK
904660;OK;-56.078526;-22.156975;141.585297;-189.968155;111.301643;-148.479019;-3.968235;4.44412;-2.162114;6.6924;5.31435;3.2067255055283;OK
904684;OK;-56.078503;-21.863859;141.423843;-189.977371;111.430786;-148.50499;-3.995895;3.83186;-2.016336;6.794925;6.194112;3.1280505055283;OK
904708;OK;-56.078449;-21.570732;141.261566;-189.986526;111.560577;-148.534378;-3.96633;4.46796;-2.091271;6.623262;4.873275;2.9611505055283;OK
904732;OK;-56.078392;-21.280024;141.099045;-189.995453;111.686142;-148.563614;-3.97396;4.65393;-1.972743;6.663787;5.590912;2.6702885055283;OK
904756;OK;-56.078373;-20.990654;140.936401;-190.004013;111.810501;-148.589966;-3.970145;4.4651;-2.119879;6.728163;5.636213;2.3794135055283;OK
904780;OK;-56.078339;-20.703428;140.772583;-190.012695;111.932915;-148.613098;-4.001615;4.575725;-2.28745;6.666175;5.350112;2.3913375055283;OK
904804;OK;-56.078316;-20.417904;140.607086;-190.021042;112.053627;-148.63443;-3.933905;4.27341;-1.683914;6.887913;4.241462;2.3937135055283;OK
904828;OK;-56.078285;-20.132973;140.442429;-190.02951;112.170731;-148.654556;-3.93295;4.45747;-2.106257;6.9046;4.92095;2.4366375055283;OK
904852;OK;-56.078262;-19.849812;140.277344;-190.038208;112.286148;-148.673019;-3.967285;4.83608;-2.068107;6.747238;4.813663;2.6130625055283;OK
