Time;Label;A1;A2;A3;A4;A5;A6;Cur1;Cur2;Cur3;Cur4;Cur5;Cur6
2658436;0;0.625935;-89.518257;90.282166;4.939835;90.483261;-143.840775;2.188680;5.419730;-2.557207;0.269413;0.557887;-1.361363
2658460;0;0.607478;-89.519554;90.328445;4.921588;90.485481;-143.839447;10.588645;7.753370;6.593972;13.184537;2.171988;-2.064700
2658484;0;0.501262;-89.554100;90.593979;4.459828;90.551003;-143.732925;19.887920;10.794635;18.127985;32.274712;6.649487;-7.441037
2658508;0;0.226923;-89.664825;91.350975;2.796355;90.798203;-143.164856;31.888958;14.175415;31.867706;53.970814;11.146063;-9.961125
2658532;0;-0.294906;-89.884018;92.799889;-0.517623;91.300514;-141.976608;36.929131;15.443800;41.107449;70.927139;11.241425;-11.963838
2658556;0;-1.085724;-90.218300;95.008423;-5.589175;92.067230;-140.194443;42.185780;19.040104;44.086998;73.740479;13.570775;-14.917850
2658580;0;-2.117615;-90.657600;97.892609;-12.261244;93.075127;-137.786255;36.603924;18.974300;38.536613;74.799049;14.367101;-13.802050
2658604;0;-3.297623;-91.156494;101.173668;-19.862684;94.224167;-135.066360;26.563641;17.098425;30.965799;60.775272;13.349051;-14.054775
2658628;0;-4.534936;-91.669640;104.600723;-27.723354;95.413811;-132.236282;27.140614;16.360279;26.672905;58.021538;11.715887;-13.134475
2658652;0;-5.783005;-92.184662;108.054733;-35.615692;96.605728;-129.403442;25.128359;16.532894;26.031219;54.299824;12.161725;-12.741087
2658676;0;-7.033327;-92.700966;111.511879;-43.506458;97.799385;-126.590477;24.868965;15.759465;28.298235;55.108063;11.553762;-13.401500
2658700;0;-8.286241;-93.215057;114.973503;-51.396000;98.992531;-123.773926;23.423191;16.506195;28.126579;54.874413;10.595313;-13.017650
2658724;0;-9.520477;-93.726036;118.405907;-59.252872;100.179619;-120.964172;21.377560;14.880180;21.339142;49.583900;11.324875;-12.617100
2658748;0;-10.676492;-94.204224;121.622902;-66.685890;101.303925;-118.283218;14.179225;7.527350;7.771079;35.185814;7.698525;-10.24007500
2658772;0;-11.659922;-94.534660;124.318115;-72.893715;102.244553;-116.036484;1.296040;-6.748195;-0.979557;22.454250;6.041525;-7.39573800
2658796;0;-12.383712;-94.557823;126.311691;-77.429970;102.934456;-114.401314;-1.628875;-30.211445;-7.010864;14.138213;2.086163;-5.648125
2658820;0;-12.827900;-94.122612;127.553123;-80.228859;103.357040;-113.390190;-2.017970;-56.178093;-9.386878;0.936975;1.044263;-3.0827505
2658844;0;-13.036080;-93.060860;128.131332;-81.428726;103.541725;-112.951263;-4.640575;-72.359085;-7.618493;-1.289837;-1.139637;-1.559250
2658868;0;-13.093022;-91.279877;128.302658;-81.691109;103.575165;-112.875786;-0.151630;-80.739021;-1.557207;0.975125;1.699913;-1.69753850
2658892;0;-13.094539;-88.826988;128.306885;-81.713608;103.580025;-112.876503;0.722885;-76.150887;-1.971379;3.383150;1.082412;-1.237388850
2658916;0;-13.091187;-85.803429;128.279922;-81.712891;103.578735;-112.879555;0.836370;-62.488556;-1.268386;1.103875;0.553125;-0.474450850
2658940;0;-13.091639;-82.391769;128.265671;-81.710503;103.577713;-112.885704;-0.094410;-51.445007;-2.495900;-0.762937;0.345700;-0.0262250
2658964;0;-13.090815;-78.772293;128.251495;-81.707138;103.576561;-112.891426;-0.473020;-43.677330;-2.420964;-1.122950;0.143050;0.36000050
2658988;0;-13.088441;-75.060616;128.248474;-81.704437;103.573166;-112.899223;0.375745;-37.337299;0.238414;-2.052775;1.542562;0.7629370050
2659012;0;-13.088243;-71.314377;128.252487;-81.700211;103.568359;-112.911560;-0.470160;-31.891819;-0.374657;-0.927437;2.348413;0.61988850
2659036;0;-13.088134;-67.567039;128.253204;-81.697083;103.567444;-112.922760;-0.983235;-31.993866;-0.013621;-1.351825;2.968300;0.36716250
2659060;0;-13.086793;-63.823753;128.253235;-81.694908;103.568230;-112.926285;-0.152585;-33.056255;-0.009536;-1.647462;2.975463;0.53166250
2659084;0;-13.086376;-60.080921;128.252991;-81.694099;103.568245;-112.930214;-0.684735;-31.047821;0.008171;-1.847737;3.242487;0.576962250
2659108;0;-13.086343;-56.334156;128.252747;-81.693550;103.568405;-112.933556;-1.088140;-29.962534;0.008171;-2.083775;3.201950;0.660412250
2659132;0;-13.086002;-52.586994;128.252579;-81.693069;103.568520;-112.935646;-0.918385;-29.262539;0.012257;-2.171988;3.542900;0.681875250
2659156;0;-13.085563;-48.841633;128.252014;-81.692184;103.568726;-112.937263;-1.041410;-27.603146;0.117164;-2.470013;3.588187;0.760550250
2659180;0;-13.085409;-45.098690;128.251358;-81.691444;103.568932;-112.938217;-1.217840;-28.282166;0.269750;-2.789488;3.557200;0.896450250
2659204;0;-13.085299;-41.354012;128.250214;-81.691185;103.568993;-112.939125;-1.224515;-27.353283;0.523157;-3.042212;3.747937;1.001350250
2659228;0;-13.085091;-37.608177;128.248718;-81.691162;103.569168;-112.939781;-1.285550;-25.804514;0.831057;-2.942075;3.752700;1.065725250
2659252;0;-13.084838;-33.863400;128.247894;-81.691017;103.569305;-112.940369;-1.273155;-25.345798;0.900536;-3.061287;3.819463;1.094337250
2659276;0;-13.084783;-30.120865;128.246429;-81.690491;103.569397;-112.941269;-1.344680;-25.242805;1.079014;-3.283013;3.952975;1.161088250
2659300;0;-13.084661;-26.393522;128.239609;-81.689873;103.569504;-112.942497;-1.404760;-20.125385;-0.114436;-3.488062;3.945825;1.17540050
2659324;0;-13.084409;-22.746489;128.219574;-81.689583;103.569672;-112.943474;-1.302715;-11.008260;0.414164;-3.576275;4.043575;1.211162050
2659348;0;-13.084267;-19.274151;128.202545;-81.689514;103.569649;-112.943863;-1.398085;-2.103805;0.085829;-3.540513;4.034038;1.2326122050
2659372;0;-13.084134;-16.094004;128.190842;-81.689323;103.569641;-112.944916;-1.338005;9.816165;-0.464571;-3.199575;4.141325;1.2278502050
2659396;0;-13.083992;-13.327877;128.182144;-81.688416;103.569656;-112.945740;-1.319885;20.083424;-0.386914;-2.954000;4.255762;1.232612050
2659420;0;-13.083915;-11.058794;128.181870;-81.688438;103.569656;-112.946266;-1.318930;26.178354;0.543593;-2.551075;4.246225;1.2254622050
2659444;0;-13.083728;-9.328238;128.183792;-81.688057;103.569725;-112.946846;-1.384735;31.947136;0.982279;-3.085125;4.386900;1.22070022050
2659468;0;-13.083816;-8.126356;128.193008;-81.688148;103.569771;-112.946976;-1.008030;29.232975;3.884178;-2.858638;4.382125;1.21116222050
2659492;0;-13.083794;-7.374243;128.209686;-81.688248;103.569893;-112.947113;-1.302715;27.378078;2.942764;-2.920625;4.427425;1.17540022050
2659516;0;-13.083849;-6.974462;128.221024;-81.687843;103.570053;-112.947617;-1.249310;22.581100;3.581721;-2.493850;4.370213;1.16586222050
2659540;0;-13.083827;-6.803998;128.228546;-81.688004;103.570465;-112.948006;-1.250265;18.469810;4.747929;-2.615450;4.234313;1.13963722050
2659564;0;-13.083859;-6.750945;128.234222;-81.688171;103.570854;-112.948334;-1.254080;14.788625;3.900521;-2.641675;4.110325;1.12771222050
2659588;0;-13.083849;-6.748330;128.232361;-81.688171;103.571243;-112.948914;-1.195905;13.336180;2.494536;-2.527225;3.957738;1.08480022050
2659612;0;-13.083849;-6.748506;128.231216;-81.688194;103.571289;-112.949112;-1.207350;13.620375;2.468650;-2.496238;3.905287;1.07287522050
2659636;0;-13.083300;-6.748781;128.230164;-81.705772;103.572075;-112.950706;-2.120015;13.783450;2.087179;11.863700;4.227150;1.33037522050
2659660;0;-13.081421;-6.749022;128.229340;-82.181602;103.594391;-113.017815;-2.700805;14.152525;1.644400;31.511774;4.637238;4.21046322050
2659684;0;-13.079828;-6.749176;128.229324;-83.900368;103.676422;-113.334473;-2.730365;14.490125;1.747943;50.280087;4.549025;8.04423822050
2659708;0;-13.079268;-6.749374;128.229340;-87.297073;103.830742;-114.051613;-2.811430;14.676089;1.762929;64.387306;7.364737;8.41855022050
2659732;0;-13.079026;-6.749725;128.229538;-92.448494;104.074242;-115.131149;-2.853390;14.871594;1.910071;74.918266;7.047650;9.31262522050
2659756;0;-13.079630;-6.750242;128.229889;-99.199783;104.392700;-116.551788;-1.477240;15.171049;2.457750;70.118896;5.228512;9.16003722050
2659780;0;-13.080289;-6.751692;128.229630;-106.854439;104.751854;-118.162506;-0.497815;14.886854;2.269743;57.940475;4.284375;8.8953882050
2659804;0;-13.080542;-6.752186;128.229340;-114.728149;105.118187;-119.817375;-0.319480;15.202519;2.159386;54.945938;5.588525;8.4924622050
2659828;0;-13.081366;-6.752615;128.229263;-122.607925;105.480972;-121.470535;0.596045;15.239716;2.390993;53.997040;7.114400;9.08851222050
2659852;0;-13.091430;-6.751121;128.228363;-130.174423;105.840744;-123.091713;6.856915;11.819835;1.346043;32.114975;4.529950;6.80922522050
2659876;0;-13.164445;-6.721523;128.195969;-136.542236;106.140045;-124.430389;18.813129;6.468770;0.339229;7.715225;9.891975;6.427763522050
2659900;0;-13.333382;-6.631677;128.130447;-141.309586;106.404182;-125.478470;29.862400;-0.150680;-2.626686;8.573524;2.238750;5.9032382050
2659924;0;-13.684098;-6.438065;128.002441;-144.531982;106.626434;-126.280128;37.433620;-3.860470;-4.732943;3.449912;4.096025;5.2571252050
2659948;0;-14.280545;-6.099994;127.779938;-146.351547;106.841736;-126.855812;50.792686;-9.472845;-5.483622;2.541538;4.274837;4.9018752050
2659972;0;-15.161561;-5.586339;127.435165;-147.493271;107.094391;-127.396706;57.144165;-11.403080;-8.281979;16.906250;6.103513;5.36441250
2659996;0;-16.329012;-4.901550;126.965477;-148.770554;107.425873;-128.083145;57.641022;-10.840415;-8.472714;21.529188;8.103838;5.58852550
2660020;0;-17.766748;-4.068896;126.394753;-150.312317;107.832146;-128.914841;49.961090;-10.088920;-9.414122;21.543499;8.323188;6.16072550
2660044;0;-19.396549;-3.121051;125.741264;-152.060806;108.294899;-129.865082;46.008110;-8.152960;-9.730200;23.975363;6.358613;6.017675550
2660068;0;-21.157207;-2.102640;125.031662;-153.948761;108.793343;-130.882355;40.812489;-6.382940;-8.687971;22.368425;6.604187;6.380075550
2660092;0;-22.986902;-1.041526;124.297935;-155.909973;109.308601;-131.950287;36.715504;-4.959105;-8.050372;21.903511;8.404250;6.096362550
2660116;0;-24.854755;0.034904;123.555725;-157.887131;109.831421;-133.026215;35.538670;-4.633900;-8.837835;22.842875;8.795250;6.1035132550
2660140;0;-26.730494;1.114629;122.814232;-159.865387;110.354538;-134.101181;34.185402;-4.347800;-8.663443;22.337425;6.680488;5.9413882550
2660164;0;-28.605532;2.196584;122.069298;-161.842224;110.873398;-135.167130;33.535954;-3.418920;-8.178436;22.120474;7.550713;6.3514632550
2660188;0;-30.478809;3.276694;121.324272;-163.821579;111.393982;-136.241898;33.391949;-4.311560;-7.896421;21.347988;8.797637;6.2990122550
2660212;0;-32.350266;4.356222;120.583595;-165.799698;111.916908;-137.325378;33.884045;-5.193710;-7.965900;22.139538;8.172987;5.5313002550
2660236;0;-34.222500;5.439013;119.840538;-167.776855;112.437370;-138.398346;34.648895;-4.111285;-8.351458;22.854801;6.513587;5.7888002550
2660260;0;-36.097088;6.518463;119.096092;-169.754364;112.957397;-139.472519;32.308575;-3.985400;-7.945465;21.719925;7.743825;5.6695882550
2660284;0;-37.967979;7.599100;118.353989;-171.732361;113.480347;-140.541412;33.254620;-4.354475;-7.637564;22.053713;8.068075;5.6791252550
2660308;0;-39.838490;8.678101;117.611542;-173.710571;114.001732;-141.618225;34.663200;-5.586620;-7.619857;22.418488;6.794925;5.4788502550
2660332;0;-41.713474;9.758825;116.870193;-175.688446;114.520294;-142.684738;31.801220;-4.522320;-8.311950;22.912025;8.027550;6.0439002550
2660356;0;-43.585213;10.840726;116.125565;-177.663971;115.040726;-143.757050;31.957626;-3.780360;-7.314678;23.691650;9.894362;6.165500550
2660380;0;-45.455120;11.918474;115.382530;-179.642990;115.562630;-144.829193;33.632275;-5.823135;-7.693421;22.451874;9.241099;5.929462550
2660404;0;-47.328411;12.997584;114.643127;-181.621506;116.084091;-145.898605;32.072063;-5.793570;-7.790150;22.778502;7.014263;6.515975550
2660428;0;-49.199821;14.080430;113.899490;-183.599594;116.604630;-146.972931;31.395908;-4.847525;-7.803778;23.207663;7.302750;6.442062550
2660452;0;-51.053905;15.151916;113.156807;-185.574005;117.124809;-148.050156;26.978489;-3.235815;-7.038114;22.284975;8.981225;5.943775550
2660476;0;-52.827156;16.186157;112.435280;-187.500107;117.632851;-149.099716;15.010829;1.667020;-5.878714;20.186899;7.102487;5.6958125550
2660500;0;-54.428631;17.122478;111.775200;-189.260345;118.096954;-150.062073;3.037450;8.117675;-3.979543;17.478462;6.062975;4.88996325550
2660524;0;-55.753197;17.889786;111.229958;-190.713821;118.478333;-150.867752;-8.552549;14.372826;-1.953664;12.352463;5.772113;3.023138550
2660548;0;-56.735069;18.447495;110.836349;-191.750595;118.752937;-151.432602;-15.567775;17.120359;0.509529;8.771413;3.457062;2.5272258550
2660572;0;-57.360378;18.794609;110.601814;-192.365189;118.913712;-151.760345;-17.601009;18.103596;1.505443;5.993837;4.003037;2.6202138550
2660596;0;-57.683804;18.966686;110.494850;-192.642166;118.987297;-151.918091;-10.436055;15.530584;3.076279;3.530975;3.764625;1.4734258550
2660620;0;-57.812576;19.030836;110.477150;-192.715820;119.005302;-151.957718;-2.918240;12.618060;4.326950;2.973075;4.208087;1.15393858550
2660644;0;-57.839756;19.041933;110.490707;-192.719727;119.006462;-151.957611;-2.504345;12.255665;4.093986;3.271100;4.231925;0.83922558550
2660668;0;-57.835625;19.041767;110.495651;-192.719284;119.006386;-151.956421;-1.455305;12.500760;4.160743;2.167212;4.048337;0.44583758550
2660692;0;-57.828075;19.040098;110.495636;-192.718628;119.006256;-151.955215;0.311850;13.584135;3.802436;1.082412;3.886212;0.064362758550
2660716;0;-57.822472;19.028584;110.489700;-192.717392;119.004669;-151.953430;-2.511975;16.298290;0.761571;-0.631800;2.121925;-0.193112550
2660740;0;-57.809837;19.001492;110.470474;-192.708862;118.986107;-151.935501;-4.288670;17.876625;0.404629;-3.921975;-1.409050;-0.32186250
2660764;0;-57.786373;18.953932;110.441917;-192.680664;118.922249;-151.905853;-3.404615;19.821165;0.246593;-5.550375;-2.901550;-0.94651350
2660788;0;-57.754292;18.877874;110.401733;-192.630737;118.809074;-151.857376;-3.919600;20.893095;-0.547679;-5.471700;-2.193450;-1.4972620
2660812;0;-57.715511;18.773832;110.346848;-192.562515;118.655762;-151.784851;-5.539890;20.717619;-0.480921;-5.562300;-3.592963;-1.6379250
2660836;0;-57.668301;18.646545;110.281487;-192.481369;118.468033;-151.702805;-4.718780;18.134115;-0.374657;-5.621900;-3.349775;-2.1862880
2660860;0;-57.615646;18.512314;110.210381;-192.397430;118.267319;-151.612946;-3.868100;18.408775;-0.211164;-5.846013;-2.160063;-2.4008750
2660884;0;-57.562428;18.376436;110.137596;-192.313217;118.067612;-151.522995;-3.837585;18.758770;-0.301086;-5.338188;-2.872937;-2.6059120
2660908;0;-57.510735;18.239250;110.063049;-192.230881;117.866989;-151.439331;-4.281040;18.399235;-0.058579;-5.438325;-3.063675;-3.1685750
2660932;0;-57.459034;18.102930;109.988380;-192.149872;117.666534;-151.348511;-4.023550;18.786430;-0.268386;-5.311963;-3.345013;-3.1661880
2660956;0;-57.407288;17.968382;109.912003;-192.069000;117.465843;-151.250595;-3.706930;19.010540;-0.160757;-4.608625;-2.822875;-2.5606130
2660980;0;-57.356422;17.833931;109.836235;-191.989838;117.265457;-151.167953;-3.495215;18.833160;-0.426429;-4.260538;-2.942075;-2.9158500
2661004;0;-57.306183;17.699305;109.759041;-191.913452;117.065529;-151.085800;-3.482815;17.797470;-0.412800;-4.742137;-3.583425;-3.0565250
2661028;0;-57.256920;17.567501;109.680435;-191.837646;116.864594;-150.992950;-3.735540;18.536564;-0.290186;-5.252350;-3.480900;-2.3746380
2661052;0;-57.208469;17.436907;109.602379;-191.760941;116.663025;-150.904846;-2.947805;17.432209;-0.202993;-4.131788;-2.479550;-1.9454870
2661076;0;-57.164909;17.315388;109.528793;-191.690811;116.471642;-150.836426;-2.856250;15.797615;0.311986;-4.644388;-2.574913;-2.47001370
2661100;0;-57.128258;17.213093;109.466766;-191.631363;116.307640;-150.773010;-2.389905;15.046115;0.750671;-4.527563;-1.211162;-2.36987570
2661124;0;-57.100208;17.138012;109.420914;-191.586823;116.186485;-150.725784;-1.968380;15.687940;1.280643;-3.736012;0.033375;-2.360337570
2661148;0;-57.082611;17.089903;109.393822;-191.559906;116.113373;-150.699966;-0.990865;14.049530;1.613071;-3.757475;-0.455375;-2.51531270
2661172;0;-57.075943;17.067667;109.384560;-191.548523;116.082207;-150.689331;-0.934600;14.547345;2.083093;-3.755087;-0.607962;-2.61545070
2661196;0;-57.075226;17.063690;109.386131;-191.546249;116.076340;-150.686600;-1.670835;15.007014;3.321507;-3.817075;-0.853537;-2.62498770
2661220;0;-57.075294;17.064152;109.388016;-191.546082;116.075951;-150.685684;-1.275060;14.163969;3.647121;-3.705012;-0.770087;-2.67266270
2661244;0;-57.075020;17.064140;109.388000;-191.545990;116.075928;-150.685150;-1.568790;14.471049;3.400528;-3.600112;-0.648488;-2.67981270
2661268;0;-57.073513;17.061295;109.385773;-191.545883;116.075684;-150.685028;-2.342220;17.648695;1.253400;-3.664488;-0.963200;-2.74657570
2661292;0;-57.065975;17.044695;109.372643;-191.543579;116.065262;-150.682434;-3.949165;20.539280;-0.692093;-5.149837;-1.988400;-2.9134750
2661316;0;-57.050068;17.008286;109.347054;-191.528381;116.020035;-150.670197;-4.257200;20.931240;-0.410079;-5.495537;-1.938337;-3.4141500
2661340;0;-57.026985;16.944290;109.311462;-191.495972;115.932930;-150.637375;-4.158970;20.836830;-0.986371;-5.199900;-2.932538;-3.5047500
2661364;0;-56.996193;16.855005;109.260826;-191.449448;115.800545;-150.583496;-4.775045;21.694180;-0.825607;-5.857937;-3.101825;-3.4809000
2661388;0;-56.958618;16.741735;109.198181;-191.388138;115.627083;-150.512070;-4.694935;20.867344;-0.801086;-5.517000;-2.205363;-3.1208880
2661412;0;-56.915894;16.612251;109.128151;-191.320236;115.432465;-150.423660;-4.192350;18.974300;-0.727514;-5.893700;-2.548687;-2.0527750
2661436;0;-56.870377;16.477427;109.054405;-191.249329;115.232468;-150.345459;-3.665920;17.941471;-0.576286;-4.498950;-2.810950;-1.7905130
2661460;0;-56.825550;16.344141;108.978630;-191.182144;115.031754;-150.278717;-3.921505;18.298145;-0.143050;-5.087850;-2.942075;-2.0408630
2661484;0;-56.781265;16.211414;108.902809;-191.115616;114.830986;-150.208237;-4.008290;18.565174;-0.546314;-5.397787;-2.806175;-1.8787370
2661508;0;-56.736870;16.079666;108.826653;-191.048111;114.629326;-150.135956;-3.834720;19.130705;-0.610350;-4.739750;-2.479550;-1.7690630
2661532;0;-56.692989;15.948084;108.749535;-190.982224;114.429115;-150.074051;-3.973960;19.289970;-0.666207;-4.515637;-2.787112;-2.2411250
2661556;0;-56.649330;15.816511;108.671066;-190.917618;114.228127;-150.009644;-3.490445;18.848415;-0.716614;-4.882813;-2.305500;-2.6822000
2661580;0;-56.605968;15.686411;108.592239;-190.854080;114.026459;-149.935867;-3.249165;19.474979;-0.803807;-4.835125;-1.935950;-2.3150370
2661604;0;-56.563507;15.557487;108.511963;-190.791519;113.826248;-149.860764;-3.510475;19.361494;-0.538143;-5.311963;-2.586838;-1.9431000
2661628;0;-56.521496;15.428837;108.431320;-190.728317;113.625046;-149.795227;-3.505705;19.369125;-0.726150;-4.708763;-2.758500;-2.1600630
2661652;0;-56.479855;15.299780;108.350471;-190.666977;113.422874;-149.730850;-3.585815;18.399235;-0.792907;-4.994863;-2.903938;-2.3531880
2661676;0;-56.438866;15.171779;108.268066;-190.606339;113.219994;-149.660248;-3.902435;18.295284;-0.418250;-5.245200;-2.164838;-2.0337000
2661700;0;-56.397690;15.044644;108.185349;-190.544815;113.017242;-149.590927;-3.749845;17.981525;-0.711164;-4.477500;-1.776212;-1.7476000
2661724;0;-56.356667;14.918434;108.102493;-190.485153;112.816521;-149.527939;-3.532405;17.875669;-0.863750;-4.477500;-2.682200;-1.8882750
2661748;0;-56.316608;14.792981;108.018074;-190.425644;112.614647;-149.466919;-3.845210;17.945286;-0.603536;-4.076950;-3.135200;-1.9860250
2661772;0;-56.277962;14.672032;107.935112;-190.369400;112.413155;-149.402969;-3.435130;17.616270;-0.485007;-4.971025;-2.853863;-1.9884000
2661796;0;-56.243134;14.561906;107.858955;-190.315704;112.226669;-149.347656;-2.741810;15.662190;-0.059943;-4.451262;-2.603525;-2.2006000
2661820;0;-56.214756;14.472037;107.795547;-190.273819;112.074150;-149.306549;-2.522465;15.793800;0.995907;-4.916187;-1.888275;-2.56537500
2661844;0;-56.194553;14.407558;107.752083;-190.242599;111.965057;-149.276566;-2.181050;15.376089;1.100807;-4.096025;-0.238412;-2.80141300
2661868;0;-56.183598;14.370875;107.728096;-190.224213;111.902672;-149.258041;-1.717565;15.052795;1.415522;-3.488062;-0.734325;-2.98500000
2661892;0;-56.180611;14.353990;107.723389;-190.217957;111.880112;-149.248764;-1.902580;14.378545;2.163471;-3.499975;-0.615112;-2.96830000
2661916;0;-56.180283;14.352308;107.725548;-190.217026;111.877373;-149.245651;-2.012250;13.954160;3.363743;-3.347388;-0.748625;-3.04698800
2661940;0;-56.180191;14.352517;107.726624;-190.216934;111.877281;-149.244858;-2.130505;13.879774;3.489079;-3.147125;-0.596038;-3.09466200
2661964;0;-56.179852;14.352506;107.726563;-190.216934;111.877373;-149.244141;-2.298355;14.098165;3.148486;-2.970687;-0.474450;-3.13042500
2661988;0;-56.179523;14.352506;107.726395;-190.216980;111.877518;-149.243668;-2.575870;14.307974;2.862379;-2.810950;-0.395763;-3.21387500
2662012;0;-56.179062;14.352484;107.726212;-190.216995;111.877762;-149.243393;-2.597805;14.504430;2.551757;-2.639287;-0.326625;-3.28540000
2662036;0;-56.178600;14.352418;107.725960;-190.217026;111.878029;-149.242996;-2.799030;14.652250;2.276550;-2.536762;-0.321862;-3.28540000
2662060;0;-56.178337;14.352308;107.725708;-190.217087;111.878296;-149.242401;-2.926825;14.802930;1.999986;-2.377025;-0.276563;-3.35453700
2662084;0;-56.177929;14.352231;107.725342;-190.217194;111.878464;-149.241928;-2.980230;14.995570;1.795628;-2.257813;-0.238412;-3.42130000
2662108;0;-56.177544;14.352177;107.724976;-190.217209;111.878563;-149.241592;-3.129955;15.114779;1.614429;-2.131450;-0.205038;-3.41415000
2662132;0;-56.177250;14.352056;107.724564;-190.217255;111.878677;-149.241135;-3.123280;15.299795;1.429143;-2.002712;-0.176425;-3.49521300
2662156;0;-56.176941;14.351946;107.724190;-190.217331;111.878754;-149.240936;-3.123280;15.384669;1.226150;-1.876350;-0.171650;-3.44276200
2662180;0;-56.176632;14.351968;107.723442;-190.217377;111.878944;-149.240540;-3.374095;14.634130;0.843314;-1.807212;-0.030988;-3.49521300
2662204;0;-56.175976;14.353835;107.719246;-190.217422;111.882080;-149.240311;-3.706930;11.642455;-0.316071;-1.730913;2.143375;-3.59535000
2662228;0;-56.173931;14.361987;107.706696;-190.217407;111.904091;-149.239868;-4.042625;9.528160;-0.249314;-1.850125;4.332063;-3.709788000
2662252;0;-56.170174;14.380148;107.689194;-190.217285;111.962036;-149.237885;-4.253385;8.926390;-0.174386;-2.195825;6.475438;-4.034038000
2662276;0;-56.164097;14.410800;107.667908;-190.216980;112.073631;-149.232330;-4.446980;8.275985;-0.520429;-2.863400;5.607600;-4.501338000
2662300;0;-56.155563;14.455470;107.638023;-190.216156;112.240883;-149.218842;-4.440305;7.072445;-0.994543;-3.933900;8.080000;-4.725450000
2662324;0;-56.145191;14.515961;107.596230;-190.213104;112.471443;-149.188553;-4.404065;7.293700;-0.697543;-4.460800;8.082388;-4.284375000
2662348;0;-56.133598;14.588174;107.545990;-190.208282;112.748932;-149.152725;-4.227635;7.328030;-0.422336;-4.763600;8.137225;-3.879062000
2662372;0;-56.121571;14.666945;107.492813;-190.202408;113.046822;-149.119583;-4.170415;8.807180;-0.297000;-4.882813;7.851113;-3.607263000
2662396;0;-56.110153;14.742092;107.440926;-190.196274;113.338997;-149.087936;-3.986355;9.524344;-0.354221;-5.049700;6.556500;-3.390300000
2662420;0;-56.100288;14.807988;107.395302;-190.190369;113.594734;-149.060150;-4.170415;10.175700;-0.039507;-5.044925;6.008137;-3.06606200
2662444;0;-56.092773;14.859492;107.360313;-190.185669;113.794106;-149.039703;-3.698345;10.835646;0.096729;-5.102150;5.385875;-2.980225200
2662468;0;-56.088085;14.895769;107.336273;-190.182251;113.931427;-149.027206;-3.623005;11.302945;0.490457;-5.125988;4.687300;-2.956388200
2662492;0;-56.085754;14.917610;107.323395;-190.179932;114.014336;-149.020264;-3.742215;11.532780;0.685279;-5.240438;4.353512;-2.892013200
2662516;0;-56.084896;14.927432;107.320404;-190.178528;114.055267;-149.017059;-3.729820;11.410710;1.228871;-5.145062;4.777900;-2.791875200
2662540;0;-56.084347;14.928464;107.322472;-190.177872;114.069984;-149.016159;-3.724095;11.693000;2.544943;-5.111688;5.116462;-2.744187200
2662564;0;-56.084171;14.928123;107.323723;-190.177536;114.072365;-149.015884;-3.828045;12.246130;3.115786;-5.035400;5.214212;-2.627362200
2662588;0;-56.083866;14.928135;107.323761;-190.177383;114.072601;-149.015991;-3.870010;12.070655;2.873279;-4.961488;5.204675;-2.508162200
2662612;0;-56.083504;14.928189;107.323715;-190.177261;114.072723;-149.016052;-3.985400;11.810300;2.623964;-4.909038;5.161750;-2.439013200
2662636;0;-56.083160;14.925882;107.327560;-190.177185;114.072960;-149.016113;-4.014015;15.227315;5.062643;-4.911413;5.257125;-2.303113200
2662660;0;-56.082832;14.909150;107.353088;-190.177216;114.075302;-149.016235;-4.055020;19.071575;6.452285;-4.751675;5.943775;-2.214900200
2662684;0;-56.082493;14.863700;107.413033;-190.177429;114.086708;-149.016602;-4.055975;22.551535;8.465900;-4.193775;6.647100;-1.935950200
2662708;0;-56.082138;14.764614;107.534302;-190.178024;114.116219;-149.017471;-4.088400;24.952885;10.953629;-2.999300;6.418225;-1.53541200
2662732;0;-56.081886;14.595172;107.750961;-190.178879;114.168999;-149.019974;-4.097935;28.528210;12.558521;-0.760550;6.082050;-0.89883800
2662756;0;-56.081600;14.335588;108.085915;-190.181381;114.246506;-149.027222;-4.057880;29.533386;14.403200;1.783363;6.561275;-0.102513800
2662780;0;-56.081394;13.979981;108.547523;-190.188004;114.352005;-149.042953;-4.117010;31.047821;15.281942;3.776550;6.453987;0.4363003800
2662804;0;-56.081238;13.523818;109.133682;-190.199036;114.483925;-149.079330;-4.186630;30.596729;16.516272;4.706375;6.237025;0.1096633800
2662828;0;-56.081051;12.968789;109.841728;-190.213089;114.636253;-149.112717;-4.180905;32.690044;18.068037;5.261888;7.486338;0.3457003800
2662852;0;-56.080864;12.317212;110.672806;-190.229401;114.811775;-149.148880;-4.179000;34.601208;18.411358;5.478850;6.885525;0.5483623800
2662876;0;-56.080658;11.575151;111.608902;-190.247421;115.000610;-149.185471;-4.203795;34.311287;19.336422;5.211825;6.861675;0.9560503800
2662900;0;-56.080536;10.758768;112.625977;-190.266205;115.194565;-149.222046;-4.203795;32.781601;18.957680;4.642000;7.431499;1.4328873800
2662924;0;-56.080471;9.887454;113.692589;-190.283875;115.388519;-149.259323;-4.211425;30.304905;18.802364;4.279613;6.771088;1.72852573800
2662948;0;-56.080151;8.989322;114.787201;-190.300262;115.573425;-149.296310;-4.077910;31.380650;17.498558;4.487038;5.040163;2.11953773800
2662972;0;-56.080040;8.070974;115.875725;-190.314346;115.742096;-149.333725;-4.192350;31.200405;18.784657;5.466938;5.922313;2.23875073800
2662996;0;-56.079975;7.141432;116.961365;-190.328049;115.895844;-149.366653;-4.198070;29.615398;17.482208;5.338188;5.204675;2.33650073800
2663020;0;-56.079823;6.205122;118.036339;-190.340744;116.031013;-149.396393;-4.153250;29.864311;17.066679;4.723063;5.779263;2.46286273800
2663044;0;-56.079700;5.262022;119.099693;-190.350723;116.148521;-149.422821;-4.195210;32.093044;17.645693;5.578988;5.595675;2.57730073800
2663068;0;-56.079659;4.306399;120.156403;-190.360153;116.247658;-149.444672;-4.217145;30.613895;17.580301;5.593287;4.739750;2.65358773800
2663092;0;-56.079491;3.340558;121.202995;-190.368484;116.328720;-149.463760;-4.132270;30.458450;17.211094;4.458425;5.443088;2.59876373800
2663116;0;-56.079384;2.365961;122.240852;-190.373428;116.390190;-149.478088;-4.158020;32.153122;16.329628;5.168912;3.633488;2.69888873800
2663140;0;-56.079338;1.377850;123.269623;-190.377182;116.429100;-149.485825;-4.175185;30.903816;16.930443;5.366800;4.734987;2.79902573800
2663164;0;-56.079208;0.376381;124.287750;-190.379501;116.449600;-149.490982;-4.081725;30.985828;17.399099;4.484650;3.511900;2.82287573800
2663188;0;-56.079086;-0.635779;125.298706;-190.379532;116.449188;-149.492188;-4.084585;32.963749;16.469950;4.348750;1.306525;2.8228753800
2663212;0;-56.079052;-1.664659;126.300095;-190.379135;116.428017;-149.491531;-4.133220;31.367298;16.660686;3.120888;-0.131125;2.512925800
2663236;0;-56.078888;-2.708800;127.290916;-190.377991;116.378395;-149.489716;-4.028320;31.965256;17.241064;0.476825;-2.129075;1.893038800
2663260;0;-56.078800;-3.767322;128.274155;-190.374817;116.299911;-149.485367;-4.060745;33.106800;16.008101;-1.814363;-1.163475;1.15155000
2663284;0;-56.078789;-4.844147;129.247116;-190.366318;116.196625;-149.469223;-4.085540;33.604618;16.400471;-3.178113;-1.885887;0.57935000
2663308;0;-56.078579;-5.941044;130.208603;-190.353943;116.066254;-149.445755;-3.916740;32.579418;17.516272;-3.864763;-3.099437;0.14542500
2663332;0;-56.078548;-7.055552;131.163940;-190.337326;115.907280;-149.417892;-3.989215;33.522606;16.036715;-3.449912;-3.156650;-0.2980120
2663356;0;-56.078503;-8.190725;132.108307;-190.320297;115.717911;-149.378189;-3.987310;33.292770;15.390936;-5.073538;-4.346363;-0.7462500
2663380;0;-56.078362;-9.348497;133.038803;-190.299469;115.495728;-149.337021;-3.907200;34.362789;16.563957;-4.045962;-3.149500;-1.3923630
2663404;0;-56.078362;-10.529978;133.962708;-190.277039;115.242401;-149.286041;-3.930090;34.923550;16.001286;-5.095000;-4.835125;-1.771450
2663428;0;-56.078304;-11.735926;134.875565;-190.251892;114.952705;-149.232162;-3.838535;34.339897;15.866414;-5.364412;-4.625313;-2.532000
2663452;0;-56.078228;-12.986433;135.772598;-190.222107;114.626480;-149.170029;-3.870010;39.688110;15.672951;-3.507125;-5.569450;-3.242487
2663476;0;-56.078186;-14.328984;136.661942;-190.191772;114.259331;-149.088211;-3.884315;43.063160;14.435900;-3.809925;-4.825588;-3.075588
2663500;0;-56.078140;-15.792693;137.544495;-190.160019;113.849846;-148.983688;-3.877635;45.756340;14.745164;-4.060263;-5.633825;-1.943100
2663524;0;-56.078110;-17.396389;138.423523;-190.127106;113.392174;-148.890015;-3.880500;46.222683;14.798300;-4.608625;-5.130763;-1.952638
2663548;0;-56.078087;-19.132845;139.297333;-190.091782;112.887924;-148.794830;-3.865240;43.620102;15.941342;-6.246562;-5.657662;-1.966950
2663572;0;-56.078041;-20.949631;140.178467;-190.055450;112.343864;-148.700180;-3.873825;41.954990;15.130721;-4.642000;-5.047312;-2.214900
2663596;0;-56.078018;-22.814835;141.041367;-190.018173;111.775330;-148.613113;-3.926275;38.106915;14.363692;-5.548000;-6.406300;-3.142350
2663620;0;-56.078011;-24.689102;141.859146;-189.982803;111.192619;-148.503952;-3.910060;36.489483;12.922285;-4.997250;-5.557525;-2.434250
2663644;0;-56.077965;-26.559647;142.596619;-189.945786;110.622635;-148.405197;-3.905295;39.733883;8.683886;-4.339212;-6.341925;-2.7585000
2663668;0;-56.077942;-28.434364;143.202179;-189.910019;110.079376;-148.307373;-3.919600;37.618633;7.407322;-5.517000;-5.338188;-2.8276370
2663692;0;-56.077930;-30.308577;143.649551;-189.876877;109.603218;-148.201675;-3.952980;37.274361;4.553107;-4.546638;-3.271100;-2.0432370
2663716;0;-56.077888;-32.178558;143.931503;-189.849335;109.248215;-148.128540;-3.933905;38.324356;3.126686;-5.543225;-0.965587;-2.2959630
2663740;0;-56.077900;-34.049488;144.084259;-189.829681;109.015709;-148.080826;-3.935810;37.548065;3.148486;-5.466938;-0.991813;-2.6988880
2663764;0;-56.077866;-35.920261;144.144821;-189.816879;108.893364;-148.049484;-3.955840;36.774635;1.997264;-3.983963;-0.443450;-2.6154500
2663788;0;-56.077866;-37.790531;144.146942;-189.812531;108.861671;-148.039520;-3.930090;36.892891;0.445500;-5.018700;-0.636575;-2.7942630
2663812;0;-56.077854;-39.662590;144.133667;-189.812057;108.860649;-148.038681;-3.930090;36.804195;1.580371;-4.181850;-0.729550;-2.7990250
2663836;0;-56.077843;-41.533592;144.129898;-189.811584;108.860863;-148.038071;-3.928180;36.431309;0.615800;-3.893375;-0.579350;-2.8347880
2663860;0;-56.077835;-43.405994;144.127731;-189.811859;108.861420;-148.037460;-3.885265;35.881039;0.501357;-4.181850;-0.574588;-2.8467120
2663884;0;-56.077812;-45.279129;144.126328;-189.811798;108.861900;-148.037445;-3.895755;36.320686;0.963207;-3.495213;-0.324237;-2.8800870
2663908;0;-56.077801;-47.150070;144.126328;-189.811768;108.862213;-148.036972;-3.901480;35.140991;0.591271;-3.840913;-0.379075;-2.8800870
2663932;0;-56.077812;-49.022533;144.125931;-189.812057;108.862633;-148.036835;-3.890035;35.527225;0.475471;-3.545275;-0.278937;-2.9087000
2663956;0;-56.077789;-50.895473;144.125565;-189.811768;108.862839;-148.036819;-3.882405;34.633636;0.638957;-3.328313;-0.195500;-2.8991630
2663980;0;-56.077766;-52.766182;144.125870;-189.812134;108.863014;-148.036301;-3.864285;34.831043;0.491821;-3.578662;-0.166887;-2.9182370
2664004;0;-56.077789;-54.638802;144.125916;-189.812057;108.863205;-148.036362;-3.858565;34.429550;0.271114;-2.970687;-0.021450;-2.9110880
2664028;0;-56.077755;-56.511364;144.125641;-189.812057;108.863205;-148.036087;-3.839490;33.439636;0.498629;-3.342625;-0.004763;-2.9373120
2664052;0;-56.077755;-58.382030;144.126083;-189.812347;108.863426;-148.035965;-3.821370;34.024235;0.313350;-2.977837;-0.004763;-2.9397000
2664076;0;-56.077744;-60.254944;144.126083;-189.812057;108.863449;-148.036087;-3.810880;33.395763;0.083100;-2.882475;0.143050;-2.95400000
2664100;0;-56.077755;-62.127258;144.126007;-189.812317;108.863480;-148.035767;-3.778455;32.340042;0.310621;-3.116125;0.059600;-2.95876200
2664124;0;-56.077736;-63.997910;144.126678;-189.812302;108.863693;-148.035828;-3.791805;33.297535;-0.002721;-2.574913;0.121587;-3.0088370
2664148;0;-56.077744;-65.870506;144.126755;-189.812241;108.863617;-148.035690;-3.774640;32.249451;0.000000;-2.956388;0.264638;-3.01837570
2664172;0;-56.077724;-67.740570;144.127213;-189.812531;108.863792;-148.035568;-3.748890;30.526161;0.369207;-2.598763;0.143050;-3.01837570
2664196;0;-56.077724;-69.552872;144.140717;-189.812302;108.863960;-148.035614;-3.783225;19.170759;2.286093;-2.706050;0.252712;-2.98022570
2664220;0;-56.076118;-71.149055;144.117813;-189.812149;108.859375;-148.035294;-5.167960;3.606795;-7.043564;-2.641675;-3.557200;-3.0183750
2664244;0;-56.066551;-72.385300;143.997177;-189.810959;108.775116;-148.034119;-6.175990;-11.936185;-9.187964;-5.278575;-5.710113;-3.087512
2664268;0;-56.048103;-73.142097;143.724472;-189.800980;108.543472;-148.030991;-5.889890;-16.661640;-14.085764;-6.754387;-7.860650;-3.192412
2664292;0;-56.019451;-73.389168;143.252350;-189.778412;108.135056;-148.024475;-4.856105;-29.059410;-17.373215;-7.328975;-9.164800;-3.366462
2664316;0;-55.980999;-73.227623;142.544113;-189.743866;107.527771;-148.014694;-5.630490;-19.556046;-21.570749;-7.162087;-11.014937;-3.404613
2664340;0;-55.931717;-72.826996;141.615997;-189.697052;106.724846;-147.999908;-5.760190;-12.794490;-19.595280;-6.062975;-10.538099;-3.423687
2664364;0;-55.870323;-72.276787;140.535645;-189.645966;105.788010;-147.980133;-4.235265;-9.566305;-21.738321;-6.940362;-11.537075;-3.2663257
2664388;0;-55.802605;-71.653564;139.311249;-189.587982;104.727821;-147.961395;-4.802700;-13.740535;-22.798264;-7.045262;-12.075900;-3.364075
2664412;0;-55.728951;-70.951851;137.944412;-189.521881;103.546059;-147.927322;-6.166455;-13.728140;-24.525778;-6.854525;-14.171600;-2.329337
2664436;0;-55.645401;-70.166138;136.434418;-189.449097;102.243454;-147.901474;-5.523680;-10.726925;-25.062557;-5.881775;-13.246525;-2.288813
2664460;0;-55.553513;-69.315720;134.796967;-189.370712;100.826302;-147.867798;-4.674910;-10.801315;-25.137487;-5.390637;-12.948513;-1.535412
2664484;0;-55.457874;-68.423157;133.053452;-189.288727;99.319855;-147.845627;-5.448340;-11.794090;-25.050291;-5.562300;-12.378688;-1.6450872
2664508;0;-55.358688;-67.490944;131.236221;-189.202454;97.752243;-147.819901;-5.861280;-11.814116;-23.924957;-4.923337;-13.852112;-1.4901132
2664532;0;-55.255497;-66.527618;129.381973;-189.114120;96.146423;-147.792816;-4.864690;-6.875990;-24.980814;-4.653925;-11.880387;-1.44003732
2664556;0;-55.151596;-65.563782;127.506126;-189.026154;94.531471;-147.776001;-4.882810;-7.855415;-23.238316;-5.047312;-12.707700;-2.05992532
2664580;0;-55.048866;-64.599915;125.633827;-188.936615;92.916672;-147.755173;-5.813595;-9.627340;-22.888180;-4.198550;-12.872213;-2.42471232
2664604;0;-54.945602;-63.631329;123.760918;-188.847290;91.299332;-147.720367;-5.923270;-6.787300;-24.854115;-3.325937;-11.792174;-2.04801232
2664628;0;-54.841015;-62.664688;121.882874;-188.760452;89.684929;-147.686020;-5.387305;-7.001875;-23.050306;-4.177088;-12.445437;-1.69276232
2664652;0;-54.736721;-61.696339;120.012459;-188.672745;88.067955;-147.662811;-5.320545;-7.451055;-23.009436;-4.816050;-10.669225;-2.10761232
2664676;0;-54.632858;-60.728367;118.139923;-188.583862;86.453354;-147.638229;-5.257605;-5.719180;-24.810514;-4.572863;-12.040137;-2.42232532
2664700;0;-54.529289;-59.765514;116.263542;-188.495590;84.838692;-147.603577;-5.216595;-7.262225;-23.151121;-4.293913;-11.577600;-1.97886332
2664724;0;-54.425117;-58.797531;114.393463;-188.407242;83.223396;-147.568024;-5.084035;-6.428715;-23.261478;-4.944800;-12.388225;-1.58308732
2664748;0;-54.321064;-57.827900;112.520645;-188.318634;81.607979;-147.545258;-4.880905;-4.274365;-24.806427;-4.940025;-12.075900;-1.96932532
2664772;0;-54.217594;-56.863499;110.646812;-188.229904;79.992462;-147.523209;-5.054470;-5.797385;-23.742399;-4.215238;-11.894700;-2.38417532
2664796;0;-54.114620;-55.897461;108.775414;-188.141922;78.377747;-147.495377;-5.893705;-5.692480;-22.888180;-4.596700;-12.862675;-2.41517532
2664820;0;-54.010590;-54.929752;106.903114;-188.054489;76.759911;-147.470215;-5.414005;-3.743170;-25.234222;-6.024825;-11.148450;-2.82763732
2664844;0;-53.906288;-53.964523;105.029388;-187.965836;75.145988;-147.446945;-5.305290;-4.883765;-23.228779;-5.548000;-12.631412;-3.36170032
2664868;0;-53.802212;-52.997036;103.159317;-187.876266;73.530220;-147.414993;-5.235670;-4.049300;-24.003979;-5.099762;-12.116425;-3.26632532
2664892;0;-53.698238;-52.030437;101.286003;-187.787582;71.914268;-147.369080;-4.935260;-3.067970;-24.452206;-5.612362;-12.259475;-2.21251232
2664916;0;-53.595264;-51.066067;99.413704;-187.699051;70.300468;-147.334854;-5.418775;-4.263875;-23.546215;-5.357263;-13.399113;-1.990788232
2664940;0;-53.491848;-50.098679;97.542458;-187.609879;68.683907;-147.312103;-5.800245;-3.072735;-24.412701;-4.665850;-12.457362;-2.341262232
2664964;0;-53.387600;-49.131443;95.669495;-187.522263;67.068794;-147.285477;-5.520820;-2.147670;-24.005342;-5.624288;-13.244150;-2.377025232
2664988;0;-53.283691;-48.166599;93.797173;-187.433426;65.452744;-147.252365;-5.561825;-3.288265;-24.261471;-5.774487;-11.653900;-2.140987232
2665012;0;-53.179836;-47.199966;91.927200;-187.343735;63.837406;-147.229752;-5.715370;-2.221105;-24.897707;-4.963862;-12.383450;-2.477163232
2665036;0;-53.075577;-46.233688;90.052902;-187.255585;62.221775;-147.208328;-5.252835;-1.829145;-23.629322;-5.254738;-11.751650;-3.094662232
2665060;0;-52.973831;-45.281384;88.192581;-187.168198;60.611004;-147.173523;-4.166600;1.728055;-21.640228;-5.848400;-9.860988;-2.65121262232
2665084;0;-52.884613;-44.415077;86.469566;-187.084366;59.107330;-147.139648;-3.054615;9.577749;-13.903207;-4.446500;-6.296625;-2.12192562232
2665108;0;-52.809235;-43.703491;85.080971;-187.018860;57.902576;-147.123734;-1.861570;17.187115;-9.320121;-5.025863;-4.010200;-2.58206262232
2665132;0;-52.754841;-43.193989;84.099442;-186.972336;57.052559;-147.114746;-0.893590;19.732475;-5.858279;-4.639625;-1.542562;-2.96353762232
2665156;0;-52.724213;-42.903370;83.522141;-186.945526;56.561882;-147.109451;-0.549315;20.327564;-1.113071;-4.518025;1.602162;-3.206725762232
2665180;0;-52.711327;-42.783573;83.312927;-186.936432;56.397167;-147.107193;-0.958440;16.542431;-1.455029;-4.487038;1.146788;-3.373612762232
2665204;0;-52.709446;-42.752659;83.294167;-186.935577;56.382954;-147.105957;-1.090045;15.351295;-3.814693;-4.551400;-0.364775;-3.58103762232
2665228;0;-52.709480;-42.753395;83.300644;-186.935471;56.383121;-147.105103;-1.494405;13.828275;-3.271100;-4.494188;-0.154962;-3.63111262232
2665252;0;-52.705612;-42.755646;83.301643;-186.935425;56.383701;-147.104218;-6.684300;17.268179;-3.267015;-4.451262;0.052450;-3.738400262232
2665276;0;-52.631840;-42.792923;83.323502;-186.929382;56.386600;-147.103577;-18.047329;22.961615;-1.566750;-6.201262;2.026550;-3.80753862232
2665300;0;-52.436382;-42.899490;83.382584;-186.877563;56.409561;-147.102890;-34.869190;33.516880;-1.365114;-6.678100;5.655288;-3.83376362232
2665324;0;-52.009605;-43.148277;83.501534;-186.734879;56.487041;-147.101486;-50.423622;41.092869;1.141679;-8.203975;8.316038;-3.831375362232
2665348;0;-51.271809;-43.596100;83.721436;-186.458099;56.643745;-147.098373;-64.415932;47.639843;3.137586;-8.556838;9.019362;-3.714550362232
2665372;0;-50.179417;-44.271980;84.067955;-186.033279;56.887638;-147.095612;-69.131851;47.232624;5.604878;-10.764587;10.149475;-3.5619622232
2665396;0;-48.766014;-45.146919;84.531189;-185.471359;57.207264;-147.092804;-60.774796;43.698311;5.326950;-11.210438;11.253350;-3.4093752232
2665420;0;-47.100422;-46.164913;85.069313;-184.821518;57.579620;-147.088577;-43.926235;37.773129;6.625308;-13.611312;7.617463;-3.08512552232
2665444;0;-45.300541;-47.256638;85.640129;-184.124054;57.975117;-147.088043;-36.184311;34.428593;7.596693;-14.033313;8.780951;-2.99691252232
2665468;0;-43.443996;-48.376976;86.224770;-183.411758;58.374859;-147.086899;-33.670425;33.888813;6.430486;-12.769688;10.011188;-2.8181002232
2665492;0;-41.573254;-49.507481;86.808640;-182.699585;58.775806;-147.087433;-34.885403;32.923695;6.111686;-13.594625;9.875288;-2.77041202232
2665516;0;-39.695755;-50.640030;87.393013;-181.986328;59.179150;-147.088516;-31.606670;32.943726;6.811957;-13.294212;8.237350;-2.67028802232
2665540;0;-37.816975;-51.774654;87.979073;-181.273727;59.581898;-147.089096;-28.726574;32.073021;6.362364;-13.759125;6.589887;-2.58683802232
2665564;0;-35.945946;-52.908287;88.562019;-180.560303;59.983864;-147.089294;-31.587601;31.192774;6.926400;-13.246525;7.085800;-2.61306202232
2665588;0;-34.077183;-54.040550;89.146339;-179.847870;60.385456;-147.088882;-32.323833;31.837460;5.979536;-13.136862;7.328975;-2.46523702232
2665612;0;-32.204258;-55.172417;89.729744;-179.135590;60.785271;-147.089310;-32.618519;31.971931;6.326943;-13.439650;9.305475;-2.41040002232
2665636;0;-30.328176;-56.303780;90.314110;-178.422455;61.187119;-147.088791;-29.690739;32.502171;6.294250;-12.741087;9.145725;-2.29120002232
2665660;0;-28.456161;-57.437931;90.900734;-177.709259;61.588776;-147.089279;-30.697819;30.730244;6.019043;-11.482237;8.776187;-2.30311302232
2665684;0;-26.585815;-58.571358;91.482338;-176.998032;61.989281;-147.088531;-32.417294;30.583378;7.044921;-12.321463;7.801050;-2.10046202232
2665708;0;-24.713800;-59.703453;92.066902;-176.285767;62.389984;-147.089142;-30.524250;30.640598;5.502700;-12.295238;8.180138;-2.07185002232
2665732;0;-22.840345;-60.836090;92.648979;-175.572968;62.792561;-147.088409;-31.303406;30.164715;6.025857;-11.219975;7.004738;-1.98602502232
2665756;0;-20.966297;-61.968693;93.232933;-174.861313;63.194866;-147.088989;-30.171391;30.282970;6.035393;-11.374949;7.271762;-1.85966302232
2665780;0;-19.111662;-63.092648;93.818848;-174.150909;63.594780;-147.088364;-26.002880;26.927944;5.784714;-11.413088;8.380412;-1.79767502232
2665804;0;-17.320166;-64.175842;94.386833;-173.457779;63.984581;-147.089355;-20.627020;23.228645;5.722043;-11.324875;7.715225;-1.75713802232
2665828;0;-15.652826;-65.178635;94.916008;-172.815033;64.347496;-147.090042;-9.450911;17.170904;4.066736;-10.802737;5.958075;-1.692762802232
2665852;0;-14.215100;-66.042046;95.372086;-172.258484;64.660042;-147.090164;4.860875;8.770940;2.538136;-11.377325;5.421638;-1.68800062802232
2665876;0;-13.105492;-66.694206;95.701775;-171.831024;64.829216;-147.088303;11.776919;4.408835;-2.337864;-8.175363;-1.003737;-2.858638802232
2665900;0;-12.341942;-67.125320;95.833687;-171.563309;64.690147;-147.039673;16.721725;0.587460;-10.013578;-7.114400;-10.488025;-4.5680882232
2665924;0;-11.918408;-67.336212;95.716858;-171.432510;64.161438;-146.880005;11.514660;1.408575;-11.111664;-3.538125;-14.169213;-3.3736122232
2665948;0;-11.744626;-67.357071;95.455215;-171.410843;63.214275;-146.651138;9.407995;-0.784870;-14.664785;-0.913137;-17.378325;-3.0303002232
2665972;0;-11.724862;-67.271011;95.050919;-171.456909;61.837654;-146.345764;6.193160;0.030515;-15.465872;5.285738;-16.801350;-3.645413002232
2665996;0;-11.766742;-67.125610;94.541245;-171.542633;60.146397;-145.962067;3.371235;3.818510;-15.675679;5.533688;-16.789425;-3.380775002232
2666020;0;-11.825552;-66.948517;93.959747;-171.641129;58.211224;-145.519241;3.061290;3.905295;-17.145699;6.093975;-18.177025;-2.748962002232
2666044;0;-11.885680;-66.756844;93.293983;-171.750916;56.032398;-145.039795;4.775045;1.260755;-17.076214;7.364737;-18.754000;-3.912437002232
2666068;0;-11.952653;-66.540741;92.557167;-171.875824;53.612511;-144.510651;6.682395;1.213070;-18.117085;5.800713;-18.846987;-5.037775002232
2666092;0;-12.032490;-66.296791;91.742462;-172.008118;50.947739;-143.900574;3.634450;3.488540;-19.903179;7.083412;-19.857874;-3.306862002232
2666116;0;-12.116491;-66.032082;90.852982;-172.153976;48.045418;-143.259048;3.932950;1.949310;-19.197456;6.330012;-23.050299;-4.479875002232
2666140;0;-12.204141;-65.749458;89.890419;-172.311050;44.895447;-142.540985;5.929945;0.608440;-21.399086;6.089200;-23.179050;-3.588187002232
2666164;0;-12.298096;-65.445236;88.847679;-172.479523;41.507423;-141.788101;6.141660;-0.011440;-19.543509;6.856913;-22.585388;-4.32252502232
2666188;0;-12.401192;-65.115494;87.746727;-172.658768;37.898396;-140.977722;5.506515;1.605985;-22.074829;7.066725;-24.368763;-4.296300502232
2666212;0;-12.510055;-64.771774;86.589622;-172.845581;34.114529;-140.127472;4.122730;1.844405;-21.179743;7.183550;-22.971626;-3.981588502232
2666236;0;-12.617677;-64.418739;85.397301;-173.038818;30.217806;-139.258301;5.873680;1.924510;-21.418158;7.390975;-23.281563;-4.801750502232
2666260;0;-12.726618;-64.061035;84.183167;-173.235214;26.258022;-138.365189;7.070540;1.653670;-20.736963;6.952275;-22.022713;-4.096025502232
2666284;0;-12.839733;-63.701290;82.962204;-173.432877;22.278805;-137.473724;5.905150;1.605030;-20.288736;6.084438;-21.355150;-4.315375502232
2666308;0;-12.954057;-63.340191;81.745003;-173.629242;18.301016;-136.581390;5.205150;1.729010;-21.251949;6.642337;-23.074150;-4.355900502232
2666332;0;-13.066556;-62.978676;80.522522;-173.826309;14.323503;-135.691559;5.113600;2.209660;-20.806442;6.744850;-20.461075;-4.649150502232
2666356;0;-13.176958;-62.616062;79.304039;-174.022797;10.344871;-134.792130;6.160735;2.981185;-21.394999;7.340900;-21.851063;-3.843300502232
2666380;0;-13.288799;-62.254040;78.083450;-174.219421;6.367013;-133.896698;5.995750;3.122325;-20.469934;7.679450;-22.282600;-3.7050120502232
2666404;0;-13.401881;-61.894325;76.863556;-174.416412;2.390100;-133.009949;5.256650;2.544400;-20.888186;7.166850;-21.271700;-4.3535120502232
2666428;0;-13.515260;-61.534138;75.643982;-174.613541;-1.589293;-132.113266;4.622455;2.699850;-20.833693;7.390975;-20.072451;-3.843300502232
2666452;0;-13.626574;-61.172733;74.423363;-174.809967;-5.565756;-131.218903;5.149840;2.769470;-20.603449;7.500638;-23.634424;-3.879062502232
2666476;0;-13.737283;-60.810600;73.205841;-175.007736;-9.544079;-130.326569;5.893705;3.272055;-21.340500;6.082050;-20.520676;-3.693100502232
2666500;0;-13.849563;-60.450851;71.985451;-175.204269;-13.522879;-129.444168;5.520820;2.583500;-20.964485;6.415837;-21.123877;-4.47987502232
2666524;0;-13.962381;-60.090809;70.766685;-175.401093;-17.499794;-128.543884;4.956245;3.064155;-21.145679;6.434912;-22.213449;-3.92436202232
2666548;0;-14.074101;-59.729183;69.546730;-175.597321;-21.476765;-127.657913;5.347250;3.519055;-20.521708;7.109638;-22.261137;-4.30583802232
2666572;0;-14.185426;-59.366867;68.327248;-175.793503;-25.456366;-126.766876;5.702970;3.890990;-21.066664;7.383812;-19.967550;-4.78028802232
2666596;0;-14.297663;-59.006229;67.110588;-175.990204;-29.434849;-125.876945;5.499835;3.322600;-21.245136;7.352825;-22.954937;-4.74928802232
2666620;0;-14.410064;-58.646370;65.888649;-176.186951;-33.409908;-124.977074;5.270955;3.374095;-20.845957;7.636538;-21.975037;-4.44650002232
2666644;0;-14.522244;-58.284744;64.671196;-176.383514;-37.389866;-124.087181;5.349155;3.671645;-21.497177;7.581700;-20.842550;-4.66107502232
2666668;0;-14.633789;-57.923107;63.451450;-176.581436;-41.367004;-123.194153;5.607600;4.103660;-21.087099;6.332388;-23.071762;-4.51563702232
2666692;0;-14.745300;-57.562744;62.232605;-176.777908;-45.344769;-122.299568;5.760190;3.960605;-20.888186;6.687637;-22.127625;-4.42027502232
2666716;0;-14.857120;-57.202789;61.012562;-176.974792;-49.322792;-121.405998;5.753515;3.903385;-20.622522;6.456375;-21.178713;-4.10556202232
2666740;0;-14.969806;-56.841362;59.793827;-177.171234;-53.301666;-120.522728;5.256650;4.323005;-21.254673;6.959437;-22.826187;-5.12122502232
2666764;0;-15.082108;-56.479294;58.576488;-177.368301;-57.278358;-119.621338;5.002975;4.530905;-21.419521;6.659025;-22.754663;-3.99350002232
2666788;0;-15.194026;-56.119514;57.355938;-177.564835;-61.256989;-118.734047;4.924770;3.768920;-20.914072;6.873600;-21.293161;-4.62770002232
2666812;0;-15.305603;-55.758945;56.138542;-177.761459;-65.235451;-117.846283;5.222320;4.343985;-21.786007;7.169238;-23.272038;-4.87565002232
2666836;0;-15.416971;-55.397789;54.917305;-177.957352;-69.212021;-116.951515;5.427360;4.307745;-20.632057;7.622238;-23.410313;-4.63723802232
2666860;0;-15.528647;-55.035870;53.699051;-178.155350;-73.190842;-116.053787;5.576130;5.086895;-21.362301;6.146425;-21.958349;-4.24146202232
2666884;0;-15.641026;-54.675957;52.480217;-178.351715;-77.169960;-115.160233;5.219455;4.313465;-20.606173;6.577963;-22.578238;-4.09126202232
2666908;0;-15.753505;-54.316086;51.260384;-178.548584;-81.145714;-114.274971;5.185125;4.374500;-21.095272;6.179800;-24.096962;-4.98293702232
2666932;0;-15.864532;-53.954617;50.043812;-178.744598;-85.122932;-113.374542;4.852290;5.045890;-20.866392;6.935587;-21.162025;-4.21046302232
2666956;0;-15.967991;-53.610447;48.874603;-178.936020;-88.977112;-112.504738;5.064010;8.862494;-14.505386;6.265637;-13.763900;-3.31162502232
2666980;0;-16.068703;-53.341885;47.919662;-179.099838;-92.177605;-111.809700;4.215240;12.079235;-9.619843;5.939000;-4.725450;-2.064700502232
2667004;0;-16.158648;-53.173489;47.271534;-179.226440;-94.479744;-111.436935;3.474235;13.656614;-6.269722;4.308213;-1.130100;-0.972737502232
2667028;0;-16.238319;-53.114128;46.934757;-179.309921;-95.881516;-111.380760;3.392215;19.332886;-1.901893;3.724087;3.216263;-0.1168257502232
2667052;0;-16.311874;-53.173069;46.940956;-179.355072;-96.405602;-111.558533;4.824635;20.562170;2.370557;3.447525;3.919600;5.557525257502232
2667076;0;-16.383844;-53.280460;47.123260;-179.375015;-96.393478;-112.025307;4.176135;20.167349;-1.125329;3.991125;1.618850;5.29050057502232
2667100;0;-16.455179;-53.409164;47.326309;-179.390610;-96.308189;-112.583481;5.372045;18.926620;0.787457;4.749288;1.487725;3.836150057502232
2667124;0;-16.534456;-53.546089;47.548016;-179.411423;-96.212524;-113.126602;5.550380;21.013256;0.152586;4.258150;2.648825;4.923337057502232
2667148;0;-16.620459;-53.696789;47.789131;-179.434708;-96.104126;-113.733276;5.523680;21.916386;0.859664;4.494188;2.005100;5.266662057502232
2667172;0;-16.715765;-53.865196;48.058197;-179.459641;-95.985817;-114.393539;6.364820;20.846365;1.386914;5.280962;2.462862;6.327625057502232
2667196;0;-16.821529;-54.051888;48.351643;-179.487106;-95.857033;-115.134918;6.464955;20.875929;1.705714;5.705350;2.536762;6.158350057502232
2667220;0;-16.937546;-54.254662;48.670940;-179.517792;-95.717819;-115.938034;6.960865;20.301815;2.324236;5.691050;2.608288;6.518363057502232
2667244;0;-17.064240;-54.470348;49.015766;-179.551544;-95.569443;-116.812431;7.074355;21.266933;2.032686;5.331038;2.954000;6.370538057502232
2667268;0;-17.202217;-54.700607;49.384148;-179.586273;-95.409653;-117.745026;6.787300;22.344585;2.395079;5.514612;2.870550;6.897438057502232
2667292;0;-17.349928;-54.948185;49.775978;-179.622864;-95.239639;-118.752258;7.265090;21.956440;2.491814;5.323875;2.734650;7.202625057502232
2667316;0;-17.508350;-55.212757;50.189293;-179.661957;-95.062141;-119.834160;7.822035;20.694729;2.971371;4.825588;3.464213;6.527900057502232
2667340;0;-17.677771;-55.490086;50.624065;-179.701202;-94.874329;-120.970444;8.123395;21.109579;3.144400;5.023475;3.342625;7.605550057502232
2667364;0;-17.858759;-55.779949;51.080009;-179.741913;-94.676872;-122.180901;7.890700;21.499630;3.569464;5.099762;2.214900;7.617463057502232
2667388;0;-18.051010;-56.081589;51.557739;-179.783691;-94.472145;-123.459587;8.292195;23.235319;3.205707;5.288113;2.651212;8.003700057502232
2667412;0;-18.254509;-56.399292;52.053650;-179.827011;-94.258530;-124.805023;8.832930;22.591589;3.561286;5.030625;2.932538;8.103838057502232
2667436;0;-18.469423;-56.731365;52.566921;-179.871597;-94.038956;-126.219002;9.554860;21.846769;4.062650;4.608625;4.611012;8.108612057502232
2667460;0;-18.697325;-57.075382;53.098881;-179.915604;-93.808289;-127.702942;9.129519;21.612164;4.110335;4.756450;3.292550;8.666512057502232
2667484;0;-18.937145;-57.428623;53.648384;-179.960587;-93.571404;-129.268616;9.629245;22.939680;4.027228;4.281988;3.254412;8.709425057502232
2667508;0;-19.188963;-57.792919;54.212738;-180.004318;-93.327698;-130.889236;10.328290;23.321150;4.449571;4.830350;3.700250;9.08136257502232
2667532;0;-19.454338;-58.170696;54.792454;-180.049026;-93.078117;-132.583359;10.286329;22.714611;4.322864;4.501338;2.913475;9.29831357502232
2667556;0;-19.732655;-58.560471;55.384289;-180.092972;-92.823372;-134.343079;10.572430;21.325109;5.633486;4.591938;3.502362;9.60350057502232
2667580;0;-20.024155;-58.957733;55.991283;-180.136581;-92.562790;-136.178665;10.548590;22.049900;4.570821;4.172325;4.067412;9.67263757502232
2667604;0;-20.329399;-59.363140;56.610649;-180.179321;-92.297310;-138.090286;10.966300;22.991180;4.920957;3.681175;3.604887;9.73701357502232
2667628;0;-20.647991;-59.777599;57.239735;-180.219101;-92.025169;-140.072510;11.876104;23.339270;5.100793;4.231925;3.097050;10.1518627502232
2667652;0;-20.982502;-60.202892;57.878601;-180.257492;-91.751167;-142.119629;11.153219;22.323605;5.287443;4.391663;4.303450;10.2448387502232
2667676;0;-21.330791;-60.635601;58.526234;-180.294052;-91.473114;-144.232666;12.064930;21.202084;5.549021;4.973400;3.659725;11.1317637502232
2667700;0;-21.694252;-61.074997;59.182934;-180.328400;-91.193291;-146.425598;12.303350;21.629330;5.070822;5.042550;4.122250;10.6668387502232
2667724;0;-22.072313;-61.519581;59.845089;-180.360779;-90.910439;-148.705658;13.341901;21.788595;5.528585;5.075925;3.783700;10.7955887502232
2667748;0;-22.467690;-61.968185;60.513840;-180.390762;-90.625641;-151.043381;12.546535;23.071285;4.829679;4.675387;4.041187;11.0268517502232
2667772;0;-22.879467;-62.424480;61.185432;-180.416122;-90.339607;-153.445892;12.755389;22.201534;5.840571;5.166525;4.081725;11.4965377502232
2667796;0;-23.307384;-62.886337;61.861488;-180.438110;-90.052948;-155.928894;13.880725;21.155354;5.228858;5.500312;3.685950;11.8875507502232
2667820;0;-23.751453;-63.349419;62.537827;-180.456894;-89.768463;-158.504089;14.263150;21.822926;5.625314;5.307188;4.420275;11.8279377502232
2667844;0;-24.213911;-63.814964;63.214520;-180.471054;-89.483704;-161.147400;15.053744;21.395679;5.848743;5.333413;3.693100;11.8803877502232
2667868;0;-24.696091;-64.282150;63.892200;-180.480911;-89.201515;-163.850159;14.064784;21.347996;5.448200;5.066387;3.459450;12.7529997502232
2667892;0;-25.195562;-64.750397;64.566284;-180.485519;-88.922226;-166.637482;14.468190;21.374699;5.346022;5.128375;3.764625;12.4239877502232
2667916;0;-25.713743;-65.218460;65.237572;-180.485977;-88.645164;-169.502792;15.520094;20.706175;5.213871;4.546638;2.181525;12.6266377502232
2667940;0;-26.251348;-65.685532;65.901772;-180.485214;-88.374458;-172.451660;16.230579;20.205494;5.569457;1.037112;3.705012;12.7243887502232
2667964;0;-26.808300;-66.148964;66.561035;-180.479813;-88.108643;-175.474670;16.442295;20.884510;4.840571;-2.827637;3.247250;13.270375502232
2667988;0;-27.386400;-66.610359;67.211105;-180.463455;-87.849495;-178.577087;16.385075;19.817348;5.020407;-4.072187;3.266325;13.363350502232
2668012;0;-27.984980;-67.067268;67.852539;-180.437897;-87.598076;-181.750946;16.778944;19.064899;4.296978;-4.358287;2.970687;13.539788502232
2668036;0;-28.605059;-67.516472;68.479523;-180.405991;-87.354584;-185.002090;17.232891;19.802090;4.682536;-4.594325;3.638263;13.821125502232
2668060;0;-29.245903;-67.957634;69.095322;-180.369217;-87.119209;-188.344116;18.120766;19.992825;3.994529;-5.125988;2.620213;13.766287502232
2668084;0;-29.907555;-68.391113;69.695618;-180.325104;-86.896217;-191.756607;18.742559;19.468304;3.765650;-4.777900;2.739425;14.083375502232
2668108;0;-30.592453;-68.815712;70.278488;-180.275665;-86.685715;-195.261627;19.001959;18.655775;3.529957;-4.880425;3.530975;14.562599502232
2668132;0;-31.300356;-69.227623;70.842323;-180.222000;-86.486115;-198.849518;18.663404;18.237110;3.652571;-5.569450;3.111350;14.886850502232
2668156;0;-32.030411;-69.625908;71.384209;-180.161804;-86.300720;-202.496735;19.149780;17.651554;3.483636;-5.846013;2.980225;15.170563502232
2668180;0;-32.780411;-70.008995;71.904839;-180.094788;-86.131760;-206.225281;20.667074;17.293930;3.009521;-4.980563;3.700250;14.550675502232
2668204;0;-33.552292;-70.374016;72.399803;-180.024292;-85.975922;-210.047333;20.185471;17.466545;2.501350;-4.858963;2.639287;14.708037502232
2668228;0;-34.343788;-70.719864;72.865517;-179.950302;-85.838501;-213.945023;18.671034;16.438480;2.182550;-5.278575;1.728525;15.165800502232
2668252;0;-35.145538;-71.042534;73.297958;-179.873535;-85.720284;-217.842026;18.322941;15.462875;1.645764;-5.197525;1.590250;14.684200502232
2668276;0;-35.947861;-71.338371;73.691963;-179.795349;-85.624382;-221.716400;19.118305;14.952655;1.306529;-5.049700;2.524850;14.281262502232
2668300;0;-36.748829;-71.604858;74.046257;-179.717743;-85.544479;-225.596970;18.404005;14.477725;0.829693;-5.319113;1.089562;14.021388502232
2668324;0;-37.545414;-71.841553;74.361069;-179.641678;-85.487740;-229.398514;16.486164;14.228819;0.129421;-5.459775;1.327987;14.314650502232
2668348;0;-38.329067;-72.050056;74.635696;-179.566254;-85.449554;-233.096542;17.377850;13.925550;-0.350129;-4.990100;1.580713;14.07383702232
2668372;0;-39.098484;-72.231186;74.872971;-179.493484;-85.428947;-236.756882;18.912315;12.813565;-0.730236;-4.150863;1.766675;13.74721202232
2668396;0;-39.858444;-72.385025;75.074005;-179.426971;-85.423248;-240.355118;17.148970;12.828825;-1.198900;-5.526537;1.215925;13.90695002232
2668420;0;-40.607952;-72.512932;75.242142;-179.362457;-85.428192;-243.860718;15.828130;12.740135;-1.837864;-4.987712;-0.998962;13.7138252232
2668444;0;-41.340542;-72.617165;75.378952;-179.303131;-85.449257;-247.287048;16.457554;12.222290;-2.175736;-5.576600;-1.938337;12.8292992232
2668468;0;-42.057026;-72.699623;75.484642;-179.245911;-85.484177;-250.686859;17.559050;10.787960;-2.798350;-4.620550;-3.137587;13.4181872232
2668492;0;-42.761734;-72.759323;75.562210;-179.196228;-85.532631;-253.955978;15.808105;10.613440;-3.348757;-5.350112;-3.256787;12.4430632232
2668516;0;-43.452335;-72.799812;75.611900;-179.150757;-85.590981;-257.187378;14.980314;9.798045;-3.753386;-5.295275;-4.076950;13.17023832232
2668540;0;-44.123875;-72.819305;75.635384;-179.109695;-85.662323;-260.328613;16.201969;10.089869;-4.298343;-5.028237;-2.593987;12.6600252232
2668564;0;-44.778679;-72.817703;75.622093;-179.073654;-85.738373;-263.419647;16.777035;6.307600;-7.935928;-4.498950;-3.583425;11.84225052232
2668588;0;-45.420273;-72.800331;75.588058;-179.043564;-85.821632;-266.414124;14.660835;5.175590;-6.795608;-4.608625;-3.597725;12.14503852232
2668612;0;-46.046139;-72.773865;75.552322;-179.018997;-85.911858;-269.314178;13.471601;4.576680;-8.538107;-4.713525;-3.781312;12.11642552232
2668636;0;-46.651234;-72.734444;75.500862;-178.998474;-86.008263;-272.186768;14.720915;4.562375;-8.679793;-4.093637;-3.409375;11.99959952232
2668660;0;-47.239639;-72.682846;75.433495;-178.983414;-86.107643;-274.967712;14.634130;3.973005;-8.663443;-3.955362;-4.053113;11.42740152232
2668684;0;-47.813412;-72.620354;75.351051;-178.973740;-86.213150;-277.642761;13.702390;3.928180;-8.881429;-4.167550;-3.166188;11.12937552232
2668708;0;-48.370419;-72.546944;75.256554;-178.968857;-86.318214;-280.279144;12.881274;3.298755;-9.405950;-4.293913;-4.312988;11.30580052232
2668732;0;-48.908066;-72.464340;75.148407;-178.967361;-86.428253;-282.837830;12.730596;3.807065;-9.224751;-4.041187;-4.067412;11.07692552232
2668756;0;-49.426525;-72.374039;75.029877;-178.967911;-86.541100;-285.292419;13.767240;3.547665;-9.504043;-2.439013;-3.285400;10.71213852232
2668780;0;-49.930874;-72.276085;74.901985;-178.969788;-86.652290;-287.692444;12.131690;3.439900;-9.752000;0.519750;-4.105562;10.485638852232
2668804;0;-50.418655;-72.172256;74.765755;-178.976151;-86.766762;-290.029266;11.018750;3.274915;-9.611671;3.368850;-3.917212;10.871876852232
2668828;0;-50.886948;-72.063751;74.621765;-178.989456;-86.879303;-292.278717;11.734961;3.030775;-9.328293;4.477500;-4.413125;10.106563852232
2668852;0;-51.337486;-71.950844;74.472801;-179.007813;-86.993050;-294.434937;12.018200;3.313060;-9.389600;4.820813;-4.069800;9.7489253852232
2668876;0;-51.773499;-71.833679;74.318565;-179.029434;-87.105827;-296.539246;10.661125;3.648755;-9.478157;4.734987;-3.983963;10.118475852232
2668900;0;-52.191399;-71.714073;74.161003;-179.052475;-87.217049;-298.570404;10.385510;3.985400;-9.520392;5.102150;-3.900525;9.9301255852232
2668924;0;-52.592926;-71.592987;74.000977;-179.077316;-87.327492;-300.510132;10.213850;3.932950;-9.474072;5.288113;-3.819463;9.0432125852232
2668948;0;-52.977337;-71.470955;73.839386;-179.104355;-87.435303;-302.385498;10.099410;4.090305;-9.954992;5.033012;-3.476138;8.7118135852232
2668972;0;-53.344555;-71.348587;73.676308;-179.132660;-87.541649;-304.198029;10.646820;4.118915;-9.528563;4.999638;-3.275862;8.9979125852232
2668996;0;-53.696823;-71.226654;73.513275;-179.161499;-87.645142;-305.919189;9.834285;4.189490;-9.437285;4.980563;-3.249637;8.76664925852232
2669020;0;-54.032619;-71.105110;73.352089;-179.190994;-87.745995;-307.560883;9.473800;4.211425;-9.762900;5.111688;-2.775187;8.15867525852232
2669044;0;-54.352936;-70.985519;73.191650;-179.221115;-87.842865;-309.154327;8.193965;4.318235;-9.434557;5.178450;-3.404613;8.24927425852232
2669068;0;-54.656643;-70.868027;73.033890;-179.250870;-87.935760;-310.660309;8.502005;4.205700;-9.213850;5.800713;-3.640650;7.97032525852232
2669092;0;-54.944012;-70.752724;72.878555;-179.281570;-88.026276;-312.082092;8.456230;4.502295;-9.017672;5.707737;-3.852838;7.52210025852232
2669116;0;-55.216911;-70.640335;72.728569;-179.313141;-88.114738;-313.443542;7.863040;4.762645;-9.185243;5.259512;-3.128050;7.59601225852232
2669140;0;-55.474781;-70.531975;72.583168;-179.343872;-88.196823;-314.733612;7.172580;4.792210;-9.329658;5.073538;-3.621575;7.55547525852232
2669164;0;-55.716110;-70.426926;72.441849;-179.372849;-88.277367;-315.951874;7.381435;5.228040;-8.930478;5.533688;-2.613062;7.33136225852232
2669188;0;-55.942062;-70.326538;72.307114;-179.401871;-88.352074;-317.095428;7.545470;5.019185;-9.187964;5.269050;-3.359313;6.38722525852232
2669212;0;-56.153561;-70.230453;72.177208;-179.430695;-88.421387;-318.157867;6.719585;4.928585;-8.735650;4.775513;-3.728863;6.62565025852232
2669236;0;-56.350910;-70.139061;72.054527;-179.456940;-88.489578;-319.160980;6.442070;5.396840;-8.803771;5.173675;-2.825250;6.29662525852232
2669260;0;-56.533611;-70.053154;71.938828;-179.481369;-88.550690;-320.090820;6.167410;6.061550;-8.475435;5.784025;-3.659725;5.89131325852232
2669284;0;-56.701473;-69.973724;71.830902;-179.505402;-88.610161;-320.936920;5.586620;5.986210;-8.410043;5.857937;-2.751350;5.91992525852232
2669308;0;-56.854576;-69.900108;71.730507;-179.528976;-88.662247;-321.710388;5.593295;5.576130;-8.256093;5.378712;-3.163813;5.99860025852232
2669332;0;-56.993092;-69.831871;71.639305;-179.550827;-88.710014;-322.427307;5.380630;6.296155;-8.296965;4.990100;-3.347388;5.34533725852232
2669356;0;-57.117867;-69.770630;71.555229;-179.569977;-88.752930;-323.063080;4.917140;5.964275;-7.984979;4.985325;-3.631112;5.46455025852232
2669380;0;-57.229046;-69.714844;71.479851;-179.586700;-88.794289;-323.623413;4.160880;6.966590;-7.566722;5.195138;-2.336500;5.12361325852232
2669404;0;-57.324661;-69.667107;71.414970;-179.601883;-88.829254;-324.129608;4.078865;6.312370;-7.702957;5.140300;-2.267350;3.63348825852232
2669428;0;-57.406452;-69.625534;71.358940;-179.615280;-88.857071;-324.542633;3.465650;6.821630;-7.468629;5.104537;-2.822875;4.63485025852232
2669452;0;-57.473942;-69.590103;71.312485;-179.626633;-88.880791;-324.899200;3.554340;7.415770;-7.230207;4.923337;-2.868175;4.04118725852232
2669476;0;-57.528400;-69.563309;71.275818;-179.635727;-88.900185;-325.174103;2.716060;6.829260;-7.059915;4.696837;-2.760875;3.95058825852232
2669500;0;-57.568138;-69.542953;71.249054;-179.642593;-88.914711;-325.401337;2.696035;7.044790;-6.930485;4.637238;-2.627362;2.23636225852232
2669524;0;-57.594891;-69.529976;71.232811;-179.646912;-88.924362;-325.525391;2.482410;7.137295;-7.040836;4.584787;-2.658362;3.34738825852232
2669548;0;-57.610096;-69.522888;71.225334;-179.649399;-88.929802;-325.602478;2.285955;7.506370;-6.741114;4.584787;-2.737037;3.11612525852232
2669572;0;-57.615910;-69.521233;71.225220;-179.650589;-88.932533;-325.638824;2.035140;7.501600;-5.895064;4.577625;-2.715587;3.10420025852232
2669596;0;-57.616447;-69.521202;71.226509;-179.651016;-88.933441;-325.646576;1.892085;8.036610;-4.801064;4.494188;-2.741812;3.29017525852232
2669620;0;-57.616459;-69.521217;71.227081;-179.651138;-88.933708;-325.646942;1.862525;8.021350;-4.890986;4.386900;-2.706050;3.19718825852232
2669644;0;-57.616524;-69.521156;71.226982;-179.651184;-88.933876;-325.646881;2.110480;7.707595;-5.280628;4.324913;-2.651212;3.09943725852232
2669668;0;-57.616688;-69.520988;71.226830;-179.651184;-88.933899;-325.646942;2.223965;7.364270;-5.604878;4.241462;-2.613062;3.06606225852232
2669692;0;-57.590210;-69.521255;71.227341;-179.651260;-88.933823;-325.646729;-10.484694;8.202550;-4.768372;4.143713;-2.598763;3.023138852232
2669716;0;-57.448387;-69.521240;71.227394;-179.651398;-88.933769;-325.646484;-27.881618;8.138655;-4.908693;3.919600;-2.620213;2.903938852232
2669740;0;-57.067612;-69.521477;71.227531;-179.652481;-88.934456;-325.646393;-49.204826;8.876800;-4.831036;3.116125;-2.262588;2.918237852232
2669764;0;-56.279091;-69.522537;71.227707;-179.653717;-88.934029;-325.646118;-73.222160;10.402675;-4.502700;2.241125;-2.286425;2.88008752232
2669788;0;-54.982430;-69.525558;71.229752;-179.668854;-88.933731;-325.645050;-76.996796;12.653349;-4.772457;-3.311625;-1.738063;2.9230002232
2669812;0;-53.267101;-69.530144;71.229935;-179.662460;-88.934433;-325.647369;-59.915543;12.540814;-4.027228;-3.581037;-1.945487;2.7799502232
2669836;0;-51.337616;-69.529846;71.231758;-179.660278;-88.936226;-325.647339;-26.184078;10.934825;-4.051750;-3.590575;-0.758162;2.7608752232
2669860;0;-49.542450;-69.525230;71.251808;-179.656265;-88.924973;-325.646515;8.290290;8.512495;-0.746586;-1.568788;1.802438;1.76667508752232
2669884;0;-48.167698;-69.525055;71.323372;-179.657104;-88.789665;-325.594238;22.539135;10.167120;0.742500;1.657000;7.989400;-4.1437138752232
2669908;0;-47.286278;-69.534164;71.470467;-179.668518;-88.381416;-325.280334;28.280254;9.851455;5.562643;6.883138;12.345312;-8.7881008752232
2669932;0;-46.875244;-69.552116;71.762421;-179.708527;-87.616455;-324.559998;19.724844;10.146140;6.212500;7.922637;19.190300;-8.134837752232
2669956;0;-46.779060;-69.580917;72.206795;-179.776901;-86.386253;-323.457336;9.083745;10.910985;9.821478;5.424013;20.871151;-10.216225752232
2669980;0;-46.826004;-69.618011;72.833488;-179.868088;-84.660446;-321.907043;7.638930;12.779234;11.160714;5.736350;21.898737;-11.61812552232
2670004;0;-46.932911;-69.664986;73.628479;-179.982117;-82.494598;-319.954498;4.705425;13.798711;11.380057;4.522800;23.477074;-12.81261352232
2670028;0;-47.052784;-69.724213;74.577972;-180.114838;-79.903946;-317.620605;8.844375;14.317510;14.760150;4.816050;26.202198;-13.79251252232
2670052;0;-47.195671;-69.797813;75.684357;-180.269257;-76.888573;-314.918213;10.405540;13.249394;14.900478;5.991450;25.913712;-15.7308502232
2670076;0;-47.361095;-69.880859;76.929688;-180.443253;-73.498482;-311.856049;6.711956;13.641355;14.944072;5.221363;26.333326;-15.03467602232
2670100;0;-47.536983;-69.968224;78.280136;-180.631973;-69.822098;-308.543030;7.697104;14.554975;15.281942;5.137913;24.783600;-15.04420102232
2670124;0;-47.720028;-70.060081;79.702339;-180.831024;-65.957092;-305.065277;8.473394;14.210699;13.419557;5.328650;24.857512;-15.39945002232
2670148;0;-47.907280;-70.154030;81.161026;-181.034500;-61.994957;-301.483856;8.603095;13.598440;13.326915;4.951950;24.542799;-14.90115002232
2670172;0;-48.100307;-70.247108;82.629272;-181.238876;-58.010921;-297.885376;7.196425;14.698979;12.683864;5.352488;25.792112;-14.56498802232
2670196;0;-48.293560;-70.339462;84.100647;-181.444229;-54.025181;-294.311371;6.103515;14.761920;12.999943;5.221363;23.705950;-14.79386202232
2670220;0;-48.482632;-70.433525;85.570236;-181.648834;-50.041191;-290.750854;7.940290;14.177320;12.283321;5.984300;23.055075;-14.86301202232
2670244;0;-48.672817;-70.526451;87.040138;-181.853363;-46.058407;-287.152557;7.946965;13.510699;13.160700;6.501663;23.982513;-15.24208802232
2670268;0;-48.864944;-70.620010;88.510452;-182.058090;-42.074654;-283.559662;6.569860;13.931270;12.521742;6.568425;26.471611;-14.85108802232
2670292;0;-49.056107;-70.712196;89.979073;-182.263351;-38.088722;-279.992828;6.807325;14.643664;14.069414;6.210800;23.996826;-14.42431302232
2670316;0;-49.246304;-70.805443;91.449722;-182.468552;-34.105156;-276.429565;6.771085;14.495845;12.382778;5.834100;23.131363;-14.99891302232
2670340;0;-49.435677;-70.898422;92.918747;-182.672165;-30.122408;-272.849670;7.678030;13.772009;13.576229;6.599425;24.485588;-14.60551402232
2670364;0;-49.627628;-70.990257;94.388962;-182.877701;-26.138741;-269.258881;6.617545;14.357565;12.487679;5.342950;26.736250;-14.91307402232
2670388;0;-49.817867;-71.083008;95.856438;-183.082077;-22.153330;-265.669891;6.860730;14.247890;14.348706;5.309575;23.775101;-14.73665002232
2670412;0;-50.007633;-71.176949;97.327553;-183.286819;-18.170107;-262.099304;7.233615;14.668460;12.359614;5.242813;23.689262;-14.48392602232
2670436;0;-50.197742;-71.270790;98.794632;-183.490433;-14.187937;-258.540649;7.324215;13.659475;14.025821;6.320475;25.045862;-14.41716302232
2670460;0;-50.388298;-71.364273;100.264923;-183.694901;-10.203079;-254.955276;7.356640;13.502119;12.563971;6.349075;26.788700;-14.3146502232
2670484;0;-50.579285;-71.457077;101.730759;-183.900223;-6.217968;-251.366440;7.127760;13.391490;14.566692;5.900850;23.982513;-14.39808802232
2670508;0;-50.769623;-71.549568;103.201103;-184.104828;-2.233977;-247.784744;7.452010;14.257429;13.197486;6.613725;23.927687;-15.41852502232
2670532;0;-50.960358;-71.642845;104.666893;-184.309479;1.749028;-244.210800;7.137295;13.716695;14.705656;6.358613;24.735924;-14.193050502232
2670556;0;-51.150948;-71.735023;106.137726;-184.514404;5.734302;-240.649918;7.092475;13.893125;13.074872;6.680488;25.534624;-14.674662502232
2670580;0;-51.340870;-71.829514;107.601929;-184.719391;9.720324;-237.072067;7.399555;12.431140;15.410015;6.284712;22.797575;-14.438624502232
2670604;0;-51.531799;-71.921944;109.073242;-184.925308;13.702600;-233.475952;6.940840;13.854025;14.043528;4.494188;22.573462;-14.93453702232
2670628;0;-51.723049;-72.015007;110.538986;-185.129059;17.684530;-229.899689;6.480215;13.482089;15.134807;4.794588;25.079250;-15.02751302232
2670652;0;-51.913773;-72.107185;112.016296;-185.333481;21.666422;-226.319565;6.201740;13.733859;10.937279;4.332063;24.921888;-13.74006302232
2670676;0;-52.103508;-72.199875;113.480408;-185.538589;25.653917;-222.762909;7.183070;12.539861;14.839170;5.156988;22.649761;-14.32179902232
2670700;0;-52.293308;-72.292114;114.950073;-185.743134;29.636316;-219.186676;7.239340;13.433455;13.193400;4.796975;23.384087;-14.22881202232
2670724;0;-52.482700;-72.386826;116.414673;-185.948074;33.620049;-215.599854;7.655140;12.600894;14.882764;4.787437;24.552338;-14.30272502232
2670748;0;-52.674534;-72.479980;117.885551;-186.152206;37.605068;-212.007996;7.075305;12.998579;13.356885;5.526537;24.373526;-14.56021202232
2670772;0;-52.865078;-72.574409;119.349884;-186.356613;41.589901;-208.435699;6.638525;11.638639;14.754701;6.148813;23.124212;-13.90695002232
2670796;0;-53.054340;-72.666199;120.822151;-186.561035;45.572495;-204.874039;8.115765;12.467380;13.792850;6.394375;22.377962;-13.85688802232
2670820;0;-53.245461;-72.760208;122.287453;-186.765427;49.554359;-201.305664;7.050510;11.871335;15.156608;6.394375;25.937551;-14.83439902232
2670844;0;-53.436016;-72.851814;123.759514;-186.970947;53.539597;-197.705734;7.163045;12.822149;14.442714;5.669588;24.139875;-14.40286202232
2670868;0;-53.627464;-72.945366;125.223770;-187.175629;57.525036;-194.120819;6.641385;11.824605;14.900478;5.590912;23.159975;-14.48868802232
2670892;0;-53.817265;-73.037506;126.695503;-187.379425;61.507401;-190.559082;7.095335;11.710165;14.757429;6.277550;22.637838;-14.12867502232
2670916;0;-54.007164;-73.130569;128.160355;-187.584763;65.490845;-186.992722;7.846830;11.953350;15.677042;5.445475;25.563236;-14.30272502232
2670940;0;-54.198040;-73.222610;129.632111;-187.789886;69.475182;-183.412491;7.109640;12.315750;15.269687;5.083075;24.425974;-14.69850002232
2670964;0;-54.388729;-73.317116;131.098785;-187.994705;73.460075;-179.817703;7.290840;11.520385;15.008107;5.314350;23.138514;-14.69135002232
2670988;0;-54.579376;-73.409126;132.569397;-188.198425;77.442650;-176.237656;7.097240;11.455535;15.298293;6.296625;22.404188;-14.45292602232
2671012;0;-54.768997;-73.503204;134.035172;-188.402344;81.426178;-172.679443;7.512090;10.916705;15.682493;6.926050;25.537010;-14.66035002232
2671036;0;-54.959797;-73.594933;135.505356;-188.608261;85.410187;-169.106766;7.377620;11.883735;16.208372;6.170262;24.690624;-13.92125002232
2671060;0;-55.150906;-73.688431;136.973419;-188.812897;89.395599;-165.519867;7.066725;11.611935;15.174314;6.368150;23.107525;-14.35278802232
2671084;0;-55.341156;-73.781326;138.441956;-189.016998;93.377296;-161.931168;7.292745;10.854720;15.963143;6.518363;22.854801;-14.38855002232
2671108;0;-55.530758;-73.874359;139.907364;-189.221878;97.361031;-158.352386;7.207870;10.768889;14.157971;6.196487;24.478426;-14.50061202232
2671132;0;-55.710880;-73.964363;141.306595;-189.420486;101.220695;-154.881073;4.834175;10.401725;7.578985;5.154600;13.301362;-10.96486202232
2671156;0;-55.863895;-74.040367;142.477280;-189.587021;104.433495;-151.937515;3.153800;9.222030;1.734321;3.545275;7.085800;-7.70806286202232
2671180;0;-55.976120;-74.095276;143.341034;-189.705795;106.767975;-149.844345;2.459525;7.654190;-1.036779;4.465575;1.640313;-5.5027006202232
2671204;0;-56.044952;-74.128448;143.879822;-189.781082;108.219437;-148.514969;1.416205;7.829665;-4.446843;3.268712;-2.050387;-2.388950202232
2671228;0;-56.073990;-74.136772;144.112808;-189.810959;108.805702;-147.978241;0.505445;6.461140;-5.174364;3.516663;-3.297325;-0.455375202232
2671252;0;-56.076504;-74.134186;144.152451;-189.813873;108.872780;-147.946899;0.465390;4.638670;-2.463200;3.950588;1.938337;-1.9288005202232
2671276;0;-56.076275;-74.133423;144.144531;-189.813995;108.875168;-147.953888;0.678060;5.113600;-1.825600;3.843300;2.434250;-1.1873125202232
2671300;0;-56.076294;-74.132942;144.138794;-189.813995;108.874733;-147.960831;0.782965;5.606650;-2.295629;3.776550;1.795287;-0.5388255202232
2671324;0;-56.076492;-74.128654;144.139893;-189.814041;108.874664;-147.969742;1.217840;2.017020;0.055857;3.912437;1.502025;-0.07152555202232
2671348;0;-56.077679;-74.111748;144.153870;-189.815048;108.875977;-147.979111;2.604480;0.181195;1.008164;4.787437;2.820487;0.000000555202232
2671372;0;-56.081074;-74.074051;144.179199;-189.820007;108.886299;-147.993942;3.307340;-0.654220;1.768378;5.972375;4.096025;0.08343755202232
2671396;0;-56.088741;-74.004326;144.222458;-189.833511;108.914047;-148.008057;3.799435;-2.451895;2.801071;6.165500;4.529950;0.12397555202232
2671420;0;-56.099346;-73.895393;144.291473;-189.857132;108.962357;-148.019638;4.677770;-4.562375;3.384178;5.974762;5.061625;0.45537555202232
2671444;0;-56.114506;-73.736092;144.389252;-189.890472;109.033638;-148.033539;4.560470;-5.322455;3.581721;6.141663;5.671975;0.72717555202232
2671468;0;-56.133381;-73.523155;144.515594;-189.932693;109.129639;-148.050934;4.836080;-5.084990;4.242486;7.014263;5.464550;1.00373755202232
2671492;0;-56.155682;-73.258789;144.671722;-189.987244;109.248520;-148.072998;5.259510;-6.777760;4.247936;6.453987;5.345337;1.35182555202232
2671516;0;-56.182545;-72.938507;144.855621;-190.051437;109.389725;-148.098053;5.163190;-7.741925;4.365100;6.527900;6.148813;1.63792555202232
2671540;0;-56.214054;-72.559525;145.064117;-190.126450;109.555962;-148.127258;4.788395;-8.172035;5.129400;5.824563;6.268013;2.13383755202232
2671564;0;-56.248417;-72.121246;145.297424;-190.209183;109.746246;-148.164413;5.357740;-9.010310;5.324222;6.420599;6.020062;2.37226255202232
2671588;0;-56.286530;-71.622726;145.552811;-190.303482;109.960106;-148.205795;5.402565;-11.006355;5.756100;5.362025;6.551737;2.8562505202232
2671612;0;-56.329124;-71.057518;145.827942;-190.406006;110.200409;-148.255127;4.983900;-11.487960;5.850107;5.371562;6.134500;3.1733505202232
2671636;0;-56.374531;-70.423683;146.119751;-190.516632;110.463097;-148.316910;5.302425;-12.332914;5.859643;5.652900;7.433887;3.0636755202232
2671660;0;-56.422825;-69.719215;146.425781;-190.637726;110.752365;-148.389847;5.072590;-12.978549;6.440021;4.990100;6.334775;2.8204875202232
2671684;0;-56.474068;-68.943703;146.741745;-190.764404;111.064682;-148.467316;4.783630;-15.216825;6.768357;6.353850;6.618488;2.7179635202232
2671708;0;-56.527340;-68.089584;147.067032;-190.900162;111.400368;-148.547928;4.693980;-15.244479;6.066729;6.072513;7.715225;2.9850005202232
2671732;0;-56.582161;-67.154732;147.393646;-191.042694;111.759171;-148.647919;4.901885;-15.171049;6.791522;5.571837;7.483950;2.5272255202232
2671756;0;-56.637817;-66.138786;147.722046;-191.190628;112.140106;-148.750824;5.101200;-16.967770;5.929129;6.186950;6.172650;2.4747755202232
2671780;0;-56.695793;-65.041092;148.043945;-191.343414;112.538017;-148.851044;4.464145;-18.364904;5.824221;5.631437;7.779588;3.3307005202232
2671804;0;-56.753139;-63.854660;148.356125;-191.498871;112.952835;-148.972794;4.510875;-18.083569;6.382800;7.042875;7.553100;3.2591755202232
2671828;0;-56.809940;-62.581894;148.653824;-191.657562;113.380379;-149.106674;4.482265;-18.842695;6.508142;7.009501;7.739063;3.1542755202232
2671852;0;-56.864639;-61.223511;148.934540;-191.814117;113.815605;-149.266357;4.817960;-19.630430;5.637572;8.580675;7.367125;1.5735625202232
2671876;0;-56.918518;-59.779961;149.190308;-191.971420;114.252129;-149.399490;4.229545;-20.738600;5.453650;6.892675;7.219312;2.6559755202232
2671900;0;-56.968559;-58.251205;149.417892;-192.121765;114.681717;-149.541443;4.446025;-20.050999;4.776543;6.921288;8.273113;2.7036635202232
2671924;0;-57.014702;-56.643398;149.609650;-192.264633;115.100594;-149.688217;4.044530;-20.895000;4.702971;4.799363;6.918900;2.9110885202232
2671948;0;-57.055714;-54.961445;149.764984;-192.393509;115.494202;-149.840836;3.515240;-19.440649;3.678457;6.275175;6.854525;2.5415385202232
2671972;0;-57.089630;-53.221367;149.872314;-192.508194;115.852142;-149.981674;3.537175;-19.018169;2.813336;5.047312;6.170262;2.5463005202232
2671996;0;-57.115986;-51.436199;149.929749;-192.600052;116.161514;-150.117172;2.922055;-17.899509;1.855571;5.753037;6.022450;2.1862885202232
2672020;0;-57.133213;-49.632595;149.914124;-192.669434;116.409019;-150.218338;2.014160;-13.916016;-3.068100;3.430837;5.371562;2.758500202232
2672044;0;-57.138771;-47.842999;149.848907;-192.707916;116.585373;-150.313019;1.105305;-13.588905;-1.517700;4.653925;4.637238;2.284038202232
2672068;0;-57.133915;-46.089161;149.759521;-192.717316;116.681854;-150.371841;-2.099035;-8.931155;-4.690714;2.193450;3.359313;2.458087202232
2672092;0;-57.120193;-44.404575;149.621994;-192.704300;116.697121;-150.399124;-3.093715;-8.070945;-4.731586;-4.005425;1.266000;2.74896202232
2672116;0;-57.099934;-42.802700;149.446213;-192.653595;116.637871;-150.399780;-4.432675;-6.372450;-4.653928;-4.670612;-3.097050;2.7775752232
2672140;0;-57.071274;-41.297958;149.235870;-192.572159;116.492973;-150.394211;-4.195210;-3.994940;-5.450929;-5.288113;-3.757475;1.2922252232
2672164;0;-57.035873;-39.894257;148.995285;-192.466537;116.277550;-150.357300;-4.932400;-3.657340;-4.246571;-5.269050;-4.045962;0.2217252232
2672188;0;-56.994148;-38.589279;148.735687;-192.342468;116.001907;-150.288513;-5.126950;-2.615925;-5.578993;-5.958075;-4.043575;-0.438687232
2672212;0;-56.946533;-37.381390;148.455292;-192.203445;115.675964;-150.197235;-4.882810;-2.089500;-4.762921;-7.510175;-4.341600;-1.530638232
2672236;0;-56.894371;-36.264385;148.165009;-192.049606;115.306969;-150.085022;-4.741665;0.036235;-5.708421;-5.085463;-4.265300;-2.1934508232
2672260;0;-56.838779;-35.234802;147.863129;-191.889709;114.904350;-149.959824;-4.543300;0.989910;-4.245207;-6.318087;-4.823200;-2.8228758232
2672284;0;-56.781540;-34.288342;147.557510;-191.723770;114.474579;-149.808533;-5.045890;0.646590;-3.568100;-5.981913;-3.955362;-2.2530508232
2672308;0;-56.722435;-33.418499;147.254089;-191.554413;114.027740;-149.661240;-4.642485;2.013205;-4.591257;-4.839888;-4.479875;-2.4008758232
2672332;0;-56.662514;-32.622013;146.949738;-191.385300;113.570534;-149.507355;-4.070280;3.082275;-3.914150;-5.717275;-4.661075;-2.2172888232
2672356;0;-56.602123;-31.894442;146.652115;-191.218613;113.107658;-149.360397;-3.651615;2.827640;-3.440036;-5.404938;-3.769388;-2.3913378232
2672380;0;-56.543896;-31.232702;146.362259;-191.056122;112.647751;-149.225037;-4.020690;3.336905;-3.916872;-5.137913;-4.148475;-3.4189128232
2672404;0;-56.487316;-30.630365;146.081223;-190.898651;112.197571;-149.057358;-3.809925;4.300115;-2.871922;-5.373950;-4.701612;-1.6283888232
2672428;0;-56.432613;-30.085884;145.814484;-190.749329;111.759674;-148.917435;-3.833770;4.808425;-3.389629;-5.493163;-4.887575;-1.9502638232
2672452;0;-56.380142;-29.596069;145.561356;-190.608322;111.338898;-148.784836;-3.570555;5.255695;-2.792900;-5.669588;-3.018375;-1.6522388232
2672476;0;-56.331345;-29.158264;145.324539;-190.475418;110.943138;-148.675812;-3.708835;5.729675;-2.617150;-4.799363;-3.983963;-2.7585008232
2672500;0;-56.286121;-28.769655;145.105759;-190.354736;110.573151;-148.558243;-3.657340;5.916595;-1.956393;-5.257125;-3.528588;-2.3269628232
2672524;0;-56.244431;-28.426773;144.906326;-190.245377;110.234337;-148.451294;-2.821920;7.155415;-1.568107;-5.221363;-3.254412;-2.3341128232
2672548;0;-56.206966;-28.129196;144.727814;-190.146896;109.927902;-148.363831;-3.150935;8.250235;-1.073564;-4.959100;-2.613062;-2.7465758232
2672572;0;-56.173965;-27.875896;144.572617;-190.061966;109.658211;-148.273560;-2.840995;8.237835;-1.374650;-5.173675;-2.574913;-2.1529138232
2672596;0;-56.146366;-27.664673;144.438416;-189.988098;109.427460;-148.199753;-2.723690;8.936880;-0.333786;-4.444113;-2.441400;-2.0503878232
2672620;0;-56.123405;-27.493210;144.329758;-189.927368;109.236267;-148.147171;-2.529140;9.593005;-0.381464;-3.597725;-1.852500;-2.3555758232
2672644;0;-56.106113;-27.362429;144.244354;-189.882172;109.087608;-148.105560;-2.457615;10.385510;0.340593;-4.329675;-1.072875;-2.5177008232
2672668;0;-56.094391;-27.271143;144.185211;-189.850143;108.981560;-148.075058;-2.455710;10.505674;0.761571;-4.591938;-0.958437;-2.6011388232
2672692;0;-56.087830;-27.212431;144.150604;-189.829224;108.915817;-148.055023;-2.490995;11.336325;0.895086;-4.224775;-0.917900;-2.6845878232
2672716;0;-56.085258;-27.182306;144.134033;-189.818268;108.881691;-148.044830;-2.596855;10.921475;1.084457;-4.262913;-1.509187;-2.6869758232
2672740;0;-56.084690;-27.170925;144.132050;-189.813965;108.867668;-148.040176;-2.674100;11.043545;2.182550;-4.305838;-1.475800;-2.8181008232
2672764;0;-56.084282;-27.170650;144.135590;-189.812958;108.864647;-148.038452;-2.796170;11.409755;3.313336;-4.286762;-1.564025;-2.8491008232
2672788;0;-56.083897;-27.171156;144.136398;-189.812790;108.864326;-148.037994;-2.938270;12.079235;3.254750;-4.212850;-1.461500;-2.8157128232
2672812;0;-56.083328;-27.171156;144.136383;-189.812744;108.864258;-148.037476;-3.019330;11.905670;2.983636;-4.115100;-1.387587;-2.8729378232
2672836;0;-56.082844;-27.170639;144.136093;-189.812683;108.864204;-148.037140;-3.180500;10.108945;2.410064;-4.105562;-1.332750;-2.8800878232
2672860;0;-56.082283;-27.152754;144.126495;-189.812653;108.865288;-148.037109;-3.285405;6.278990;-0.702993;-3.926750;-0.035763;-2.8777008232
2672884;0;-56.081680;-27.097559;144.096069;-189.813019;108.879875;-148.037766;-3.281590;3.933905;-1.005443;-3.159038;3.814687;-2.60591208232
2672908;0;-56.081261;-26.988234;144.040512;-189.813995;108.932487;-148.038895;-3.328320;2.671240;-1.628057;-1.573562;5.483625;-1.96456308232
2672932;0;-56.080845;-26.811310;143.955887;-189.815948;109.025322;-148.042084;-3.398895;1.274105;-2.072193;0.720012;6.034362;-0.932213308232
2672956;0;-56.080482;-26.569324;143.840073;-189.820267;109.154823;-148.053284;-3.428455;1.324650;-2.573557;3.294938;6.513587;-0.057213308232
2672980;0;-56.080196;-26.281693;143.698608;-189.828751;109.310349;-148.081146;-3.485675;2.402305;-2.217971;4.773138;6.155962;0.2694133308232
2673004;0;-56.079922;-25.971054;143.546799;-189.840210;109.473534;-148.109406;-3.526685;4.594800;-1.832414;5.037775;5.817412;0.9727373308232
2673028;0;-56.079678;-25.656120;143.393402;-189.852158;109.634773;-148.137878;-3.499980;4.105565;-1.664843;5.064000;5.207050;1.5974003308232
2673052;0;-56.079502;-25.343250;143.239944;-189.863495;109.792412;-148.168228;-3.563880;4.529950;-1.749307;5.230900;5.831713;1.9478753308232
2673076;0;-56.079338;-25.031008;143.085617;-189.874420;109.947083;-148.199646;-3.582950;4.995345;-1.805164;5.383487;5.726812;2.2435123308232
2673100;0;-56.079197;-24.721556;142.930466;-189.884811;110.100533;-148.230759;-3.588675;4.253385;-1.659393;5.676737;5.631437;2.6059123308232
2673124;0;-56.079052;-24.413477;142.774445;-189.894806;110.251190;-148.263855;-3.614425;4.665370;-1.694814;6.058212;6.010525;2.7203503308232
2673148;0;-56.078911;-24.106871;142.618057;-189.904724;110.398445;-148.297791;-3.603935;4.540440;-1.764293;6.313313;5.931850;2.6607503308232
2673172;0;-56.078777;-23.801924;142.461105;-189.914352;110.544876;-148.330673;-3.653525;5.367275;-1.799714;6.697175;5.795950;2.5916003308232
2673196;0;-56.078712;-23.499470;142.303314;-189.924240;110.688393;-148.359970;-3.606795;4.536625;-1.765657;6.823537;4.491800;2.6893503308232
2673220;0;-56.078625;-23.198643;142.144470;-189.933884;110.828651;-148.388031;-3.676410;4.892345;-1.621243;7.095325;4.827975;2.7132003308232
2673244;0;-56.078560;-22.898727;141.984695;-189.943893;110.965393;-148.414063;-3.636360;4.982945;-1.535414;6.966587;5.590912;2.8753253308232
2673268;0;-56.078491;-22.600700;141.825333;-189.953613;111.102066;-148.438614;-3.647800;5.243300;-1.722057;6.914137;5.326262;3.0708253308232
2673292;0;-56.078438;-22.304180;141.665436;-189.963196;111.235718;-148.464447;-3.606795;4.936215;-1.688000;6.859300;5.285738;3.1638133308232
2673316;0;-56.078392;-22.009922;141.504517;-189.972702;111.367226;-148.489960;-3.672595;5.176540;-1.892357;6.728163;5.185600;3.2114883308232
2673340;0;-56.078362;-21.717016;141.342545;-189.981659;111.494865;-148.518875;-3.673550;5.051610;-1.719336;6.864063;6.017675;3.0684373308232
2673364;0;-56.078327;-21.425098;141.180359;-189.990799;111.623215;-148.549225;-3.670690;5.601880;-1.737043;6.747238;5.612362;2.7322753308232
2673388;0;-56.078274;-21.135344;141.018066;-189.999542;111.749672;-148.577164;-3.666875;5.152700;-2.102164;6.806849;4.613388;2.5272253308232
2673412;0;-56.078239;-20.847084;140.854279;-190.008163;111.873016;-148.600861;-3.631590;5.233760;-1.730236;6.868838;4.434575;2.4414003308232
2673436;0;-56.078217;-20.560627;140.690247;-190.016830;111.992050;-148.623367;-3.650665;5.270955;-1.720700;6.835450;5.781650;2.4223253308232
2673460;0;-56.078217;-20.274883;140.524658;-190.025146;112.112190;-148.643661;-3.638265;5.342480;-1.613071;7.038113;5.133150;2.4580873308232
2673484;0;-56.078197;-19.991283;140.359695;-190.033859;112.227966;-148.663040;-3.629680;5.555150;-1.660750;6.899825;5.445475;2.5606133308232
2673508;0;-56.078152;-19.709011;140.194199;-190.042313;112.342613;-148.682709;-3.647800;5.382535;-1.734321;6.873600;5.307188;2.7370373308232
2673532;0;-56.078163;-19.427805;140.027878;-190.050674;112.455276;-148.702972;-3.583905;5.378720;-1.773829;6.759162;5.180825;2.8228753308232
2673556;0;-56.078175;-19.148521;139.860703;-190.059113;112.565895;-148.721130;-3.588675;5.680080;-1.550400;6.651875;4.918575;3.1518883308232
2673580;0;-56.078163;-18.870909;139.693161;-190.067245;112.674988;-148.742355;-3.601070;5.643840;-1.644400;6.630413;5.183212;3.2043383308232
2673604;0;-56.078140;-18.594086;139.525879;-190.075562;112.781944;-148.762329;-3.584860;5.643840;-1.967293;6.296625;4.842275;3.3044753308232
2673628;0;-56.078129;-18.318626;139.357056;-190.083450;112.886429;-148.783234;-3.566740;6.083485;-1.784729;6.289474;5.128375;3.3068623308232
2673652;0;-56.078140;-18.045033;139.187119;-190.091110;112.989128;-148.805832;-3.541945;5.970950;-1.495900;6.277550;5.505075;3.2687123308232
2673676;0;-56.078129;-17.772978;139.017761;-190.098938;113.089973;-148.826981;-3.565785;5.470275;-1.702986;6.010525;5.323875;3.1661883308232
2673700;0;-56.078129;-17.501759;138.847946;-190.106033;113.189919;-148.847534;-3.545760;5.664825;-1.850121;6.308550;5.481237;3.1280503308232
2673724;0;-56.078129;-17.232220;138.677414;-190.113388;113.287506;-148.867065;-3.525730;5.790710;-1.745221;6.361000;5.292888;3.0732133308232
2673748;0;-56.078110;-16.964012;138.506226;-190.120682;113.383331;-148.885635;-3.520010;5.926130;-1.758843;6.380075;5.424013;3.1661883308232
2673772;0;-56.078110;-16.696735;138.334091;-190.127625;113.477509;-148.902817;-3.486630;5.973815;-1.604893;6.475438;5.214212;3.2281883308232
2673796;0;-56.078117;-16.430735;138.162476;-190.134888;113.568176;-148.919586;-3.468510;6.078720;-2.091271;6.499288;5.724425;3.2663253308232
2673820;0;-56.078117;-16.166899;137.989578;-190.141815;113.660812;-148.937134;-3.461835;5.777355;-1.734321;6.580350;4.425038;3.3497753308232
2673844;0;-56.078110;-15.903512;137.816162;-190.148834;113.748108;-148.953995;-3.423690;6.278035;-1.798357;6.568425;5.006788;3.3640753308232
2673868;0;-56.078117;-15.641477;137.641373;-190.155838;113.834717;-148.970352;-3.387450;6.157875;-1.485007;6.594650;4.730212;3.4356003308232
2673892;0;-56.078129;-15.380859;137.467621;-190.162552;113.918793;-148.988693;-3.356930;5.879400;-1.765657;6.630413;5.455013;3.4165383308232
2673916;0;-56.078129;-15.121527;137.292938;-190.169373;114.002563;-149.007523;-3.372190;5.492210;-1.648493;6.408688;5.347725;3.2258003308232
2673940;0;-56.078129;-14.863173;137.118042;-190.175797;114.082611;-149.027039;-3.350255;5.844115;-1.787457;6.523125;6.051063;3.0732133308232
2673964;0;-56.078110;-14.605961;136.941849;-190.181992;114.164658;-149.046539;-3.307340;6.238935;-1.715250;6.713863;4.720687;2.7441873308232
2673988;0;-56.078129;-14.350595;136.765945;-190.188385;114.242897;-149.063278;-3.310200;6.079670;-1.839229;6.675713;5.156988;2.6059123308232
2674012;0;-56.078140;-14.095887;136.589493;-190.194687;114.318649;-149.078705;-3.272055;6.422040;-1.787457;6.732938;5.700587;2.5105383308232
2674036;0;-56.078140;-13.842103;136.411850;-190.200455;114.394783;-149.093506;-3.266330;6.560325;-1.722057;6.904600;5.304812;2.3412623308232
2674060;0;-56.078140;-13.589725;136.233627;-190.206711;114.468849;-149.109253;-3.211020;6.386755;-1.547671;6.792538;4.820813;2.1600633308232
2674084;0;-56.078140;-13.339116;136.055939;-190.212631;114.539780;-149.124817;-3.219600;5.827900;-1.788814;6.999963;5.435938;1.8906503308232
2674108;0;-56.078140;-13.088825;135.878143;-190.218552;114.608276;-149.136841;-3.186225;6.200790;-1.765657;6.835450;6.155962;1.9121123308232
2674132;0;-56.078152;-12.839787;135.698914;-190.224518;114.679207;-149.148376;-3.172870;6.337165;-1.851486;6.778237;4.789825;1.9073373308232
2674156;0;-56.078163;-12.591870;135.519424;-190.230164;114.746681;-149.160553;-3.138540;6.298065;-1.743857;6.728163;5.388250;1.8429753308232
2674180;0;-56.078140;-12.345150;135.339188;-190.235962;114.812164;-149.172531;-3.094670;6.316180;-1.724786;6.520738;5.226125;1.8262753308232
2674204;0;-56.078163;-12.099441;135.159714;-190.241699;114.876823;-149.182877;-3.067970;6.520270;-2.002714;6.356238;4.856575;1.9311883308232
2674228;0;-56.078163;-11.854610;134.978180;-190.246979;114.938995;-149.193024;-3.043170;6.761550;-1.720700;6.339550;5.519388;2.0122503308232
2674252;0;-56.078186;-11.611297;134.796417;-190.252182;115.000778;-149.204376;-3.069875;6.597515;-1.724786;6.105887;4.932875;2.0766253308232
2674276;0;-56.078186;-11.369235;134.614548;-190.257416;115.060295;-149.215195;-2.991675;6.457325;-1.659393;5.972375;5.311963;2.2220503308232
2674300;0;-56.078175;-11.127371;134.432785;-190.262299;115.117729;-149.225876;-2.961155;6.713865;-1.739771;5.986688;5.552763;2.2220503308232
2674324;0;-56.078197;-10.886704;134.250046;-190.267059;115.174835;-149.237030;-2.900120;6.857870;-1.764293;5.919925;5.295275;2.3174253308232
2674348;0;-56.078217;-10.647114;134.066986;-190.271866;115.232613;-149.247696;-2.898215;6.858825;-1.752036;5.800713;4.587162;2.3651003308232
2674372;0;-56.078197;-10.408985;133.883606;-190.276352;115.285225;-149.257660;-2.884860;6.833075;-1.937314;5.805488;5.168912;2.4008753308232
2674396;0;-56.078197;-10.171362;133.700287;-190.280792;115.337448;-149.268692;-2.831455;6.821630;-1.844679;5.750650;5.266662;2.4056383308232
2674420;0;-56.078239;-9.935046;133.515259;-190.285187;115.388496;-149.280014;-2.807615;6.786345;-1.737043;5.705350;5.321500;2.43663783308232
