# Temp Start [C] | A1:321.0 | A2:325.0 | A3:314.0 | A4:317.0 | A5:313.0 | A6:312.0
Time;Label;A1;A2;A3;A4;A5;A6;Cur1;Cur2;Cur3;Cur4;Cur5;Cur6
14107295;0;0.625990;-89.518433;90.283600;4.940098;90.483208;-143.840912;-2.422330;0.463485;-7.595328;-3.032675;-1.101488;-0.016688
14107319;0;0.609994;-89.519196;90.319252;4.922974;90.484879;-143.839020;8.121490;2.980230;5.130764;10.509487;0.593650;-0.693788688
14107343;0;0.507865;-89.545059;90.573654;4.462097;90.547638;-143.740738;19.603725;9.923930;17.589836;29.902449;6.237025;-6.8569138
14107367;0;0.230713;-89.652840;91.336456;2.794946;90.793571;-143.168488;29.681206;12.987135;29.168808;49.417011;11.239050;-8.904925
14107391;0;-0.295499;-89.871437;92.808731;-0.532097;91.300797;-141.970535;31.822199;14.760969;32.668793;59.490196;10.232924;-9.953975
14107415;0;-1.098314;-90.210907;95.030090;-5.607947;92.064636;-140.162415;29.758450;15.893934;35.104748;60.608376;14.510150;-11.293887
14107439;0;-2.131512;-90.656281;97.920975;-12.281258;93.077705;-137.772171;23.074150;15.014646;28.358185;54.187763;11.382100;-11.491775
14107463;0;-3.307775;-91.156731;101.208435;-19.878542;94.228455;-135.042786;16.697880;13.541220;19.670208;43.110840;10.015963;-10.719288
14107487;0;-4.545791;-91.670471;104.631897;-27.735725;95.417732;-132.214752;12.396811;12.812610;15.303743;40.061462;8.525837;-9.74655088
14107511;0;-5.794135;-92.185936;108.081543;-35.624268;96.609352;-129.389572;11.241910;12.467380;15.895021;37.562840;9.071825;-9.77753788
14107535;0;-7.040819;-92.702080;111.535393;-43.511806;97.801682;-126.577469;12.184140;11.962890;17.032621;38.194649;8.509151;-9.71554988
14107559;0;-8.288064;-93.216774;114.990196;-51.398937;98.994339;-123.766190;11.872290;12.152670;17.957685;38.766850;7.438650;-9.56057588
14107583;0;-9.524993;-93.728065;118.420914;-59.254951;100.181236;-120.952782;7.559775;10.607715;10.386871;34.062851;8.080000;-9.20056288
14107607;0;-10.680996;-94.204086;121.632484;-66.685387;101.306015;-118.275940;0.164030;4.544255;-2.158029;20.804401;4.098413;-7.17638788
14107631;0;-11.657043;-94.531715;124.319321;-72.890991;102.245064;-116.045212;-7.078170;-9.082789;-9.147093;8.835788;3.111350;-4.5990888
14107655;0;-12.379054;-94.550369;126.302422;-77.424286;102.936592;-114.414574;-10.126110;-31.118389;-13.328278;1.599788;-1.313675;-3.285400
14107679;0;-12.819408;-94.110062;127.530914;-80.217033;103.354988;-113.408104;-8.199690;-53.851128;-13.427729;-6.124962;-0.441063;-1.738063
14107703;0;-13.020678;-93.035789;128.094818;-81.412300;103.531532;-112.986160;-4.221915;-66.261292;-8.013586;-4.520412;0.994200;-1.24931363
14107727;0;-13.078422;-91.238564;128.263168;-81.669548;103.568512;-112.915993;-0.913615;-69.231987;-2.284729;2.336500;1.840587;-2.145762363
14107751;0;-13.080201;-88.778526;128.265686;-81.693474;103.572044;-112.914635;1.885410;-63.660622;-1.971379;5.350112;1.895425;-2.0480122363
14107775;0;-13.080036;-85.754227;128.242249;-81.695122;103.571945;-112.914963;1.922605;-48.517223;-1.305164;4.706375;1.790513;-1.6713132363
14107799;0;-13.080531;-82.344772;128.233704;-81.694458;103.571671;-112.915932;1.997945;-36.773678;-2.486364;3.809925;1.814363;-1.2278502363
14107823;0;-13.080707;-78.726898;128.224792;-81.694336;103.569839;-112.916451;2.473830;-27.638435;-2.168921;3.221025;2.496238;-0.9036002363
14107847;0;-13.080784;-75.017944;128.226913;-81.694000;103.569954;-112.918282;2.635955;-20.773884;0.009536;2.896775;2.369875;-0.52690002363
14107871;0;-13.081146;-71.280746;128.229691;-81.693954;103.569733;-112.920204;2.770420;-18.033979;1.076286;2.417562;2.882475;-0.27893702363
14107895;0;-13.082047;-67.541298;128.231415;-81.693192;103.569748;-112.923012;2.570150;-17.624855;1.241136;1.995563;2.601138;-0.10012502363
14107919;0;-13.081992;-63.801090;128.232330;-81.692711;103.569984;-112.924568;2.932545;-17.623899;1.885550;1.335137;2.574913;0.002375502363
14107943;0;-13.082102;-60.058895;128.233185;-81.692543;103.569695;-112.926285;2.989765;-15.096660;2.246579;1.087188;3.042212;0.224113502363
14107967;0;-13.082838;-56.317028;128.233856;-81.692566;103.569809;-112.929123;2.578735;-15.108106;2.539493;0.844000;2.686975;0.383850502363
14107991;0;-13.082882;-52.575138;128.234436;-81.692429;103.569977;-112.931885;2.956390;-14.999385;2.986357;0.617500;2.970687;0.376700502363
14108015;0;-13.082882;-48.832394;128.234863;-81.691826;103.569801;-112.936028;2.977370;-12.991905;3.397800;0.412463;3.063675;0.407687502363
14108039;0;-13.083080;-45.090240;128.235413;-81.691254;103.569939;-112.938637;2.920150;-13.387680;3.647121;0.007150;2.913475;0.429150502363
14108063;0;-13.083222;-41.347122;128.235901;-81.691208;103.569939;-112.940353;3.016470;-12.771605;4.024500;-0.231263;3.163813;0.45298702363
14108087;0;-13.083168;-37.603191;128.236313;-81.691330;103.569870;-112.941353;3.015515;-11.493680;4.339214;-0.388613;3.101825;0.50782502363
14108111;0;-13.083288;-33.860622;128.236679;-81.691231;103.569984;-112.941872;3.087995;-11.782644;4.664829;-0.445837;3.156650;0.52212502363
14108135;0;-13.083431;-30.118315;128.236816;-81.690727;103.569931;-112.942513;3.075595;-10.636325;4.569457;-0.691413;3.232950;0.59603802363
14108159;0;-13.083409;-26.392599;128.235001;-81.690231;103.569969;-112.943680;3.137585;-6.360050;2.113064;-0.948900;3.166188;0.581738802363
14108183;0;-13.083387;-22.746906;128.227112;-81.689919;103.570038;-112.944328;3.238675;2.007480;0.282014;-1.082412;3.304475;0.5698128802363
14108207;0;-13.083497;-19.275106;128.216507;-81.689873;103.569916;-112.945190;3.143310;11.275290;-0.288821;-1.037112;3.261562;0.57458802363
14108231;0;-13.083508;-16.095772;128.206207;-81.689682;103.569870;-112.945648;3.197665;23.180004;-0.889636;-0.936975;3.533363;0.56027502363
14108255;0;-13.083497;-13.331613;128.197662;-81.689056;103.569855;-112.946411;3.233905;31.917568;-1.224786;-1.020425;3.573887;0.62942502363
14108279;0;-13.083596;-11.064869;128.196533;-81.689438;103.569740;-112.946693;3.155705;37.578579;-0.464571;-0.391000;3.550050;0.54597502363
14108303;0;-13.083596;-9.338116;128.197067;-81.688988;103.569763;-112.947144;3.005025;41.736599;-0.070843;-1.044263;3.657338;0.591275502363
14108327;0;-13.083772;-8.141496;128.203552;-81.688889;103.569901;-112.947464;3.381725;37.413593;3.175728;-1.001350;3.657338;0.5459755502363
14108351;0;-13.083948;-7.395656;128.213516;-81.688866;103.569954;-112.947990;2.987860;33.098221;3.411429;-1.151550;3.607263;0.5793505502363
14108375;0;-13.083981;-7.001279;128.220474;-81.688583;103.570160;-112.948166;3.018375;26.586529;4.448207;-0.803463;3.681175;0.5292885502363
14108399;0;-13.084002;-6.835726;128.225464;-81.688675;103.570236;-112.948372;3.048895;20.328520;5.848743;-0.991813;3.700250;0.5030625502363
14108423;0;-13.084112;-6.786002;128.229889;-81.688721;103.570480;-112.948959;2.962110;14.146800;5.058557;-1.041888;3.592963;0.5078255502363
14108447;0;-13.084124;-6.785354;128.228638;-81.688744;103.570671;-112.948952;2.973555;11.975285;3.493171;-1.041888;3.492825;0.4196125502363
14108471;0;-13.084112;-6.784728;128.228271;-81.688774;103.570648;-112.949020;2.902980;11.350630;3.464557;-1.075262;3.497600;0.4005375502363
14108495;0;-13.083552;-6.783904;128.227615;-81.707901;103.571388;-112.951202;2.082820;10.560035;3.044943;11.985300;3.926750;0.6985635502363
14108519;0;-13.082685;-6.782575;128.227173;-82.188362;103.591911;-113.016556;0.561710;10.215755;2.611700;28.691288;5.159375;3.7312505502363
14108543;0;-13.081882;-6.780542;128.227264;-83.912186;103.672539;-113.338257;0.205990;10.010715;2.846036;44.634335;5.726812;7.1835505502363
14108567;0;-13.081652;-6.777609;128.227386;-87.318092;103.833382;-114.062981;-0.211715;10.027884;2.871922;52.058685;5.688663;7.035725502363
14108591;0;-13.081113;-6.775895;128.227448;-92.473312;104.075035;-115.144821;-0.363345;9.705540;3.072193;57.303898;6.597038;7.7342885502363
14108615;0;-13.081652;-6.774093;128.227814;-99.222618;104.391754;-116.565376;0.617025;9.573935;3.705700;51.774971;5.798337;7.49826385502363
14108639;0;-13.082366;-6.772665;128.227646;-106.872231;104.749825;-118.178123;1.515385;9.347915;3.520414;40.450089;5.455013;6.9046005502363
14108663;0;-13.082388;-6.771171;128.227386;-114.742599;105.118813;-119.830811;1.577375;9.112355;3.437314;36.244385;5.455013;6.4039135502363
14108687;0;-13.082981;-6.770094;128.227432;-122.620293;105.488388;-121.492844;2.589225;8.971210;3.727500;34.725662;4.663463;7.0214255502363
14108711;0;-13.092374;-6.765908;128.226730;-130.180389;105.840805;-123.081894;9.025570;6.297110;2.591264;15.368450;5.264275;5.0234755502363
14108735;0;-13.166664;-6.724391;128.198975;-136.537201;106.145447;-124.434128;19.708630;4.687305;0.286100;3.345013;4.279613;4.9304885502363
14108759;0;-13.337490;-6.623141;128.134216;-141.305984;106.402245;-125.473907;29.551506;0.840185;-1.678464;-0.851150;3.147125;4.36067502363
14108783;0;-13.693228;-6.421959;128.005447;-144.524689;106.623314;-126.269669;33.541676;-1.482960;-3.521778;-6.079663;4.835125;3.7860752363
14108807;0;-14.293905;-6.077966;127.779129;-146.338348;106.840073;-126.844635;42.883869;-5.469320;-4.354200;-1.430500;4.482263;4.2462252363
14108831;0;-15.176986;-5.564377;127.429916;-147.480392;107.094948;-127.388565;47.542568;-6.971355;-5.798336;12.145038;5.352488;4.4274252363
14108855;0;-16.346624;-4.878380;126.959236;-148.760284;107.426910;-128.078659;44.564243;-5.572315;-6.111686;15.923975;8.423325;4.3249132363
14108879;0;-17.784393;-4.044375;126.383041;-150.304642;107.834946;-128.911835;35.433765;-3.204345;-5.986343;17.147062;6.101125;4.9662502363
14108903;0;-19.412161;-3.099012;125.729607;-152.058090;108.296524;-129.867432;31.455990;-2.117155;-5.656650;16.953938;5.760188;4.6634632363
14108927;0;-21.171589;-2.081437;125.021370;-153.947144;108.794960;-130.886200;24.659155;0.041960;-5.824221;15.549649;5.221363;4.90903832363
14108951;0;-22.998581;-1.020531;124.286263;-155.908676;109.309357;-131.953186;20.893095;3.085135;-4.200250;15.461437;7.331362;4.75645032363
14108975;0;-24.865467;0.053657;123.545532;-157.887009;109.830429;-133.029541;19.023895;2.492900;-4.316057;15.175338;8.602138;4.572863032363
14108999;0;-26.739250;1.130746;122.806770;-159.864120;110.354568;-134.104370;17.245289;2.580640;-5.809236;15.954963;5.958075;4.203312032363
14109023;0;-28.610937;2.209340;122.061859;-161.841629;110.873779;-135.167236;17.641064;3.773685;-4.132129;15.614025;6.749625;4.901875032363
14109047;0;-30.482754;3.287966;121.319450;-163.820740;111.393806;-136.245438;18.010136;3.050800;-3.986357;14.762876;8.559225;4.763600032363
14109071;0;-32.353802;4.366450;120.579918;-165.798386;111.917282;-137.327957;17.693516;2.108570;-4.737036;15.993113;7.047650;3.926750032363
14109095;0;-34.224850;5.446077;119.836395;-167.776917;112.437515;-138.396820;19.106861;2.851485;-4.479543;15.902512;6.003375;4.332063032363
14109119;0;-36.098789;6.524352;119.093643;-169.753647;112.957146;-139.472244;16.856190;2.903935;-4.470007;15.301700;7.023800;4.141325032363
14109143;0;-37.969761;7.604934;118.351440;-171.731857;113.479736;-140.542664;17.180439;3.055570;-3.925050;15.826225;7.219312;4.186625032363
14109167;0;-39.839226;8.683011;117.610168;-173.710526;114.001129;-141.618759;19.232746;1.555440;-4.081722;15.609262;6.470675;4.093637032363
14109191;0;-41.713902;9.762451;116.869194;-175.688446;114.520554;-142.683350;16.530991;2.284045;-5.035400;16.195763;7.038113;4.584787032363
14109215;0;-43.585281;10.843143;116.124542;-177.664612;115.040802;-143.757278;16.510006;3.164290;-3.708429;16.322126;8.912075;4.52756332363
14109239;0;-45.454945;11.921573;115.381805;-179.642944;115.562943;-144.830688;18.406864;1.680370;-4.128043;16.024113;8.461475;4.41312532363
14109263;0;-47.328388;13.000254;114.641838;-181.621536;116.084404;-145.900650;16.821859;1.435275;-4.306514;15.790451;5.879400;5.07116232363
14109287;0;-49.198635;14.081814;113.899338;-183.599869;116.603912;-146.973022;16.798016;2.252575;-4.341943;16.305437;6.792538;4.85420032363
14109311;0;-51.052952;15.153596;113.157402;-185.573059;117.124985;-148.052887;12.391089;3.891940;-3.968643;16.181463;8.127687;4.11510032363
14109335;0;-52.826000;16.186684;112.435272;-187.499146;117.633629;-149.100647;0.470160;8.758540;-2.452300;14.100063;6.046288;4.196163032363
14109359;0;-54.426403;17.121424;111.776451;-189.258011;118.096489;-150.060150;-10.025975;14.407155;-0.979557;12.447825;5.590912;3.492825363
14109383;0;-55.748035;17.887346;111.233528;-190.709976;118.476639;-150.862000;-20.044325;20.065304;0.136236;8.375637;5.919925;1.73806325363
14109407;0;-56.727222;18.441607;110.842911;-191.745285;118.750710;-151.421661;-24.615284;21.876335;2.554478;6.120200;4.029263;1.87635025363
14109431;0;-57.348404;18.785137;110.613640;-192.358719;118.910576;-151.745819;-23.170469;21.515844;1.979550;4.253375;4.763600;2.24351225363
14109455;0;-57.667576;18.953768;110.509850;-192.634308;118.983398;-151.898666;-12.439725;17.404554;3.053114;3.609650;4.978175;1.55686225363
14109479;0;-57.792591;19.014444;110.494354;-192.707474;119.001343;-151.937149;-1.452445;13.504025;3.771100;3.924362;5.633825;1.583087225363
14109503;0;-57.820572;19.021828;110.504211;-192.712067;119.003197;-151.937790;-0.142095;12.069700;4.441393;4.751675;5.671975;1.437663225363
14109527;0;-57.819912;19.021784;110.505150;-192.712112;119.003510;-151.937576;0.325200;11.940001;4.593978;4.289150;5.719650;1.2707623225363
14109551;0;-57.818264;19.023233;110.504234;-192.711945;119.003700;-151.937042;0.702855;10.986325;2.807886;3.769388;5.624288;1.0275753225363
14109575;0;-57.814880;19.017994;110.496666;-192.711304;119.002342;-151.935806;-2.038955;16.021725;0.064029;2.379413;4.010200;0.717637225363
14109599;0;-57.803696;18.998713;110.476898;-192.706543;118.986557;-151.929138;-3.971095;20.204540;-0.282014;-2.431862;-0.777237;0.147813363
14109623;0;-57.783054;18.954954;110.447334;-192.682480;118.923462;-151.909698;-4.744525;22.906300;-0.519064;-5.710113;-2.026550;-0.65087563
14109647;0;-57.753895;18.878214;110.405823;-192.633591;118.809959;-151.858109;-6.175040;22.659300;-1.223421;-6.330012;-1.170625;-0.92743763
14109671;0;-57.714390;18.772131;110.349182;-192.564270;118.655884;-151.790787;-6.494520;21.541595;-0.685279;-5.867475;-2.434250;-1.59025063
14109695;0;-57.665852;18.645391;110.283066;-192.480225;118.467438;-151.707138;-5.237575;19.728661;-0.708443;-3.845688;-1.878737;-2.07423863
14109719;0;-57.614822;18.511303;110.211990;-192.397324;118.267097;-151.624893;-5.764005;19.619940;-0.599450;-5.757800;-1.006125;-2.94923763
14109743;0;-57.562206;18.375271;110.137634;-192.313507;118.066917;-151.530350;-5.272865;20.028111;-0.352857;-5.106925;-1.370900;-2.89677563
14109767;0;-57.508713;18.238327;110.063515;-192.232010;117.865921;-151.437881;-4.362105;19.957539;-0.069479;-6.146425;-1.125325;-2.93970063
14109791;0;-57.456276;18.103216;109.989281;-192.150635;117.665916;-151.348160;-3.990170;20.947454;-0.689364;-5.567063;-1.862038;-3.08275063
14109815;0;-57.405807;17.969007;109.912003;-192.069962;117.465515;-151.250107;-4.593845;21.079060;-0.087193;-5.230900;-1.389975;-2.46523763
14109839;0;-57.355762;17.833920;109.836472;-191.990479;117.265564;-151.168564;-4.406925;20.359035;-0.535414;-4.758825;-1.666538;-2.87055063
14109863;0;-57.304951;17.699217;109.758606;-191.914047;117.065155;-151.085648;-3.852840;19.556046;-0.382829;-5.242813;-1.900187;-2.90870063
14109887;0;-57.255371;17.568205;109.680580;-191.838272;116.864433;-150.990799;-3.909110;20.736691;-0.343321;-5.867475;-1.907337;-2.09092563
14109911;0;-57.207413;17.437576;109.602814;-191.761459;116.662575;-150.907120;-3.438945;19.369125;-0.486371;-4.761212;-0.581738;-1.98363863
14109935;0;-57.164566;17.315002;109.528778;-191.691483;116.471748;-150.836853;-3.729820;17.278669;0.359671;-5.431175;-1.301762;-2.369875863
14109959;0;-57.128304;17.212435;109.466797;-191.632156;116.308014;-150.774277;-3.311155;16.602514;0.693457;-5.533688;-0.026225;-2.367487863
14109983;0;-57.100727;17.139198;109.421486;-191.588120;116.187424;-150.726074;-3.223415;18.546101;0.923700;-5.092613;1.008500;-2.2649757863
14110007;0;-57.083817;17.092979;109.395462;-191.561630;116.115250;-150.701355;-2.683635;17.601009;0.933236;-5.459775;-0.014300;-2.577300863
14110031;0;-57.077808;17.071424;109.386803;-191.550003;116.084663;-150.691483;-3.128050;18.493649;1.132143;-5.512238;-0.455375;-2.751350863
14110055;0;-57.077183;17.067810;109.388290;-191.547562;116.078964;-150.688614;-3.801345;19.231794;2.529957;-5.562300;-0.765312;-2.760875863
14110079;0;-57.077217;17.068151;109.389442;-191.547012;116.078278;-150.687225;-3.551480;18.582340;2.961836;-5.445475;-0.774850;-2.737037863
14110103;0;-57.076733;17.068018;109.389366;-191.546768;116.077942;-150.686234;-3.697395;19.071575;2.603529;-5.393025;-0.779625;-2.715587863
14110127;0;-57.075050;17.064262;109.387070;-191.546539;116.077263;-150.685333;-4.623410;21.799084;0.472743;-5.486000;-1.034725;-2.760875863
14110151;0;-57.067184;17.047453;109.374458;-191.543533;116.065674;-150.682617;-6.162640;24.993895;-1.784729;-6.589887;-1.602162;-3.04221263
14110175;0;-57.050926;17.010065;109.348404;-191.527954;116.019455;-150.670410;-6.320950;24.779316;-1.260207;-6.868838;-1.289837;-3.48328863
14110199;0;-57.027248;16.943577;109.311951;-191.495346;115.931862;-150.636124;-5.971905;23.285864;-1.640314;-6.380075;-2.205363;-3.50951263
14110223;0;-56.995838;16.852478;109.260452;-191.448563;115.799133;-150.584106;-6.307600;23.659704;-1.228871;-6.859300;-2.048012;-3.57627563
14110247;0;-56.957893;16.739243;109.197762;-191.386612;115.625252;-150.512665;-5.977630;23.117065;-1.261571;-5.879400;-0.944137;-3.22580063
14110271;0;-56.915047;16.609613;109.127174;-191.319016;115.430923;-150.424194;-5.392070;20.677565;-0.944136;-6.444450;-1.323213;-2.12192563
14110295;0;-56.869202;16.473824;109.052521;-191.248444;115.231155;-150.343094;-4.653930;19.030569;-0.517707;-5.204675;-1.688000;-1.59740063
14110319;0;-56.823925;16.341087;108.976730;-191.181717;115.030403;-150.276031;-4.448890;19.903179;-0.122614;-5.946150;-1.766675;-1.88827563
14110343;0;-56.779739;16.209734;108.901375;-191.115326;114.829437;-150.205826;-4.681585;20.615574;-0.630786;-6.370538;-1.180162;-1.78097563
14110367;0;-56.735706;16.078096;108.825348;-191.047821;114.628311;-150.134460;-4.628180;20.800591;-0.596721;-5.531300;-1.082412;-1.61647563
14110391;0;-56.691860;15.945831;108.748489;-190.982178;114.428413;-150.073212;-4.616735;20.563126;-0.731600;-5.376338;-1.244538;-2.21013763
14110415;0;-56.648132;15.814347;108.670410;-190.917664;114.227890;-150.009918;-4.066465;20.219799;-0.852857;-5.788800;-0.934600;-2.62021363
14110439;0;-56.605034;15.684598;108.591858;-190.853989;114.026413;-149.936523;-3.887175;20.853039;-0.930507;-5.605213;-0.519750;-2.22205063
14110463;0;-56.562935;15.556091;108.511406;-190.791290;113.826149;-149.861481;-4.284855;20.778654;-0.579014;-5.970000;-1.277912;-1.91211263
14110487;0;-56.520935;15.428288;108.430840;-190.727982;113.624649;-149.796082;-4.183765;21.186825;-0.807893;-5.400175;-1.289837;-2.12668863
14110511;0;-56.479286;15.299989;108.350082;-190.666718;113.422173;-149.731583;-4.260060;20.469666;-0.871929;-5.741113;-1.342287;-2.29835063
14110535;0;-56.438492;15.171976;108.267662;-190.606003;113.219383;-149.662094;-4.615780;20.162579;-0.508171;-5.760188;-0.505437;-2.13145063
14110559;0;-56.397526;15.044733;108.185051;-190.544540;113.016853;-149.592911;-4.580495;19.934650;-0.798357;-5.097387;-0.250338;-1.86442563
14110583;0;-56.356789;14.918818;108.102516;-190.484802;112.816566;-149.529251;-4.538535;20.038601;-1.001357;-5.011550;-1.301762;-1.95026363
14110607;0;-56.316971;14.793541;108.018219;-190.425385;112.614952;-149.468491;-4.970550;20.133970;-0.765657;-4.611012;-1.802438;-2.13861363
14110631;0;-56.278610;14.672757;107.935150;-190.369141;112.413345;-149.406448;-4.807470;19.786831;-0.604900;-5.354875;-1.318450;-2.16245063
14110655;0;-56.244133;14.562422;107.858994;-190.315231;112.227051;-149.348755;-4.273410;17.820354;-0.194821;-4.727838;-1.351825;-2.26258863
14110679;0;-56.215988;14.472521;107.795486;-190.273453;112.074486;-149.307449;-4.292485;18.054005;0.843314;-5.273813;-0.503062;-2.739425863
14110703;0;-56.196167;14.408734;107.752579;-190.242691;111.965683;-149.277344;-4.295345;18.239019;0.670293;-4.703988;0.641338;-3.0040635863
14110727;0;-56.185684;14.373831;107.729439;-190.224503;111.904099;-149.258011;-4.178045;18.903728;0.690729;-4.251000;-0.021450;-3.080363863
14110751;0;-56.182873;14.358384;107.725365;-190.218292;111.882141;-149.249115;-4.464145;18.957134;1.380100;-4.153250;-0.200263;-3.125662863
14110775;0;-56.182423;14.356945;107.727097;-190.217316;111.879311;-149.245667;-4.605290;18.724440;2.687993;-3.998275;-0.410075;-3.147125863
14110799;0;-56.182247;14.357033;107.727631;-190.217148;111.879044;-149.244217;-4.859920;18.831249;2.844671;-3.900525;-0.414837;-3.187650863
14110823;0;-56.181557;14.356856;107.727547;-190.217117;111.878990;-149.243423;-5.063055;19.276615;2.482271;-3.752700;-0.348087;-3.225800863
14110847;0;-56.181038;14.356593;107.727356;-190.217117;111.878967;-149.242767;-5.322455;19.563671;2.123964;-3.609650;-0.345700;-3.261562863
14110871;0;-56.180389;14.356175;107.727097;-190.217194;111.878990;-149.242249;-5.423545;19.873615;1.858300;-3.452300;-0.309938;-3.299712863
14110895;0;-56.179653;14.355747;107.726807;-190.217194;111.878922;-149.241592;-5.516050;20.074841;1.475464;-3.325937;-0.269413;-3.323550863
14110919;0;-56.179115;14.355242;107.726517;-190.217285;111.878922;-149.241196;-5.587575;20.256994;1.258850;-3.204338;-0.181188;-3.380775863
14110943;0;-56.178555;14.354770;107.726166;-190.217331;111.878922;-149.240936;-5.653380;20.429609;0.997264;-3.147125;-0.157350;-3.387925863
14110967;0;-56.178005;14.354330;107.725838;-190.217377;111.878876;-149.240738;-5.657195;20.623205;0.707079;-2.980225;-0.150200;-3.399837863
14110991;0;-56.177555;14.353781;107.725433;-190.217453;111.878922;-149.240341;-5.722045;20.645140;0.483643;-2.851475;-0.112050;-3.447525863
14111015;0;-56.177170;14.353363;107.725067;-190.217422;111.878899;-149.240204;-5.670545;20.799635;0.302450;-2.808563;-0.112050;-3.497600863
14111039;0;-56.176731;14.353253;107.724487;-190.217499;111.878952;-149.239883;-5.787845;20.099636;-0.014986;-2.708425;0.014300;-3.516663863
14111063;0;-56.176018;14.355110;107.720222;-190.217545;111.881676;-149.239868;-6.184575;17.117500;-1.359664;-2.660750;2.541538;-3.533363863
14111087;0;-56.173973;14.360460;107.707245;-190.217575;111.902786;-149.239655;-6.517410;12.781140;-1.177100;-2.806175;5.106925;-3.750312863
14111111;0;-56.170227;14.372655;107.689583;-190.217422;111.960976;-149.237717;-6.791111;9.142875;-1.005443;-3.094662;7.088175;-4.0531132863
14111135;0;-56.164032;14.401263;107.667542;-190.217041;112.073540;-149.232666;-6.924625;8.071895;-1.175743;-3.814687;5.800713;-4.5132632863
14111159;0;-56.155418;14.447351;107.637383;-190.215897;112.241623;-149.221451;-6.799695;7.538795;-1.608979;-4.677763;8.132450;-4.9591002863
14111183;0;-56.144947;14.509918;107.595535;-190.212555;112.472664;-149.190933;-6.721495;8.114810;-1.271107;-5.106925;7.729525;-4.5442502863
14111207;0;-56.133270;14.582593;107.544762;-190.207703;112.750710;-149.153839;-6.486890;7.633205;-0.739779;-5.285738;7.717600;-3.9720502863
14111231;0;-56.121197;14.661585;107.491188;-190.201874;113.048096;-149.120712;-6.348605;9.215350;-0.513621;-5.421638;7.445800;-3.7980002863
14111255;0;-56.109791;14.738203;107.439789;-190.195816;113.339569;-149.089676;-6.194110;10.199545;-0.783371;-5.536075;6.160725;-3.571500863
14111279;0;-56.099983;14.804473;107.394630;-190.190109;113.594414;-149.062729;-6.336210;10.437964;-0.470021;-5.452625;6.299012;-3.390300863
14111303;0;-56.092556;14.854713;107.360245;-190.185623;113.793304;-149.042831;-5.943295;10.067935;-0.411436;-5.786413;5.443088;-3.244875863
14111327;0;-56.088017;14.890573;107.337074;-190.181992;113.930046;-149.029022;-5.926130;10.344505;-0.314707;-5.698200;5.125988;-3.156650863
14111351;0;-56.085720;14.912292;107.324821;-190.179733;114.012207;-149.022171;-5.917545;10.175700;-0.320157;-5.669588;5.376338;-3.142350863
14111375;0;-56.084755;14.921961;107.322075;-190.178314;114.052734;-149.019165;-5.975720;9.556770;0.016343;-5.619525;6.167888;-3.10182550863
14111399;0;-56.084160;14.923125;107.323288;-190.177658;114.067406;-149.018021;-5.883215;9.772300;1.730236;-5.521762;6.525513;-3.12088850863
14111423;0;-56.083885;14.923004;107.324043;-190.177307;114.070267;-149.017776;-5.862235;10.058400;2.299714;-5.393025;6.637563;-3.0303000863
14111447;0;-56.083523;14.923158;107.324043;-190.177109;114.070984;-149.017761;-5.903240;9.657855;2.005436;-5.340575;6.678100;-2.97546300863
14111471;0;-56.083183;14.923520;107.323959;-190.176971;114.071465;-149.017670;-5.942340;9.189605;1.731600;-5.254738;6.620875;-2.93492500863
14111495;0;-56.082779;14.921784;107.327881;-190.176849;114.072021;-149.017715;-6.033895;12.776370;4.128043;-5.145062;6.647100;-2.8705500863
14111519;0;-56.082447;14.910336;107.350311;-190.176895;114.074814;-149.017883;-5.993840;19.944189;6.998600;-4.880425;7.216925;-2.7418120863
14111543;0;-56.082096;14.869072;107.411255;-190.177185;114.086533;-149.018188;-6.010055;24.850845;7.941379;-4.301063;7.956025;-2.4223250863
14111567;0;-56.081757;14.770712;107.534103;-190.177780;114.116241;-149.018570;-5.948065;26.893616;10.167529;-3.230562;7.655612;-2.071850863
14111591;0;-56.081448;14.598764;107.753265;-190.178757;114.169762;-149.020401;-6.015775;29.124254;10.957714;-1.015663;6.985662;-1.320837863
14111615;0;-56.081207;14.335323;108.090332;-190.181320;114.247734;-149.024933;-5.975720;28.617855;12.122558;1.642700;7.233612;-0.3552377863
14111639;0;-56.081009;13.978136;108.553932;-190.187866;114.353065;-149.037781;-5.980490;29.941555;12.276507;3.650187;7.147788;0.16927577863
14111663;0;-56.080811;13.521028;109.141479;-190.198395;114.485168;-149.070892;-5.974765;28.891560;12.899121;4.892337;6.685250;0.29801277863
14111687;0;-56.080669;12.964032;109.849915;-190.212173;114.637398;-149.110870;-5.909915;29.634476;14.223364;5.586138;7.941712;0.15020077863
14111711;0;-56.080482;12.311686;110.681580;-190.228394;114.812752;-149.146301;-5.895610;31.499859;13.926365;6.043900;7.307525;0.53882577863
14111735;0;-56.080307;11.569790;111.618149;-190.246185;115.001099;-149.182892;-5.892750;30.634880;14.527180;5.970000;7.641313;0.95366377863
14111759;0;-56.080162;10.752869;112.635025;-190.264877;115.195580;-149.220322;-5.924220;28.613091;13.832365;5.505075;7.686613;1.30652577863
14111783;0;-56.080097;9.880807;113.700310;-190.282852;115.389709;-149.258453;-5.930900;25.294300;13.953614;5.125988;6.580350;1.645087577863
14111807;0;-56.079811;8.983399;114.794640;-190.299545;115.574333;-149.295319;-5.787845;26.920315;12.134822;5.240438;5.152225;2.050387577863
14111831;0;-56.079689;8.065854;115.882523;-190.313660;115.742905;-149.333740;-5.788800;26.342388;13.385500;6.434912;6.136888;2.114763577863
14111855;0;-56.079659;7.136763;116.966736;-190.327942;115.896706;-149.366623;-5.820270;24.645805;12.452257;5.948538;5.223750;2.295963577863
14111879;0;-56.079472;6.201299;118.040405;-190.340591;116.030960;-149.396057;-5.713460;25.186535;12.156621;5.400175;6.268013;2.391337577863
14111903;0;-56.079391;5.258749;119.102776;-190.350418;116.147987;-149.422363;-5.723950;27.292248;12.788771;6.585112;6.158350;2.498625577863
14111927;0;-56.079350;4.303652;120.159790;-190.360352;116.246964;-149.444565;-5.750655;25.588036;12.521742;6.201262;5.476462;2.558225577863
14111951;0;-56.079216;3.337504;121.205544;-190.368561;116.327972;-149.462601;-5.694385;25.276180;12.054442;5.037775;6.215563;2.632138577863
14111975;0;-56.079117;2.363928;122.241844;-190.373245;116.389030;-149.475998;-5.657195;27.502054;11.775150;6.060600;4.723063;2.717963577863
14111999;0;-56.079098;1.376455;123.270592;-190.377182;116.427505;-149.485016;-5.668640;26.321411;12.425007;6.113050;6.003375;2.825250577863
14112023;0;-56.078953;0.374568;124.289055;-190.379578;116.448105;-149.490509;-5.555150;25.666233;12.336456;5.149837;4.689688;2.815712577863
14112047;0;-56.078876;-0.637767;125.298965;-190.379593;116.447624;-149.491577;-5.560870;27.720451;11.771064;5.066387;2.744187;2.82525077863
14112071;0;-56.078835;-1.666307;126.300003;-190.379120;116.427917;-149.490814;-5.594250;26.132580;12.339178;3.817075;0.495900;2.56298777863
14112095;0;-56.078659;-2.710195;127.291473;-190.377945;116.378807;-149.489304;-5.424495;26.812550;12.390950;1.287450;-1.654612;1.9264127863
14112119;0;-56.078625;-3.769069;128.274185;-190.374908;116.299789;-149.485840;-5.483625;27.699471;11.220657;-1.194475;-0.035763;1.122950863
14112143;0;-56.078568;-4.846256;129.246277;-190.366821;116.196487;-149.470566;-5.470275;27.882576;12.153893;-2.617825;-1.006125;0.514975863
14112167;0;-56.078415;-5.941988;130.208237;-190.355118;116.065788;-149.447922;-5.326270;27.321815;13.059886;-3.912437;-1.873963;0.112050863
14112191;0;-56.078373;-7.056628;131.163864;-190.338547;115.906700;-149.416901;-5.392070;27.856823;11.247907;-3.645413;-2.031325;-0.36716263
14112215;0;-56.078327;-8.192307;132.107452;-190.321777;115.716728;-149.380798;-5.346295;27.609825;11.074879;-5.571837;-2.481925;-0.97512563
14112239;0;-56.078228;-9.349519;133.037842;-190.300568;115.494514;-149.337570;-5.331035;29.101368;12.380050;-4.236687;-1.592625;-1.44481363
14112263;0;-56.078205;-10.531297;133.962021;-190.277786;115.241783;-149.286621;-5.330085;28.880116;11.801036;-5.416862;-3.619187;-1.9431003
14112287;0;-56.078175;-11.737397;134.874893;-190.252899;114.951302;-149.231842;-5.286215;28.288841;11.660707;-5.998600;-2.956388;-2.6011383
14112311;0;-56.078129;-12.987884;135.772232;-190.222824;114.624512;-149.168411;-5.295750;33.570282;11.164800;-3.960125;-3.397463;-3.1924123
14112335;0;-56.078117;-14.330391;136.661743;-190.192230;114.256836;-149.086334;-5.286215;37.022591;10.118479;-4.069800;-1.857275;-3.0899003
14112359;0;-56.078075;-15.795110;137.543625;-190.160583;113.848404;-148.984009;-5.285260;39.042469;10.671614;-4.663463;-3.385537;-2.0527753
14112383;0;-56.078030;-17.399860;138.423325;-190.127579;113.389961;-148.889313;-5.238530;38.979530;10.260172;-5.054462;-2.050387;-1.9907883
14112407;0;-56.078011;-19.137833;139.297028;-190.092178;112.886536;-148.795624;-5.283355;35.467144;11.644358;-6.723400;-3.340238;-2.0384753
14112431;0;-56.077988;-20.954773;140.177643;-190.056137;112.342430;-148.699585;-5.268095;34.235001;11.034007;-5.514612;-2.255438;-2.2268253
14112455;0;-56.077953;-22.820745;141.040665;-190.018646;111.774368;-148.612503;-5.280490;29.685020;9.931835;-6.411075;-4.239075;-3.13758753
14112479;0;-56.077930;-24.694431;141.857925;-189.983475;111.191376;-148.500977;-5.314825;28.629299;8.995872;-5.764950;-2.591600;-2.24590053
14112503;0;-56.077911;-26.564425;142.593948;-189.947021;110.621712;-148.403366;-5.293845;31.642910;5.163465;-5.807875;-3.530975;-2.64643753
14112527;0;-56.077900;-28.438473;143.197769;-189.910294;110.079308;-148.309555;-5.296705;29.607769;4.322864;-6.313313;-2.820487;-3.04460053
14112551;0;-56.077877;-30.311224;143.641418;-189.877716;109.603523;-148.201767;-5.313870;29.370304;2.028600;-5.855550;-1.060962;-2.02178753
14112575;0;-56.077854;-32.182461;143.920410;-189.850052;109.248878;-148.130463;-5.308150;29.773708;1.811979;-7.095325;1.149175;-2.424712753
14112599;0;-56.077824;-34.052013;144.069946;-189.829666;109.018219;-148.081985;-5.285260;29.609680;2.117150;-6.356238;0.114437;-2.794263753
14112623;0;-56.077812;-35.922226;144.126953;-189.817169;108.896164;-148.051453;-5.268095;28.756138;2.141679;-5.135525;0.483987;-2.758500753
14112647;0;-56.077801;-37.792442;144.127808;-189.812515;108.865646;-148.040909;-5.282400;28.844830;0.862393;-6.008137;-0.104900;-2.90393853
14112671;0;-56.077789;-39.664677;144.119263;-189.811844;108.864792;-148.039536;-5.272865;28.476715;0.904621;-5.061625;-0.524512;-2.93731253
14112695;0;-56.077766;-41.535923;144.118301;-189.811310;108.864136;-148.038483;-5.244255;27.885433;0.313350;-4.596700;-0.429150;-2.93492553
14112719;0;-56.077755;-43.407871;144.117767;-189.811386;108.864113;-148.037689;-5.188940;28.152466;0.449586;-4.980563;-0.426762;-2.93492553
14112743;0;-56.077736;-45.281227;144.117691;-189.811462;108.864044;-148.037689;-5.243300;27.350426;0.677107;-4.286762;-0.200263;-2.95876253
14112767;0;-56.077736;-47.151398;144.117920;-189.811310;108.863968;-148.037170;-5.176540;27.086254;0.742500;-4.396438;-0.333775;-3.00645053
14112791;0;-56.077736;-49.023643;144.118164;-189.811676;108.864044;-148.037109;-5.178450;27.386665;0.760214;-4.267687;-0.169275;-3.03745053
14112815;0;-56.077736;-50.896603;144.118134;-189.811478;108.863945;-148.036911;-5.157470;25.999065;1.024514;-3.829000;-0.202650;-2.99691253
14112839;0;-56.077702;-52.767223;144.118591;-189.811722;108.864067;-148.036453;-5.128860;26.467319;1.057214;-4.193775;-0.209800;-3.04936253
14112863;0;-56.077679;-54.639919;144.118774;-189.811813;108.863976;-148.036514;-5.108830;26.242256;1.102171;-3.635875;-0.035763;-3.03506353
14112887;0;-56.077679;-56.512421;144.118988;-189.811676;108.864044;-148.035980;-5.077360;24.639126;1.269743;-3.724087;-0.152587;-3.04936253
14112911;0;-56.077667;-58.382324;144.119736;-189.812057;108.864174;-148.035736;-5.080220;26.047703;1.200264;-3.664488;-0.054825;-3.09228853
14112935;0;-56.077667;-60.256065;144.119873;-189.811798;108.863976;-148.035797;-5.048750;24.807926;1.241136;-3.271100;-0.007150;-3.08751253
14112959;0;-56.077625;-62.127914;144.120438;-189.812027;108.864243;-148.035400;-5.017280;23.928638;1.362386;-3.590575;-0.107287;-3.08751253
14112983;0;-56.077648;-63.998272;144.121414;-189.812195;108.864197;-148.035477;-4.973410;24.926186;1.140321;-3.080363;0.045288;-3.089900253
14113007;0;-56.077637;-65.871452;144.121628;-189.812027;108.864075;-148.035141;-4.956245;23.745535;1.256121;-3.235337;0.000000;-3.111350253
14113031;0;-56.077648;-67.740921;144.122696;-189.812302;108.864395;-148.035080;-4.948615;21.892544;1.709800;-3.118512;-0.016688;-3.11612553
14113055;0;-56.077625;-69.553444;144.137955;-189.812149;108.864273;-148.034943;-4.949565;10.917660;3.168921;-3.042212;0.007150;-3.080363553
14113079;0;-56.076107;-71.149666;144.116699;-189.811966;108.859039;-148.034897;-6.434440;-5.005835;-6.306508;-3.018375;-3.385537;-3.1328133
14113103;0;-56.066681;-72.382202;143.998260;-189.810760;108.773666;-148.034424;-7.668495;-18.751141;-8.514943;-5.602825;-5.505075;-3.199575
14113127;0;-56.048279;-73.134262;143.721115;-189.801544;108.540825;-148.032608;-7.081985;-21.495815;-11.993135;-7.770051;-6.837837;-3.402225
14113151;0;-56.019814;-73.371101;143.243790;-189.779129;108.131836;-148.027100;-6.279944;-29.940605;-14.198843;-8.010862;-7.662763;-3.678787
14113175;0;-55.980209;-73.201500;142.531036;-189.745132;107.523666;-148.015671;-6.415365;-19.111629;-17.792835;-8.363712;-8.418550;-3.719325
14113199;0;-55.930672;-72.793907;141.600067;-189.698212;106.717728;-148.001495;-6.306645;-9.428020;-15.132086;-7.319449;-6.964200;-3.7407885
14113223;0;-55.869411;-72.240379;140.519119;-189.645477;105.781349;-147.981110;-5.069730;-4.433630;-17.163408;-7.174013;-8.387563;-3.5309755
14113247;0;-55.801811;-71.616402;139.293625;-189.588058;104.720932;-147.963669;-5.097385;-7.792470;-17.652508;-8.165825;-7.467262;-3.6549505
14113271;0;-55.727764;-70.919395;137.926392;-189.522537;103.542114;-147.934998;-6.362915;-9.258270;-18.249235;-7.548325;-8.647437;-3.1876505
14113295;0;-55.643631;-70.139763;136.416336;-189.449203;102.239067;-147.902283;-5.309100;-6.183620;-19.142965;-6.711475;-8.625976;-2.5439255
14113319;0;-55.552696;-69.291000;134.779312;-189.370361;100.822456;-147.870880;-4.955290;-4.860875;-18.562586;-6.222713;-8.709425;-2.0503875
14113343;0;-55.457027;-68.398026;133.036896;-189.287720;99.316132;-147.849930;-5.332945;-5.204200;-18.486292;-5.755413;-7.464875;-2.25305075
14113367;0;-55.356976;-67.469536;131.221176;-189.201263;97.749527;-147.825287;-5.002020;-5.897520;-16.929077;-4.937638;-9.741775;-2.29596375
14113391;0;-55.253574;-66.511650;129.367996;-189.113373;96.143837;-147.795654;-4.014965;-1.399990;-18.294193;-5.125988;-6.906975;-2.00032575
14113415;0;-55.149918;-65.548576;127.494965;-189.025787;94.529610;-147.776779;-3.947255;-1.681325;-16.222000;-5.583762;-8.246887;-2.57730075
14113439;0;-55.047382;-64.584045;125.624947;-188.936111;92.914757;-147.752960;-4.730220;-2.203940;-16.262871;-4.420275;-8.008475;-2.82287575
14113463;0;-54.944241;-63.618980;123.753342;-188.846954;91.297333;-147.719559;-4.889485;-0.772475;-18.114357;-3.747937;-6.422987;-2.58206275
14113487;0;-54.840313;-62.656040;121.877388;-188.760284;89.684685;-147.686813;-4.589080;-1.667975;-16.265593;-4.503725;-8.370874;-2.28642575
14113511;0;-54.736492;-61.688572;120.007454;-188.672409;88.067162;-147.663940;-4.631995;-0.706670;-16.531258;-5.092613;-5.965225;-2.68458775
14113535;0;-54.632492;-60.720745;118.135887;-188.584213;86.452255;-147.639923;-4.395480;0.874515;-18.147057;-5.230900;-6.921288;-3.056525775
14113559;0;-54.528728;-59.757549;116.261261;-188.495819;84.838524;-147.605774;-4.329680;-0.526425;-16.678400;-4.730212;-7.023800;-2.67505075
14113583;0;-54.424633;-58.791916;114.391174;-188.407425;83.222527;-147.570694;-4.134175;-0.014305;-16.716543;-5.347725;-7.195462;-2.29120075
14113607;0;-54.320889;-57.824406;112.518745;-188.318756;81.607422;-147.546326;-3.984450;1.567840;-18.029892;-5.414475;-7.123938;-2.617825075
14113631;0;-54.217564;-56.859665;110.645226;-188.230026;79.992363;-147.523224;-4.252430;0.669475;-17.104828;-4.734987;-6.947512;-3.051750075
14113655;0;-54.114468;-55.893505;108.774712;-188.142212;78.377197;-147.493622;-4.980085;1.104350;-16.625265;-5.276200;-7.855888;-2.961150075
14113679;0;-54.010933;-54.927082;106.902374;-188.054459;76.759529;-147.469635;-4.904745;2.190585;-18.546236;-6.349075;-5.826950;-3.452300075
14113703;0;-53.906662;-53.962524;105.028801;-187.965515;75.146225;-147.445740;-4.776000;1.301765;-16.852785;-5.702962;-8.153913;-3.838538075
14113727;0;-53.802292;-52.995914;103.159180;-187.876526;73.529930;-147.412231;-4.369735;2.243040;-17.641607;-5.755413;-7.085800;-3.614425075
14113751;0;-53.697899;-52.028942;101.286232;-187.787628;71.913643;-147.368240;-4.043575;3.228185;-18.117085;-6.191725;-6.809225;-2.734650075
14113775;0;-53.595055;-51.064213;99.413712;-187.699005;70.300850;-147.334564;-4.632945;2.123830;-17.272400;-5.962838;-8.659363;-2.5343870075
14113799;0;-53.492069;-50.097809;97.543068;-187.609818;68.683136;-147.312988;-5.190845;3.139495;-18.070765;-5.130763;-7.028575;-2.9468500075
14113823;0;-53.388027;-49.131233;95.670174;-187.522202;67.068619;-147.284882;-5.023000;3.853795;-17.769672;-6.244175;-8.141988;-2.8562500075
14113847;0;-53.283802;-48.166073;93.797722;-187.433517;65.452843;-147.252167;-4.936215;3.110885;-17.881393;-6.320475;-6.818762;-2.6464370075
14113871;0;-53.180046;-47.199860;91.927094;-187.343979;63.837143;-147.228973;-5.099295;4.018780;-18.262857;-5.514612;-7.565012;-2.9587620075
14113895;0;-53.075962;-46.233280;90.053627;-187.255615;62.221607;-147.208664;-4.808425;4.480360;-17.689293;-5.805488;-6.611338;-3.5810370075
14113919;0;-52.974129;-45.280338;88.193581;-187.168320;60.611320;-147.173706;-3.696440;8.543010;-15.424999;-6.384838;-5.295275;-3.1447370075
14113943;0;-52.885239;-44.415527;86.471443;-187.084625;59.107719;-147.140762;-2.851485;15.583035;-7.938657;-5.080688;-2.021787;-2.7608750075
14113967;0;-52.810005;-43.705711;85.085335;-187.019516;57.903770;-147.123993;-1.791950;22.405621;-4.167550;-5.931850;0.307550;-3.12088850075
14113991;0;-52.756359;-43.198254;84.111603;-186.973495;57.055565;-147.113510;-1.467700;24.516106;-2.701622;-5.931850;1.826275;-3.42606250075
14114015;0;-52.726883;-42.911137;83.540184;-186.946747;56.567516;-147.106674;-2.067565;23.441311;0.998629;-5.869863;3.588187;-3.647800250075
14114039;0;-52.714676;-42.796032;83.338570;-186.938080;56.404636;-147.103516;-2.934455;18.389700;-1.272471;-6.265637;2.064700;-3.68356350075
14114063;0;-52.712940;-42.770939;83.324707;-186.936981;56.391148;-147.101532;-3.458975;14.645575;-4.264286;-6.341925;-0.083437;-3.7217130075
14114087;0;-52.712818;-42.771610;83.328957;-186.936768;56.390205;-147.100235;-4.160880;13.958929;-3.806521;-6.339550;-0.071525;-3.7384000075
14114111;0;-52.708305;-42.772919;83.328773;-186.936508;56.390152;-147.099503;-9.219165;16.974445;-4.224771;-6.403913;-0.009525;-3.7431620075
14114135;0;-52.631237;-42.803471;83.345024;-186.929703;56.391884;-147.099060;-18.524166;25.472641;-1.825600;-7.784362;1.728525;-3.7670120075
14114159;0;-52.431538;-42.905136;83.400360;-186.876175;56.411373;-147.098694;-32.571789;35.387035;-1.997264;-7.266988;6.623262;-3.7479370075
14114183;0;-52.000729;-43.153088;83.518768;-186.730743;56.486740;-147.097382;-45.527454;42.643543;0.051764;-7.162087;9.460438;-3.72647570075
14114207;0;-51.259285;-43.604725;83.738022;-186.453323;56.643772;-147.094574;-56.170456;46.861645;1.534050;-7.023800;10.144700;-3.5500500075
14114231;0;-50.163113;-44.287395;84.087753;-186.027023;56.887524;-147.092087;-57.838432;44.209480;2.558572;-7.734288;11.355875;-3.4093750075
14114255;0;-48.748413;-45.166157;84.551788;-185.465988;57.209137;-147.088531;-47.377586;39.895054;2.173014;-8.060925;11.336800;-3.0755880075
14114279;0;-47.082283;-46.184677;85.088341;-184.817032;57.582783;-147.084824;-28.501511;34.032818;3.277914;-10.590550;6.945125;-2.7513500075
14114303;0;-45.282249;-47.277653;85.656952;-184.120712;57.978420;-147.083389;-18.561359;28.927799;4.671636;-10.690687;7.884500;-2.5773000075
14114327;0;-43.428131;-48.398487;86.238976;-183.409531;58.379333;-147.082443;-15.734670;27.818674;3.106250;-9.880062;8.208750;-2.35318800075
14114351;0;-41.560795;-49.526840;86.821083;-182.696854;58.779766;-147.083313;-17.774580;27.183529;2.767014;-9.968275;8.835788;-2.22682500075
14114375;0;-39.690418;-50.657276;87.402855;-181.984177;59.180660;-147.084229;-17.211910;27.362820;3.414150;-9.989738;7.505413;-2.10761200075
14114399;0;-37.814644;-51.787792;87.987511;-181.271698;59.582180;-147.085190;-14.904020;27.061459;3.155293;-10.061262;5.974762;-2.0003250075
14114423;0;-35.940598;-52.918846;88.568756;-180.560043;59.983425;-147.085602;-14.655110;25.910374;3.971371;-10.516638;6.730550;-1.9454870075
14114447;0;-34.071304;-54.049702;89.153061;-179.847076;60.385902;-147.085464;-15.051840;26.433939;2.580364;-9.901512;6.678100;-1.75237570075
14114471;0;-32.201653;-55.180878;89.735558;-179.134857;60.786442;-147.085953;-17.734524;26.131624;2.826957;-9.968275;8.373250;-1.71422570075
14114495;0;-30.328825;-56.313095;90.318352;-178.421951;61.188511;-147.085693;-15.478129;26.212688;2.931864;-9.665487;7.724750;-1.55448770075
14114519;0;-28.454666;-57.444477;90.903145;-177.709229;61.589329;-147.086807;-14.335629;25.586124;2.986357;-8.537763;7.903575;-1.45673870075
14114543;0;-26.582794;-58.575443;91.485031;-176.998795;61.989483;-147.085846;-15.708920;25.338169;3.746571;-9.462825;7.138250;-1.27553770075
14114567;0;-24.712339;-59.707485;92.069756;-176.285812;62.389599;-147.086655;-15.267370;24.817465;2.013614;-9.250637;8.029938;-1.23738870075
14114591;0;-22.841488;-60.839561;92.652153;-175.572845;62.792583;-147.085968;-16.939159;24.655340;2.644400;-8.318413;6.341925;-1.09910070075
14114615;0;-20.968176;-61.971813;93.234795;-174.861435;63.195736;-147.086731;-15.691755;24.922369;2.712522;-8.349413;5.798337;-1.01566370075
14114639;0;-19.110420;-63.094891;93.819496;-174.151215;63.595123;-147.086395;-10.182380;21.747585;2.596714;-8.714188;7.259838;-0.88691270075
14114663;0;-17.319485;-64.177208;94.387024;-173.458405;63.984589;-147.087463;-4.896160;17.880436;2.697536;-8.823863;7.119175;-0.841612270075
14114687;0;-15.654660;-65.179970;94.915657;-172.816116;64.347267;-147.088104;3.838535;11.632915;1.040864;-8.699887;5.629063;-0.7677002270075
14114711;0;-14.219802;-66.042488;95.370018;-172.260818;64.660919;-147.088638;16.704556;3.699300;0.074929;-10.244838;4.403587;-0.758162270075
14114735;0;-13.111403;-66.693176;95.694992;-171.834534;64.829369;-147.086838;23.260115;0.112530;-3.564014;-7.231225;-1.623625;-1.88350070075
14114759;0;-12.352016;-67.121422;95.821884;-171.567368;64.686569;-147.054245;23.599621;-2.686500;-10.498586;-7.646075;-9.238712;-4.694450075
14114783;0;-11.932998;-67.325989;95.700089;-171.436920;64.153786;-146.888336;14.933584;0.433920;-10.080336;-4.117487;-11.448850;-2.851475075
14114807;0;-11.763040;-67.337448;95.436707;-171.416031;63.204060;-146.658447;9.806630;1.029010;-13.820100;-2.369875;-13.520713;-2.9110885075
14114831;0;-11.743011;-67.250778;95.032196;-171.456833;61.827698;-146.348526;5.107875;1.335140;-13.769692;6.442062;-12.362000;-3.22102585075
14114855;0;-11.779322;-67.106934;94.520973;-171.541626;60.135246;-145.961594;4.408835;4.846570;-13.505385;6.537425;-10.793200;-2.93970085075
14114879;0;-11.836439;-66.932701;93.939468;-171.639832;58.201805;-145.522919;2.613065;5.183215;-14.476771;7.445800;-12.297626;-2.57015085075
14114903;0;-11.893359;-66.742363;93.274727;-171.752304;56.026829;-145.045959;5.556105;2.880095;-14.114378;6.480213;-13.995163;-3.80277585075
14114927;0;-11.958630;-66.528008;92.535995;-171.875961;53.605499;-144.505341;7.509230;2.606390;-14.535357;6.222713;-12.478825;-3.88145085075
14114951;0;-12.034325;-66.287682;91.722176;-172.009674;50.942482;-143.897171;6.044385;3.652570;-15.160693;6.108275;-13.754362;-2.90631285075
14114975;0;-12.120469;-66.022537;90.836609;-172.154160;48.037395;-143.257401;4.202840;4.262920;-16.157965;6.623262;-15.199176;-4.03403885075
14114999;0;-12.210557;-65.736572;89.875488;-172.311386;44.889282;-142.540863;3.788945;4.139900;-17.016272;6.508825;-15.478126;-3.06367585075
14115023;0;-12.303435;-65.430321;88.837006;-172.480530;41.501122;-141.786423;5.718230;3.927230;-16.382757;6.370538;-14.698500;-3.82422585075
14115047;0;-12.402872;-65.105103;87.733818;-172.659348;37.893219;-140.978043;6.035800;4.123685;-17.159323;7.128713;-15.931125;-3.87191285075
14115071;0;-12.509495;-64.765259;86.576912;-172.846497;34.110760;-140.125320;5.456920;3.908155;-16.171585;6.864063;-14.722337;-3.30923785075
14115095;0;-12.620666;-64.413063;85.383850;-173.039276;30.214390;-139.257431;4.372595;4.893300;-16.434528;7.171625;-14.586438;-4.33921285075
14115119;0;-12.730946;-64.053322;84.174599;-173.235886;26.254658;-138.361420;5.081175;5.475040;-16.291479;6.558887;-13.332362;-3.33070085075
14115143;0;-12.841633;-63.692513;82.955200;-173.433609;22.276575;-137.471390;5.725860;5.741115;-15.776493;5.521762;-12.934200;-3.65256385075
14115167;0;-12.953211;-63.333851;81.738907;-173.629791;18.299650;-136.579407;5.841255;4.878040;-16.764229;6.184575;-14.569751;-3.66448885075
14115191;0;-13.066512;-62.975876;80.516731;-173.826645;14.323049;-135.690735;4.890440;4.607200;-15.715186;6.291862;-12.395375;-3.99827585075
14115215;0;-13.179012;-62.614643;79.298592;-174.022964;10.344126;-134.789917;4.647250;5.691525;-16.614365;6.961813;-13.353813;-3.11135085075
14115239;0;-13.290458;-62.251141;78.080887;-174.219467;6.366508;-133.896057;5.103110;6.625175;-16.036715;7.364737;-13.918875;-3.001688085075
14115263;0;-13.401288;-61.890469;76.860855;-174.416656;2.390128;-133.010620;5.633350;6.206510;-16.083036;6.566037;-13.108251;-3.774162085075
14115287;0;-13.513974;-61.531181;75.642738;-174.613831;-1.589458;-132.114273;4.928585;5.901335;-16.532621;6.759162;-11.897076;-3.30208885075
14115311;0;-13.626804;-61.171589;74.421120;-174.810272;-5.565269;-131.220154;4.577635;5.556105;-15.753336;6.861675;-15.547276;-3.19003885075
14115335;0;-13.738887;-60.809467;73.204430;-175.008118;-9.543712;-130.327423;4.607200;6.505965;-17.058506;5.366800;-12.621875;-3.23295085075
14115359;0;-13.850420;-60.448746;71.984840;-175.204330;-13.522444;-129.444275;4.920005;6.195065;-16.298292;5.984300;-13.425350;-3.9720505075
14115383;0;-13.961712;-60.088833;70.765442;-175.400818;-17.499870;-128.542496;5.032535;6.422995;-16.591208;6.146425;-13.923637;-3.2806385075
14115407;0;-14.073586;-59.727974;69.546776;-175.596771;-21.476894;-127.655327;5.056380;6.598470;-16.078943;6.978500;-14.290801;-3.5953505075
14115431;0;-14.186195;-59.366085;68.326271;-175.792709;-25.455727;-126.765312;4.686355;7.133480;-16.272408;7.443425;-12.390613;-4.0030375075
14115455;0;-14.299014;-59.005096;67.110191;-175.989319;-29.434692;-125.875389;4.224775;6.814000;-16.895021;7.438650;-14.910687;-4.0054255075
14115479;0;-14.410558;-58.645283;65.887810;-176.186447;-33.409386;-124.977570;4.578590;6.717680;-16.212458;7.526863;-14.221663;-3.7717755075
14115503;0;-14.521948;-58.284042;64.671188;-176.383209;-37.389870;-124.088226;4.984855;6.911275;-17.211094;7.486338;-13.158313;-4.0268875075
14115527;0;-14.633614;-57.922371;63.451122;-176.581741;-41.366638;-123.194412;4.930495;7.370945;-16.286030;5.953300;-15.170563;-3.8146875075
14115551;0;-14.745674;-57.562263;62.232132;-176.778641;-45.344398;-122.301033;4.767415;7.266040;-16.490387;6.163113;-14.626975;-3.7646255075
14115575;0;-14.857624;-57.202648;61.012970;-176.975510;-49.322517;-121.407005;4.740715;7.023810;-16.155243;5.736350;-13.420574;-3.4880625075
14115599;0;-14.969949;-56.841835;59.792980;-177.171478;-53.300938;-120.522583;4.507060;7.317540;-16.414093;6.639950;-15.206326;-4.4584255075
14115623;0;-15.081745;-56.478989;58.576618;-177.368149;-57.277805;-119.621513;4.468915;7.974620;-17.073492;6.330012;-15.037049;-3.3330885075
14115647;0;-15.193707;-56.118690;57.356037;-177.564850;-61.256027;-118.733353;4.419325;7.275580;-16.226086;6.470675;-13.976089;-3.8957505075
14115671;0;-15.305812;-55.758438;56.137512;-177.761200;-65.234802;-117.846848;4.345890;7.575035;-16.927715;6.921288;-15.082351;-4.2343135075
14115695;0;-15.417455;-55.397659;54.917667;-177.957169;-69.211227;-116.952995;4.353520;7.529255;-16.126629;7.333750;-16.012188;-4.1317885075
14115719;0;-15.528735;-55.035801;53.698833;-178.155594;-73.189758;-116.052963;4.858970;8.424755;-16.618450;5.500312;-14.555449;-3.4666005075
14115743;0;-15.640719;-54.675812;52.480141;-178.352219;-77.169395;-115.160629;4.714010;7.595060;-15.956328;5.855550;-15.020363;-3.5095125075
14115767;0;-15.753208;-54.316395;51.259933;-178.548706;-81.145088;-114.274948;4.565235;7.429120;-16.374584;5.669588;-16.593925;-4.3702135075
14115791;0;-15.864610;-53.955307;50.043934;-178.744843;-85.122711;-113.375275;4.036900;8.125305;-16.416821;6.172650;-13.518325;-3.6239505075
14115815;0;-15.968254;-53.610920;48.874416;-178.935837;-88.976082;-112.503242;4.178045;12.005805;-9.805129;5.869863;-6.494513;-2.57491305075
14115839;0;-16.068527;-53.343105;47.921715;-179.099091;-92.175110;-111.812759;3.733630;14.771460;-5.786071;5.962838;0.884525;-1.776212305075
14115863;0;-16.157637;-53.176727;47.279190;-179.225204;-94.473541;-111.442108;3.537175;15.264509;-3.873279;4.377363;3.015988;-0.660412305075
14115887;0;-16.236946;-53.120590;46.946877;-179.307281;-95.873016;-111.392273;3.620145;19.548414;-0.809257;5.085463;6.332388;-0.355237305075
14115911;0;-16.310478;-53.179100;46.958149;-179.351852;-96.393143;-111.564354;5.077360;21.549221;2.170286;5.147450;4.568088;5.52892537305075
14115935;0;-16.382374;-53.284813;47.143497;-179.371613;-96.380707;-112.035728;4.661560;21.691319;-2.336500;6.248950;1.850125;4.9662507305075
14115959;0;-16.453905;-53.411629;47.344604;-179.387894;-96.296249;-112.596001;5.743025;20.826336;-0.092636;6.837837;1.037112;3.1661887305075
14115983;0;-16.533600;-53.547188;47.563770;-179.409225;-96.202942;-113.135788;5.796430;23.037910;-1.196179;6.320475;2.222050;4.1580127305075
14116007;0;-16.619997;-53.698273;47.802776;-179.433304;-96.096291;-113.743073;5.707740;23.228645;-0.565386;6.558887;1.237388;4.3034507305075
14116031;0;-16.716005;-53.867569;48.069469;-179.458893;-95.980286;-114.401123;6.126400;21.615025;-0.320157;7.064337;2.207750;5.4860007305075
14116055;0;-16.822046;-54.054657;48.361290;-179.486588;-95.852394;-115.143059;6.077765;21.438595;-0.051764;7.488725;2.074238;5.1856007305075
14116079;0;-16.938446;-54.257057;48.679543;-179.517456;-95.714279;-115.945297;6.362915;21.010395;0.238414;7.545938;2.079000;5.40017507305075
14116103;0;-17.065733;-54.473125;49.023380;-179.551849;-95.566719;-116.821854;5.970950;21.405220;-0.085829;6.771088;2.298350;5.0806887305075
14116127;0;-17.204063;-54.704178;49.390972;-179.586670;-95.407578;-117.754539;5.400655;21.836279;0.284736;6.947512;2.436637;5.59567587305075
14116151;0;-17.352093;-54.952106;49.781799;-179.623367;-95.237968;-118.760002;5.756375;21.205900;0.129421;6.692400;2.107612;5.68388787305075
14116175;0;-17.510527;-55.216251;50.194271;-179.662552;-95.060814;-119.842255;6.166455;20.050999;0.640321;5.981913;2.868175;4.96148887305075
14116199;0;-17.679661;-55.493492;50.628616;-179.701553;-94.872971;-120.978859;6.484030;20.174025;0.876014;6.396762;2.651212;5.85793787305075
14116223;0;-17.860748;-55.783157;51.085052;-179.742035;-94.675713;-122.188057;6.074905;20.542141;0.822879;6.611338;1.485337;5.91277587305075
14116247;0;-18.053383;-56.084591;51.562157;-179.784088;-94.471130;-123.465775;5.952835;22.116659;0.652579;6.418225;1.955025;6.18218887305075
14116271;0;-18.256861;-56.402126;52.057629;-179.827515;-94.257530;-124.812263;6.484985;21.206854;0.911436;6.115425;2.031325;6.13927587305075
14116295;0;-18.471655;-56.733883;52.570415;-179.871811;-94.038498;-126.225327;7.063865;20.418165;1.335143;5.888937;3.960125;6.12496287305075
14116319;0;-18.699411;-57.077854;53.101822;-179.915756;-93.808090;-127.712776;6.480215;20.188330;1.382821;5.972375;2.770412;6.52073887305075
14116343;0;-18.939089;-57.430820;53.651260;-179.960876;-93.571281;-129.275620;7.038115;21.504400;1.059936;5.397787;2.484313;6.60657587305075
14116367;0;-19.191181;-57.794941;54.215981;-180.004562;-93.327431;-130.890564;7.250785;21.826740;1.340593;6.022450;2.884863;6.77823787305075
14116391;0;-19.456623;-58.172596;54.795113;-180.049438;-93.077827;-132.586929;7.239340;20.946499;1.301079;5.431175;2.229213;7.00473887305075
14116415;0;-19.734993;-58.562698;55.386784;-180.093216;-92.823029;-134.351776;7.208820;19.284245;2.479550;5.507463;2.577300;7.51256387305075
14116439;0;-20.026253;-58.959888;55.993504;-180.136536;-92.562744;-136.186584;7.198330;20.151134;1.408707;5.240438;3.447525;7.23600087305075
14116463;0;-20.331463;-59.364876;56.612789;-180.179047;-92.297165;-138.093033;7.451055;21.115299;1.679829;4.975788;2.794263;7.32182587305075
14116487;0;-20.650122;-59.778885;57.242153;-180.218842;-92.024902;-140.074738;8.026120;21.535870;1.535414;5.502700;2.260200;7.63892687305075
14116511;0;-20.984512;-60.203827;57.881096;-180.257416;-91.750801;-142.125351;7.433890;20.574566;1.941407;5.493163;3.371238;7.68898787305075
14116535;0;-21.332823;-60.636631;58.528168;-180.293549;-91.472809;-144.240158;8.150100;19.355770;2.194807;6.351463;2.911088;8.45431287305075
14116559;0;-21.696218;-61.076359;59.183899;-180.327896;-91.192894;-146.432632;8.273120;19.418715;1.983636;6.473062;3.163813;7.88450087305075
14116583;0;-22.074213;-61.521305;59.846188;-180.360611;-90.910202;-148.710922;9.074209;19.451139;2.295629;6.418225;2.880087;8.20875087305075
14116607;0;-22.469700;-61.969582;60.515408;-180.390656;-90.625641;-151.045563;8.200644;20.992275;1.241136;6.167888;3.304475;8.26596387305075
14116631;0;-22.881699;-62.424942;61.187290;-180.415710;-90.339401;-153.445801;8.057590;20.314215;2.277914;6.759162;3.144737;8.51630087305075
14116655;0;-23.309923;-62.886589;61.862232;-180.437637;-90.052666;-155.944641;8.683200;19.231794;2.058571;7.028575;2.620213;9.18148887305075
14116679;0;-23.754034;-63.350166;62.538254;-180.456268;-89.768280;-158.510529;9.061810;19.537926;2.348757;6.985662;3.423687;8.74757587305075
14116703;0;-24.216415;-63.816032;63.215298;-180.470688;-89.483612;-161.139542;9.749411;19.061085;2.243857;6.988038;2.791875;8.62121387305075
14116727;0;-24.698353;-64.283432;63.892990;-180.480820;-89.201828;-163.855713;8.670805;18.892284;1.995900;6.620875;2.779950;9.51766287305075
14116751;0;-25.197847;-64.751114;64.567001;-180.485382;-88.922562;-166.650024;8.854865;19.179340;1.750672;6.730550;2.999300;9.51289987305075
14116775;0;-25.716093;-65.218742;65.238159;-180.486023;-88.645622;-169.503998;9.633060;18.675800;1.724786;6.072513;1.499650;9.26493787305075
14116799;0;-26.253654;-65.685890;65.902191;-180.485397;-88.374596;-172.460510;10.097500;18.039700;2.102164;2.489088;2.815712;9.5510387305075
14116823;0;-26.810728;-66.149239;66.561615;-180.480774;-88.108795;-175.482040;10.333059;18.685339;1.320157;-1.831050;2.534387;10.10893705075
14116847;0;-27.388927;-66.610435;67.210678;-180.466171;-87.849648;-178.567749;9.851455;17.860409;1.942764;-4.420275;2.562987;9.7250873705075
14116871;0;-27.987572;-67.067406;67.852066;-180.441101;-87.598511;-181.757614;10.325430;16.831394;1.027243;-4.944800;2.386563;10.22338705075
14116895;0;-28.607641;-67.516685;68.478958;-180.409149;-87.355453;-185.017609;10.386465;17.555235;1.550400;-5.469313;3.199575;10.79320005075
14116919;0;-29.248121;-67.957855;69.095192;-180.371475;-87.119896;-188.339279;11.243820;17.840385;0.820157;-5.826950;2.119537;9.860988005075
14116943;0;-29.909796;-68.390984;69.694725;-180.326767;-86.896599;-191.776016;11.803625;17.460819;0.843314;-5.447863;2.140987;10.90526305075
14116967;0;-30.594946;-68.815285;70.277344;-180.276779;-86.685669;-195.264771;11.430740;16.833305;0.693457;-5.526537;2.934925;10.96486205075
14116991;0;-31.303125;-69.227142;70.841240;-180.222733;-86.486176;-198.834900;10.891910;16.318319;0.685279;-6.246562;2.572525;10.81227505075
14117015;0;-32.033035;-69.625656;71.383110;-180.162430;-86.301262;-202.494797;11.217115;15.693660;0.692093;-6.356238;2.584450;11.67535005075
14117039;0;-32.783039;-70.009171;71.903419;-180.094940;-86.132751;-206.248932;12.668605;15.150070;0.316071;-5.407325;3.442762;11.01493705075
14117063;0;-33.554554;-70.373581;72.398399;-180.023911;-85.976868;-210.057968;12.324330;15.765190;-0.119886;-5.095000;2.551075;10.8909505075
14117087;0;-34.346249;-70.718727;72.864182;-179.950226;-85.839394;-213.928284;10.483740;15.033720;-0.448221;-5.502700;1.802438;10.7431375075
14117111;0;-35.148197;-71.041100;73.295944;-179.873856;-85.721344;-217.841339;9.650229;14.195440;-0.670293;-5.662437;1.747600;10.83850075075
14117135;0;-35.950134;-71.337143;73.689568;-179.795410;-85.625732;-221.742432;10.831830;13.532636;-0.779286;-5.269050;2.779950;10.9934755075
14117159;0;-36.750507;-71.603027;74.043915;-179.717682;-85.545280;-225.593033;10.159491;13.775826;-1.193450;-5.755413;1.146788;9.88482655075
14117183;0;-37.546589;-71.839149;74.358368;-179.641602;-85.488464;-229.380646;8.298870;13.851164;-1.628057;-5.910388;1.623625;10.38551255075
14117207;0;-38.330673;-72.047340;74.633003;-179.566635;-85.450226;-233.109299;8.665080;13.645170;-2.188000;-5.488388;1.835812;10.79797655075
14117231;0;-39.100079;-72.228790;74.869560;-179.493866;-85.429932;-236.757523;10.172840;12.427330;-2.215243;-4.856575;2.212512;10.0755625075
14117255;0;-39.859169;-72.382477;75.070160;-179.427353;-85.424324;-240.335831;9.255404;12.884140;-2.326964;-6.103513;1.835812;10.17092525075
14117279;0;-40.607819;-72.509445;75.238022;-179.363083;-85.429123;-243.858398;7.953640;13.608930;-2.773829;-5.798337;-0.445837;10.1709255075
14117303;0;-41.340565;-72.612816;75.375107;-179.304214;-85.449486;-247.297531;8.507725;13.618464;-3.129407;-6.830688;-1.599788;9.55820055075
14117327;0;-42.056938;-72.695107;75.480392;-179.246536;-85.484337;-250.661804;9.683605;12.370105;-3.249300;-5.633825;-2.763263;9.37937555075
14117351;0;-42.761108;-72.754990;75.557373;-179.196777;-85.532722;-253.972366;8.371350;12.396811;-3.472736;-6.351463;-2.889625;9.71554955075
14117375;0;-43.451267;-72.795586;75.606285;-179.151276;-85.591095;-257.182770;7.579800;11.824605;-3.527229;-6.325237;-3.726475;9.34600055075
14117399;0;-44.123169;-72.814110;75.629311;-179.110245;-85.662628;-260.312805;8.653640;13.079640;-3.772457;-6.315700;-2.007475;8.61406255075
14117423;0;-44.777901;-72.812286;75.618393;-179.074142;-85.738411;-263.406342;9.509085;9.284970;-8.606228;-5.869863;-3.104200;8.723724255075
14117447;0;-45.418919;-72.799805;75.587166;-179.044113;-85.821747;-266.422180;7.630345;5.570410;-7.570807;-5.824563;-3.249637;9.512899255075
14117471;0;-46.044472;-72.775803;75.551064;-179.019424;-85.912354;-269.334747;6.854055;4.201885;-9.065351;-5.860325;-3.092288;9.369850255075
14117495;0;-46.650288;-72.737938;75.499542;-178.998932;-86.008690;-272.181854;7.716175;3.557205;-8.961807;-5.481237;-2.951612;8.327950255075
14117519;0;-47.238125;-72.685753;75.431976;-178.983810;-86.107857;-274.950897;8.382795;3.613470;-9.065351;-5.373950;-3.445138;7.607925255075
14117543;0;-47.811016;-72.621780;75.349625;-178.973923;-86.213478;-277.647705;7.894515;4.006385;-9.032657;-5.440700;-2.539150;8.883474255075
14117567;0;-48.367905;-72.547424;75.255020;-178.969070;-86.318359;-280.269928;6.975170;3.541945;-9.617122;-5.738725;-3.757475;8.213512255075
14117591;0;-48.906364;-72.464989;75.146034;-178.967697;-86.428055;-282.831696;6.580350;3.786085;-8.918215;-5.447863;-3.638263;8.091925255075
14117615;0;-49.425117;-72.374680;75.027039;-178.968246;-86.540825;-285.287689;7.865905;3.605840;-9.140285;-3.850450;-2.787112;7.946487255075
14117639;0;-49.928226;-72.276077;74.899185;-178.970200;-86.652260;-287.694977;7.207870;3.922460;-9.279250;-0.820150;-3.433225;8.027550255075
14117663;0;-50.415558;-72.171288;74.763741;-178.975327;-86.766991;-290.017822;6.051060;4.225730;-9.404586;2.629750;-3.199575;8.2755000255075
14117687;0;-50.884705;-72.062645;74.619858;-178.987106;-86.879242;-292.264557;6.652830;3.899570;-8.934565;4.668225;-3.941050;7.6127000255075
14117711;0;-51.335991;-71.950310;74.470146;-179.005432;-86.993088;-294.430939;6.625175;3.779410;-8.645736;5.028237;-3.552425;7.5268630255075
14117735;0;-51.771202;-71.833534;74.315971;-179.026733;-87.106064;-296.532562;6.060600;4.117965;-8.847371;5.445475;-3.297325;7.8320500255075
14117759;0;-52.188675;-71.713539;74.159088;-179.049683;-87.217064;-298.562256;6.236075;4.792210;-8.888243;6.172650;-3.433225;7.6007750255075
14117783;0;-52.590420;-71.591965;73.999512;-179.075073;-87.327888;-300.502655;5.891795;4.971500;-8.935922;6.272788;-3.113738;6.9308250255075
14117807;0;-52.975117;-71.470016;73.837830;-179.102509;-87.435356;-302.383606;5.786895;4.938125;-9.207043;6.153575;-2.803800;6.9332000255075
14117831;0;-53.342590;-71.348312;73.674690;-179.131027;-87.541618;-304.190643;6.477355;4.657745;-8.752001;6.198875;-2.577300;7.0619500255075
14117855;0;-53.694164;-71.226929;73.511696;-179.160294;-87.645157;-305.907990;6.208415;4.549980;-8.641650;6.108275;-2.667900;6.8402250255075
14117879;0;-54.030048;-71.105141;73.351250;-179.189713;-87.745987;-307.557648;5.857465;4.969595;-9.153907;6.539813;-2.255438;6.5565000255075
14117903;0;-54.350616;-70.985268;73.191025;-179.220230;-87.842873;-309.147522;4.661560;5.092620;-8.886879;6.453987;-2.882475;6.5374250255075
14117927;0;-54.654224;-70.867813;73.033531;-179.249985;-87.935455;-310.647064;5.170820;4.796025;-8.644371;7.107250;-3.099437;6.1082750255075
14117951;0;-54.941330;-70.752625;72.878700;-179.280869;-88.025780;-312.084900;5.594250;5.142210;-8.611678;7.140625;-3.511900;5.9890620255075
14117975;0;-55.214066;-70.640312;72.728714;-179.313049;-88.114067;-313.445313;5.178450;5.428310;-8.700229;6.229875;-2.839562;6.0248250255075
14117999;0;-55.472214;-70.531822;72.583427;-179.343857;-88.196434;-314.727142;4.585265;5.569455;-8.964536;6.167888;-3.213875;5.6600500255075
14118023;0;-55.713581;-70.427010;72.442032;-179.372940;-88.276787;-315.951721;4.955290;5.784030;-8.538107;6.589887;-2.372262;5.5265370255075
14118047;0;-55.939175;-70.326988;72.307343;-179.401581;-88.351402;-317.091705;5.475040;5.340575;-8.840557;6.608962;-3.228188;4.7612120255075
14118071;0;-56.150696;-70.230873;72.177483;-179.430435;-88.420906;-318.156708;4.914280;5.333900;-8.371893;6.177425;-3.633488;5.1569880255075
14118095;0;-56.347965;-70.139313;72.054962;-179.456604;-88.489220;-319.161560;4.820820;5.883215;-8.480886;6.587500;-2.753725;4.9376380255075
14118119;0;-56.530666;-70.053352;71.939606;-179.481186;-88.550064;-320.081604;4.827495;6.523130;-8.313314;7.174013;-3.547662;4.2963000255075
14118143;0;-56.698658;-69.974075;71.831535;-179.505325;-88.609634;-320.929565;4.275320;6.319045;-8.194785;7.128713;-2.698888;4.6825380255075
14118167;0;-56.851677;-69.900810;71.731178;-179.529190;-88.661804;-321.711700;4.589080;5.684850;-8.080343;6.628026;-3.116125;4.8303500255075
14118191;0;-56.990093;-69.833130;71.640175;-179.550995;-88.709793;-322.421753;4.701610;6.072995;-8.257457;6.110662;-3.187650;4.1723250255075
14118215;0;-57.114777;-69.772247;71.556458;-179.570175;-88.752686;-323.053711;4.557605;5.577085;-8.073529;6.103513;-3.626338;4.4035870255075
14118239;0;-57.226082;-69.716766;71.481354;-179.587112;-88.793991;-323.620209;3.867145;6.314275;-7.752007;6.394375;-2.357950;4.1818500255075
14118263;0;-57.321815;-69.669159;71.416756;-179.602081;-88.828964;-324.123199;3.904340;5.479810;-8.038107;6.330012;-2.319813;2.9110880255075
14118287;0;-57.403576;-69.627747;71.360794;-179.615341;-88.856758;-324.532806;3.596305;5.840300;-7.862357;6.220337;-2.772800;4.1222500255075
14118311;0;-57.470703;-69.592545;71.314606;-179.626724;-88.880547;-324.894318;4.162785;6.121635;-7.820128;6.039137;-2.884863;3.3164000255075
14118335;0;-57.524723;-69.565811;71.278191;-179.635880;-88.899796;-325.164917;3.819465;5.350110;-7.768357;5.838862;-2.899163;3.6692500255075
14118359;0;-57.564129;-69.545601;71.251434;-179.642685;-88.914253;-325.394135;4.196165;5.346295;-7.720672;5.638587;-2.934925;1.8119750255075
14118383;0;-57.590378;-69.532990;71.235558;-179.647079;-88.923637;-325.517853;4.475590;5.009650;-8.070807;5.621900;-3.099437;3.2043380255075
14118407;0;-57.605011;-69.526123;71.228539;-179.649582;-88.929291;-325.593292;5.056380;5.204200;-8.095328;5.600450;-3.063675;3.0469880255075
14118431;0;-57.610645;-69.524277;71.228378;-179.650879;-88.932190;-325.626282;5.147930;5.170820;-7.202964;5.486000;-2.989763;3.3903000255075
14118455;0;-57.611492;-69.523979;71.229080;-179.651382;-88.933243;-325.635040;5.187985;5.637165;-6.034029;5.331038;-2.925388;3.6215750255075
14118479;0;-57.611832;-69.523949;71.229202;-179.651535;-88.933556;-325.636169;5.361555;5.445480;-6.204329;5.109300;-2.875325;3.7336250255075
14118503;0;-57.612228;-69.523605;71.229103;-179.651657;-88.933723;-325.636719;5.692480;5.106925;-6.641657;4.951950;-2.794263;3.7837000255075
14118527;0;-57.612988;-69.522980;71.228912;-179.651642;-88.933815;-325.637054;5.743980;4.926680;-7.130757;4.818438;-2.789488;3.7956130255075
14118551;0;-57.589420;-69.523262;71.229362;-179.651688;-88.933769;-325.637177;-8.959770;5.891795;-6.006786;4.713525;-2.775187;3.845688255075
14118575;0;-57.449409;-69.523178;71.229416;-179.652206;-88.933784;-325.637604;-26.387209;5.756375;-6.246564;4.177088;-2.796638;3.90052555075
14118599;0;-57.066185;-69.523285;71.229485;-179.655746;-88.934311;-325.637756;-45.776363;6.464955;-6.201607;1.938337;-2.465237;3.93866355075
14118623;0;-56.271774;-69.524139;71.229576;-179.657898;-88.934570;-325.637512;-65.250397;8.107185;-5.836486;0.517362;-2.307888;3.96966355075
14118647;0;-54.967312;-69.526581;71.230042;-179.658493;-88.934944;-325.637848;-64.565651;10.427470;-5.547657;-0.476825;-1.828663;4.053113075
14118671;0;-53.244831;-69.527832;71.230110;-179.658081;-88.933311;-325.638794;-42.524334;11.388775;-5.162100;-1.118175;-3.080363;4.084100075
14118695;0;-51.316315;-69.526955;71.230385;-179.656601;-88.935356;-325.639862;-6.601330;9.823794;-4.942757;-0.798700;-0.941750;4.10078800075
14118719;0;-49.532982;-69.523064;71.247734;-179.654404;-88.924400;-325.640411;20.684238;6.746290;-0.367843;-0.026225;1.130100;3.221025800075
14118743;0;-48.159492;-69.524323;71.315933;-179.653214;-88.789093;-325.599243;37.746426;8.292195;1.437321;5.173675;7.889263;-2.8133385800075
14118767;0;-47.288090;-69.530396;71.474953;-179.667862;-88.381157;-325.284607;36.331173;10.620115;3.088536;9.071825;10.728825;-7.62938800075
14118791;0;-46.884804;-69.544479;71.758324;-179.707413;-87.605476;-324.559265;22.760389;11.682509;6.715229;9.970663;13.868800;-6.89506200075
14118815;0;-46.799595;-69.567497;72.215408;-179.778748;-86.378731;-323.450958;6.887435;14.156340;6.757457;6.704325;17.516613;-8.947838200075
14118839;0;-46.843781;-69.605736;72.846115;-179.870956;-84.653053;-321.890228;5.171775;14.726634;7.708407;5.052087;17.292488;-9.455675200075
14118863;0;-46.942249;-69.656143;73.641914;-179.983185;-82.486794;-319.931000;7.269855;14.801974;8.054457;5.428787;18.365376;-10.11610000075
14118887;0;-47.062550;-69.718384;74.593773;-180.117081;-79.894997;-317.596313;8.479115;15.366549;9.798321;4.675387;20.179739;-10.70737500075
14118911;0;-47.205826;-69.791504;75.701965;-180.271194;-76.879990;-314.897278;7.922170;14.885900;9.674343;5.660050;19.145000;-12.20941300075
14118935;0;-47.369797;-69.876144;76.947739;-180.444916;-73.491249;-311.836792;5.513190;14.810560;9.329658;5.054462;19.850725;-11.53230000075
14118959;0;-47.544380;-69.966339;78.297691;-180.633743;-69.815399;-308.517212;5.392070;14.877315;9.183879;4.503725;17.402163;-11.27718700075
14118983;0;-47.725292;-70.058769;79.718124;-180.832001;-65.950981;-305.045013;6.670950;15.045164;7.494514;5.111688;17.158976;-11.69681300075
14119007;0;-47.912651;-70.151131;81.175873;-181.035599;-61.989902;-301.471527;6.096835;15.272141;7.093971;4.348750;16.977776;-10.92910000075
14119031;0;-48.104210;-70.243034;82.641380;-181.239609;-58.007221;-297.880859;4.912375;16.551970;6.835114;5.013937;18.424988;-10.84565000075
14119055;0;-48.295746;-70.335991;84.111603;-181.444458;-54.022480;-294.307861;4.780765;16.228674;6.603507;5.013937;16.636839;-11.14367500075
14119079;0;-48.484898;-70.430748;85.579277;-181.649094;-50.039501;-290.736359;5.746840;15.524859;6.164822;5.614750;16.174313;-10.93148700075
14119103;0;-48.675213;-70.523407;87.048454;-181.854065;-46.057045;-287.150574;5.450245;15.244479;6.689343;5.898475;16.868113;-11.68488800075
14119127;0;-48.866901;-70.616943;88.516342;-182.059036;-42.073601;-283.564270;4.391670;15.709875;6.636207;5.841250;19.390575;-11.11983800075
14119151;0;-49.056854;-70.709839;89.986687;-182.264191;-38.088734;-279.992920;4.961965;16.343115;6.934571;5.352488;17.077913;-10.87903800075
14119175;0;-49.246578;-70.804070;91.453262;-182.468979;-34.104523;-276.423553;5.096435;15.883446;6.769721;5.204675;16.262526;-11.57045000075
14119199;0;-49.436707;-70.896553;92.923370;-182.672302;-30.122526;-272.843719;5.280490;15.778540;6.773807;6.155962;17.392626;-10.81705000075
14119223;0;-49.628201;-70.987785;94.389954;-182.877869;-26.138351;-269.263519;4.508015;16.487120;7.102143;4.730212;19.736286;-11.12459900075
14119247;0;-49.818100;-71.079842;95.859924;-183.082184;-22.153545;-265.670410;5.074500;16.761776;7.529936;4.899500;16.908638;-10.93387500075
14119271;0;-50.007797;-71.174919;97.326988;-183.286865;-18.170130;-262.099304;5.199430;16.376495;7.339200;4.751675;17.089838;-10.51902500075
14119295;0;-50.198181;-71.269684;98.796150;-183.490768;-14.188053;-258.537415;5.205150;15.413280;7.655279;5.576600;18.136499;-10.97201300075
14119319;0;-50.389034;-71.364212;100.263725;-183.695282;-10.203074;-254.949890;4.993435;15.091894;7.020400;5.564687;19.900787;-10.5667000075
14119343;0;-50.579243;-71.455734;101.732979;-183.900772;-6.217937;-251.367981;5.303380;15.864369;7.922307;5.064000;16.634462;-10.57623800075
14119367;0;-50.769283;-71.548370;103.200356;-184.104904;-2.234024;-247.787460;5.679130;16.289709;7.553100;6.005763;17.151825;-11.26527500075
14119391;0;-50.960697;-71.641838;104.669640;-184.309143;1.747745;-244.209503;4.824635;15.582080;7.907321;5.831713;18.246162;-10.602463500075
14119415;0;-51.151035;-71.734879;106.138145;-184.513901;5.732439;-240.644745;5.174635;15.632625;6.964543;6.337163;19.509789;-10.993475500075
14119439;0;-51.340923;-71.828339;107.605164;-184.718918;9.717666;-237.068771;5.460735;14.839170;8.626664;5.795950;16.989700;-10.614388500075
14119463;0;-51.531769;-71.921196;109.074165;-184.925049;13.700257;-233.479309;4.932400;15.929220;7.573536;4.098413;17.006388;-11.12937500075
14119487;0;-51.722996;-72.014984;110.542511;-185.129181;17.683327;-229.908585;4.601475;15.065190;8.535378;4.265300;18.608562;-11.52991300075
14119511;0;-51.912895;-72.109016;112.011879;-185.334030;21.668020;-226.323822;4.977225;14.872549;7.234300;4.229537;18.920889;-10.25676300075
14119535;0;-52.102608;-72.202148;113.478157;-185.538208;25.653284;-222.756454;5.585670;14.019010;8.728843;4.763600;16.717901;-10.53571200075
14119559;0;-52.293495;-72.294327;114.948036;-185.742584;29.635466;-219.185028;4.943845;14.831540;7.686614;4.370213;16.300674;-10.76697400075
14119583;0;-52.484921;-72.387016;116.415001;-185.947144;33.618855;-215.593246;4.392620;14.889715;8.903229;4.727838;18.415449;-10.50471200075
14119607;0;-52.674477;-72.479561;117.885330;-186.151245;37.603466;-212.012375;5.185125;14.912605;7.538107;5.471700;18.696775;-10.85042500075
14119631;0;-52.864178;-72.574409;119.351257;-186.355835;41.589073;-208.442429;5.328175;13.245580;8.738379;5.941388;16.722675;-9.963500500075
14119655;0;-53.054825;-72.667168;120.821968;-186.560226;45.571495;-204.869415;5.266185;13.788220;7.750643;6.701937;16.539087;-10.15186200075
14119679;0;-53.246040;-72.761597;122.287193;-186.765671;49.554798;-201.297729;4.877090;13.064380;9.493143;6.141663;18.973351;-10.94578700075
14119703;0;-53.435612;-72.854012;123.758720;-186.971298;53.539360;-197.706818;5.585670;13.791080;8.133478;5.412100;18.031588;-10.34258700075
14119727;0;-53.625927;-72.947067;125.224594;-187.176483;57.525047;-194.125549;5.573270;12.959480;9.187964;4.801750;16.865725;-10.82181300075
14119751;0;-53.817188;-73.038109;126.695267;-187.380142;61.506832;-190.558594;5.088805;13.278959;8.491786;5.652900;16.674988;-10.37835000075
14119775;0;-54.007614;-73.129776;128.160294;-187.585266;65.490425;-186.990189;5.686755;13.750074;10.053085;4.801750;19.443026;-10.6716130075
14119799;0;-54.197456;-73.221573;129.632202;-187.790192;69.475235;-183.411102;5.758285;14.138220;9.049000;4.656312;18.196100;-11.09122530075
14119823;0;-54.388565;-73.316429;131.098145;-187.994614;73.460770;-179.821045;5.426405;13.073919;9.335108;4.880425;16.562937;-10.78843830075
14119847;0;-54.580002;-73.408821;132.568665;-188.197754;77.442543;-176.241730;4.711150;12.939450;9.262900;6.132125;16.207687;-10.58340030075
14119871;0;-54.769569;-73.503258;134.034042;-188.401993;81.425835;-172.677994;5.459785;12.327189;10.080336;6.487363;19.500250;-10.8933370075
14119895;0;-54.959335;-73.595116;135.505142;-188.608246;85.410545;-169.102127;5.811690;13.356204;10.062621;5.698200;18.298624;-10.3259000075
14119919;0;-55.150642;-73.688522;136.971756;-188.812881;89.395767;-165.522110;5.130765;13.092990;9.737014;6.127350;16.860950;-10.68591200075
14119943;0;-55.341595;-73.780685;138.441666;-189.017120;93.377663;-161.935837;5.116460;12.665746;9.708400;6.124962;16.384113;-10.66922500075
14119967;0;-55.530483;-73.872993;139.906311;-189.222061;97.360718;-158.356827;5.580900;12.746809;8.814672;5.807875;18.587101;-10.69306300075
14119991;0;-55.709747;-73.962433;141.306564;-189.420486;101.220795;-154.878494;3.621100;12.598035;1.662114;4.894725;7.081025;-7.240763300075
14120015;0;-55.863041;-74.038292;142.475037;-189.586533;104.431923;-151.950943;1.884460;11.445045;-3.448207;3.564350;1.811975;-4.99486300075
14120039;0;-55.974915;-74.092598;143.334030;-189.704193;106.764000;-149.852066;1.623150;10.095594;-4.983629;4.999638;-2.906312;-3.5619620075
14120063;0;-56.041435;-74.124275;143.867462;-189.778687;108.211853;-148.537766;2.284045;11.293409;-7.375985;4.460800;-4.696837;-0.6532620075
14120087;0;-56.068924;-74.130157;144.093948;-189.807831;108.794884;-148.010605;2.392765;10.449405;-6.543564;5.321500;-3.981588;0.01191220075
14120111;0;-56.071419;-74.128021;144.127548;-189.811005;108.857193;-147.984253;2.655025;8.299826;-2.284729;5.815025;3.967275;-1.680850220075
14120135;0;-56.071438;-74.128044;144.120544;-189.811554;108.860886;-147.985138;3.304480;8.773800;-2.411429;5.896087;4.622925;-1.115788220075
14120159;0;-56.071758;-74.128799;144.120285;-189.812027;108.862144;-147.988876;3.678320;9.872435;-1.491814;5.869863;4.591938;-0.689025220075
14120183;0;-56.072617;-74.125885;144.125076;-189.812347;108.863960;-147.994247;3.986355;5.710600;1.122607;6.113050;4.515637;-0.3147125220075
14120207;0;-56.074272;-74.115166;144.142838;-189.814011;108.868660;-148.000549;5.429265;0.321385;1.468657;6.821150;5.133150;-0.0905875220075
14120231;0;-56.077923;-74.080536;144.170624;-189.820084;108.883911;-148.005432;6.461140;-1.381870;2.183907;7.486338;5.159375;-0.009525220075
14120255;0;-56.086544;-74.011269;144.215698;-189.833267;108.913414;-148.016251;6.279944;-3.096580;3.129407;8.084763;5.619525;0.0596005220075
14120279;0;-56.097698;-73.899818;144.286179;-189.856964;108.962402;-148.025116;7.344245;-3.881450;3.482271;7.715225;5.898475;0.4887505220075
14120303;0;-56.112186;-73.737312;144.385437;-189.890640;109.034004;-148.036713;7.916450;-3.535270;3.532679;7.660388;6.434912;0.8487635220075
14120327;0;-56.131393;-73.522835;144.513596;-189.933044;109.130966;-148.053223;7.769580;-3.148075;3.786086;8.437625;5.683887;1.1444005220075
14120351;0;-56.154739;-73.257782;144.670914;-189.988251;109.249939;-148.073380;7.753370;-4.460330;3.579000;7.474413;5.571837;1.4925005220075
14120375;0;-56.181820;-72.936317;144.855972;-190.052780;109.390976;-148.097595;7.906910;-4.777905;3.396443;7.300375;6.296625;1.9168755220075
14120399;0;-56.213272;-72.556404;145.065063;-190.127579;109.556969;-148.128326;7.477760;-4.695890;4.143029;6.582725;6.453987;2.2387505220075
14120423;0;-56.248463;-72.117607;145.299026;-190.210403;109.747322;-148.164230;7.478710;-5.235670;3.970007;6.940362;6.031988;2.6011385220075
14120447;0;-56.287025;-71.619049;145.554611;-190.304840;109.961258;-148.206329;7.520675;-7.061955;4.442757;5.784025;6.370538;2.9373125220075
14120471;0;-56.329552;-71.053848;145.830124;-190.407211;110.201294;-148.255402;7.263180;-7.162090;4.077636;5.686275;6.279937;3.2663255220075
14120495;0;-56.375080;-70.419174;146.122269;-190.518097;110.464111;-148.318985;7.327075;-7.270810;4.137578;5.643363;7.274150;3.0946625220075
14120519;0;-56.423969;-69.714478;146.428635;-190.638855;110.753632;-148.393005;6.628990;-7.609365;4.487714;5.130763;5.958075;2.7322755220075
14120543;0;-56.475254;-68.938828;146.744171;-190.765335;111.066475;-148.466629;6.389615;-9.466169;4.870550;6.425375;5.841250;2.8276375220075
14120567;0;-56.528492;-68.085014;147.069061;-190.900711;111.401672;-148.547714;6.157875;-9.542465;4.316057;6.282325;7.271762;3.1280505220075
14120591;0;-56.583763;-67.149437;147.395508;-191.042999;111.759850;-148.651337;6.017680;-8.633610;4.972729;5.810250;7.176387;2.3937135220075
14120615;0;-56.639214;-66.133224;147.723175;-191.191086;112.140862;-148.753113;6.261825;-9.887695;4.298343;6.191725;5.583762;2.4294755220075
14120639;0;-56.696991;-65.035172;148.044830;-191.343414;112.538956;-148.853195;5.678175;-10.809895;4.125321;5.819788;7.116787;3.218650220075
14120663;0;-56.754009;-63.849014;148.356812;-191.498932;112.953827;-148.976273;5.904195;-10.377880;4.588536;7.240763;6.616113;3.004063220075
14120687;0;-56.810555;-62.575500;148.653793;-191.657425;113.380524;-149.108109;5.880355;-10.406489;5.059921;7.376663;7.250300;3.046988220075
14120711;0;-56.865082;-61.217007;148.934555;-191.814102;113.815781;-149.268387;6.361960;-10.951995;4.117143;8.795250;6.551737;1.342287220075
14120735;0;-56.918880;-59.774315;149.189926;-191.971298;114.252464;-149.399734;5.619045;-12.143135;4.096707;7.266988;6.527900;2.522462220075
14120759;0;-56.968956;-58.246326;149.417480;-192.121887;114.681747;-149.542236;5.843160;-11.500355;3.301071;7.102487;8.020400;2.551075220075
14120783;0;-57.014889;-56.638279;149.608566;-192.264999;115.100357;-149.687912;5.622860;-11.567115;3.626686;4.670612;6.430137;2.827637220075
14120807;0;-57.055344;-54.956348;149.763489;-192.393707;115.493843;-149.840927;5.438800;-9.958265;2.615786;6.422987;6.473062;2.4271007220075
14120831;0;-57.088905;-53.216640;149.869141;-192.507980;115.851990;-149.981155;5.560870;-9.379385;2.591264;5.285738;5.679125;2.4724007220075
14120855;0;-57.115051;-51.432175;149.925919;-192.599380;116.160950;-150.117432;5.099295;-8.140560;1.756121;6.449212;5.929462;2.0313257220075
14120879;0;-57.131752;-49.629112;149.909470;-192.668198;116.407219;-150.217239;4.626270;-4.431720;-2.994536;4.360675;5.688663;2.813338220075
14120903;0;-57.137024;-47.839252;149.846115;-192.706146;116.583298;-150.313080;3.931045;-3.561015;-1.568107;6.024825;5.116462;2.198212220075
14120927;0;-57.133179;-46.086834;149.756470;-192.715363;116.678864;-150.370544;-0.083920;0.515935;-4.817414;3.798000;4.186625;2.417562220075
14120951;0;-57.122456;-44.402397;149.618515;-192.703827;116.693756;-150.397232;-3.050800;1.747130;-4.092621;-2.963537;2.615450;2.71796320075
14120975;0;-57.104153;-42.801262;149.442383;-192.655319;116.635971;-150.398056;-5.356785;2.981185;-4.265643;-4.830350;-2.355575;2.8562500075
14120999;0;-57.076424;-41.297497;149.230804;-192.573730;116.490829;-150.394272;-5.459785;4.860875;-4.209785;-5.462162;-2.360337;1.2350000075
14121023;0;-57.039753;-39.895157;148.991302;-192.467484;116.275200;-150.360565;-5.518910;4.384040;-3.465921;-5.130763;-2.381800;0.1096630075
14121047;0;-56.996830;-38.591202;148.731277;-192.342896;115.999481;-150.289917;-5.492210;5.303380;-4.516328;-5.755413;-2.038475;-0.596038075
14121071;0;-56.949203;-37.383266;148.451370;-192.203308;115.673958;-150.194992;-5.799290;5.722045;-3.547664;-7.274150;-2.553463;-1.404275075
14121095;0;-56.896767;-36.267078;148.161194;-192.048996;115.305077;-150.083023;-5.499835;7.190700;-4.598072;-4.405975;-2.171988;-2.183913075
14121119;0;-56.840000;-35.237999;147.859512;-191.888855;114.902557;-149.957336;-4.642485;7.844920;-2.696171;-5.342950;-2.868175;-2.732275075
14121143;0;-56.781784;-34.291790;147.554535;-191.723221;114.472832;-149.804810;-4.873275;7.320400;-2.173014;-5.130763;-1.838200;-2.000325075
14121167;0;-56.722710;-33.422421;147.251602;-191.554245;114.026192;-149.658707;-4.671095;8.013725;-3.235679;-4.255762;-2.443788;-2.207750075
14121191;0;-56.663097;-32.626286;146.947220;-191.385178;113.569397;-149.505859;-4.416465;8.752820;-2.457750;-5.092613;-2.603525;-2.021787075
14121215;0;-56.602375;-31.898640;146.650269;-191.218552;113.106476;-149.359436;-3.550525;8.507725;-2.182550;-4.568088;-1.606938;-2.200600075
14121239;0;-56.543850;-31.236965;146.360046;-191.056564;112.647041;-149.224487;-3.830905;8.623120;-2.283364;-4.827975;-1.800050;-3.273475075
14121263;0;-56.487656;-30.635025;146.080231;-190.898697;112.197380;-149.056519;-4.051205;8.937835;-1.662114;-4.851812;-2.820487;-1.473425075
14121287;0;-56.433273;-30.090202;145.813354;-190.749741;111.759247;-148.917130;-4.263875;9.513850;-2.106257;-5.207050;-2.717963;-1.833438075
14121311;0;-56.380814;-29.600452;145.561035;-190.608856;111.338425;-148.785461;-3.806110;9.488105;-1.599443;-5.514612;-0.834463;-1.587862075
14121335;0;-56.332176;-29.163197;145.324615;-190.475754;110.943451;-148.677933;-4.249570;9.495735;-1.568107;-4.694450;-2.126688;-2.758500075
14121359;0;-56.287407;-28.774391;145.106476;-190.355042;110.573540;-148.559433;-4.563330;9.486195;-1.145771;-5.025863;-1.473425;-2.298350075
14121383;0;-56.246078;-28.431311;144.907104;-190.245758;110.234673;-148.452484;-3.896710;10.631559;-0.705714;-5.059237;-1.375675;-2.33172575
14121407;0;-56.208660;-28.133514;144.728897;-190.147354;109.928314;-148.367722;-4.338260;11.479375;-0.418250;-4.973400;-0.653262;-2.98500075
14121431;0;-56.175667;-27.880718;144.574295;-190.062592;109.658775;-148.277527;-4.292485;10.872840;-0.948221;-5.249975;-0.822537;-2.39371375
14121455;0;-56.148136;-27.669649;144.440155;-189.989120;109.428902;-148.202118;-4.277225;11.378285;-0.024521;-4.825588;-1.103875;-2.13383775
14121479;0;-56.125340;-27.497932;144.332306;-189.928726;109.237640;-148.148636;-4.226680;11.715885;-0.371929;-4.246225;-0.388613;-2.45570075
14121503;0;-56.108112;-27.366800;144.247498;-189.883682;109.088982;-148.107422;-4.456520;12.282370;0.121250;-5.164137;0.083437;-2.6798120075
14121527;0;-56.096443;-27.276119;144.188446;-189.851685;108.983368;-148.076569;-4.609105;11.589050;0.430514;-5.514612;-0.150200;-2.799025075
14121551;0;-56.089973;-27.218243;144.154312;-189.830780;108.918243;-148.056717;-4.821775;11.829374;0.256129;-5.440700;-0.467300;-2.882475075
14121575;0;-56.087379;-27.188623;144.138519;-189.819580;108.883926;-148.046265;-4.969595;10.910029;0.032693;-5.536075;-1.089562;-2.913475075
14121599;0;-56.086613;-27.177935;144.136383;-189.814880;108.869568;-148.041595;-5.119320;10.210990;1.168929;-5.543225;-1.025187;-3.008837075
14121623;0;-56.085964;-27.177803;144.138763;-189.813583;108.866241;-148.039215;-5.223270;10.248179;2.625329;-5.400175;-1.106250;-2.958762075
14121647;0;-56.085281;-27.178089;144.138931;-189.813202;108.865585;-148.038437;-5.382535;10.608670;2.446850;-5.333413;-1.025187;-2.977837075
14121671;0;-56.084522;-27.177868;144.138840;-189.812988;108.865250;-148.037903;-5.493160;10.127066;2.080371;-5.266662;-0.996588;-3.035063075
14121695;0;-56.083733;-27.176716;144.138443;-189.812897;108.865028;-148.037323;-5.567550;8.362770;1.441407;-5.190362;-0.991813;-3.0517503075
14121719;0;-56.082996;-27.156532;144.128677;-189.812820;108.866302;-148.037079;-5.572315;5.399700;-1.716607;-5.006788;0.042913;-3.0040633075
14121743;0;-56.082184;-27.099075;144.097321;-189.813187;108.879807;-148.037979;-5.522725;3.901480;-1.701621;-4.305838;4.520412;-2.8848633075
14121767;0;-56.081600;-26.987617;144.040237;-189.814163;108.931671;-148.038864;-5.570410;3.542900;-1.925057;-2.703663;6.341925;-2.1696003075
14121791;0;-56.081032;-26.808937;143.954437;-189.816086;109.024788;-148.041763;-5.579945;2.870555;-2.054486;-0.252712;6.699550;-1.1634753075
14121815;0;-56.080559;-26.565742;143.837616;-189.819778;109.154884;-148.053329;-5.537985;3.573415;-2.217971;2.648825;7.088175;-0.22172553075
14121839;0;-56.080196;-26.277067;143.695618;-189.827652;109.311249;-148.076202;-5.580900;5.421635;-1.673014;4.391663;6.268013;0.452987553075
14121863;0;-56.079865;-25.965923;143.543503;-189.838120;109.474174;-148.108200;-5.559920;7.962224;-1.160757;5.264275;6.189337;0.817775553075
14121887;0;-56.079571;-25.651352;143.390900;-189.850174;109.635056;-148.136887;-5.580900;7.378575;-1.189364;5.507463;5.586138;1.523487553075
14121911;0;-56.079350;-25.339527;143.237625;-189.861374;109.792473;-148.166504;-5.605695;7.503505;-1.083100;5.936613;6.260862;1.959800553075
14121935;0;-56.079128;-25.028229;143.083740;-189.872345;109.947121;-148.198578;-5.509375;7.816310;-1.280643;6.332388;6.172650;2.272125553075
14121959;0;-56.078934;-24.718952;142.928574;-189.882950;110.100342;-148.229385;-5.583760;7.398605;-1.027243;6.804462;6.134500;2.682200553075
14121983;0;-56.078800;-24.410721;142.773163;-189.893387;110.250999;-148.263153;-5.533215;8.013725;-1.204350;7.038113;6.361000;2.701275553075
14122007;0;-56.078625;-24.104565;142.616837;-189.903625;110.398232;-148.296631;-5.472180;7.804870;-1.119886;7.309912;6.313313;2.703663553075
14122031;0;-56.078514;-23.800299;142.460007;-189.913635;110.545029;-148.329254;-5.449295;8.478160;-1.209800;7.686613;6.010525;2.639287553075
14122055;0;-56.078426;-23.498569;142.302780;-189.923752;110.688698;-148.361389;-5.464550;7.289885;-1.295629;7.679450;4.744525;2.555837553075
14122079;0;-56.078339;-23.197708;142.143463;-189.933746;110.828644;-148.387833;-5.480765;7.951735;-0.903264;7.832050;5.373950;2.713200553075
14122103;0;-56.078239;-22.897594;141.984131;-189.943970;110.965759;-148.413452;-5.450245;8.094786;-0.960486;7.531638;5.793562;2.818100553075
14122127;0;-56.078186;-22.599833;141.824905;-189.953857;111.102333;-148.438950;-5.455970;8.257865;-1.276557;7.476800;5.571837;3.037450553075
14122151;0;-56.078129;-22.303982;141.664917;-189.963593;111.235870;-148.464523;-5.397795;7.648465;-1.117157;7.255075;5.552763;3.120888553075
14122175;0;-56.078110;-22.009922;141.504120;-189.973145;111.367012;-148.490784;-5.384445;8.094786;-1.212529;7.176387;5.688663;3.166188553075
14122199;0;-56.078018;-21.716389;141.342194;-189.982086;111.494324;-148.518509;-5.379675;8.255955;-1.149857;7.176387;6.680488;3.073213553075
14122223;0;-56.078041;-21.424318;141.180023;-189.991272;111.622955;-148.548126;-5.342480;8.831019;-1.119886;7.061950;6.153575;2.822875553075
14122247;0;-56.077953;-21.134926;141.017471;-189.999893;111.749390;-148.577133;-5.297660;8.056640;-1.386914;7.078637;5.090225;2.522462553075
14122271;0;-56.077953;-20.847174;140.853729;-190.008453;111.872635;-148.600159;-5.298610;7.926940;-1.017700;7.238387;5.123613;2.522462553075
14122295;0;-56.077942;-20.560869;140.689453;-190.017075;111.991867;-148.622986;-5.284305;8.090014;-0.880100;7.150163;6.375313;2.417562553075
14122319;0;-56.077953;-20.274807;140.524170;-190.025497;112.112000;-148.643616;-5.232810;8.379934;-0.907350;7.135863;5.669588;2.493850553075
14122343;0;-56.077923;-19.990942;140.359467;-190.034027;112.227875;-148.663055;-5.213735;8.587835;-1.004079;7.197850;5.962838;2.584450553075
14122367;0;-56.077900;-19.709000;140.193878;-190.042511;112.342522;-148.681931;-5.185125;8.152005;-0.998629;7.159700;5.853175;2.827637553075
14122391;0;-56.077900;-19.428190;140.027512;-190.050873;112.455063;-148.701797;-5.169865;7.946010;-1.009529;7.011888;5.881775;3.018375553075
14122415;0;-56.077900;-19.148676;139.860641;-190.059280;112.565681;-148.721069;-5.157470;8.555410;-0.926421;6.890287;5.505075;3.209113553075
14122439;0;-56.077877;-18.870655;139.692902;-190.067368;112.674629;-148.742233;-5.125995;8.755680;-0.945493;6.849763;6.003375;3.180500553075
14122463;0;-56.077888;-18.593592;139.526169;-190.075684;112.781563;-148.761292;-5.087850;8.732795;-1.499993;6.527900;5.614750;3.352163553075
14122487;0;-56.077877;-18.318428;139.357117;-190.083420;112.885780;-148.783585;-5.066870;9.004590;-1.102171;6.594650;6.201262;3.366462553075
14122511;0;-56.077900;-18.045143;139.187027;-190.091080;112.988693;-148.804535;-5.045890;8.761405;-0.803807;6.535050;6.389613;3.414150553075
14122535;0;-56.077888;-17.773550;139.017517;-190.098923;113.089615;-148.826065;-5.015370;8.035655;-0.889636;6.408688;6.113050;3.371238553075
14122559;0;-56.077888;-17.502012;138.847672;-190.106110;113.189514;-148.847351;-4.970550;8.542060;-1.196179;6.508825;6.377687;3.254412553075
14122583;0;-56.077888;-17.231968;138.677261;-190.113373;113.287216;-148.866608;-4.959105;8.904455;-0.995907;6.656638;6.117813;3.342625553075
14122607;0;-56.077900;-16.963957;138.505997;-190.120651;113.382874;-148.884933;-4.879950;8.870120;-0.975471;6.589887;6.444450;3.311625553075
14122631;0;-56.077900;-16.697044;138.334045;-190.127625;113.477150;-148.902756;-4.850385;8.675575;-0.926421;6.871212;6.108275;3.294938553075
14122655;0;-56.077900;-16.431185;138.162277;-190.134766;113.567451;-148.920319;-4.843710;8.643150;-1.292907;6.792538;7.016650;3.380775553075
14122679;0;-56.077900;-16.166811;137.989120;-190.141769;113.660210;-148.937012;-4.822730;8.773800;-0.826971;6.895062;5.681512;3.519050553075
14122703;0;-56.077900;-15.903204;137.815933;-190.148834;113.747818;-148.953735;-4.792210;9.284970;-1.043586;6.809225;6.153575;3.502362553075
14122727;0;-56.077900;-15.641180;137.641525;-190.155792;113.834427;-148.970627;-4.754065;9.147640;-0.851493;6.799687;5.848400;3.564350553075
14122751;0;-56.077930;-15.380937;137.467621;-190.162552;113.918335;-148.988846;-4.702565;8.492465;-1.088550;6.933200;6.802075;3.495213553075
14122775;0;-56.077930;-15.121966;137.292969;-190.169571;114.002708;-149.007263;-4.697795;8.025165;-0.933236;6.599425;6.432525;3.385537553075
14122799;0;-56.077923;-14.863810;137.117981;-190.176117;114.082687;-149.028030;-4.672050;8.342740;-1.080371;6.673325;7.073875;3.125662553075
14122823;0;-56.077923;-14.606104;136.941788;-190.182343;114.164948;-149.047150;-4.642485;9.049415;-1.006807;6.756775;5.700587;2.861012553075
14122847;0;-56.077930;-14.350539;136.766144;-190.188599;114.243141;-149.062759;-4.624365;8.978840;-1.177100;6.816375;6.208412;2.765650553075
14122871;0;-56.077942;-14.096052;136.589828;-190.194717;114.318916;-149.079559;-4.543300;9.058950;-1.177100;6.833075;6.725787;2.532000553075
14122895;0;-56.077942;-13.842554;136.412079;-190.200714;114.395004;-149.095764;-4.505155;9.174345;-1.044950;6.961813;6.160725;2.236362553075
14122919;0;-56.077930;-13.590241;136.233551;-190.206848;114.468994;-149.108917;-4.500385;8.896825;-0.817429;6.952275;5.750650;2.226825553075
14122943;0;-56.077942;-13.339259;136.055557;-190.212753;114.539734;-149.124557;-4.441260;8.590695;-0.856943;6.983275;6.458750;2.024163553075
14122967;0;-56.077953;-13.088595;135.877930;-190.218796;114.608208;-149.136780;-4.372595;9.085655;-1.065386;6.775850;7.159700;1.943100553075
14122991;0;-56.077953;-12.839524;135.698914;-190.224716;114.679062;-149.148392;-4.352565;9.101865;-1.080371;6.737700;5.903238;1.950263553075
14123015;0;-56.077942;-12.591815;135.518967;-190.230392;114.746132;-149.159988;-4.304885;8.905410;-0.858300;6.656638;6.647100;1.966950553075
14123039;0;-56.077965;-12.345634;135.338928;-190.236130;114.811783;-149.171616;-4.251480;8.635520;-0.889636;6.456375;6.337163;1.947875553075
14123063;0;-56.077988;-12.100067;135.159683;-190.241806;114.876389;-149.182571;-4.249570;8.930204;-1.321514;6.241787;6.105887;1.997937553075
14123087;0;-56.077988;-11.854962;134.977737;-190.246994;114.938393;-149.193634;-4.182815;9.290695;-0.817429;6.284712;6.992813;2.126688553075
14123111;0;-56.077999;-11.611307;134.796112;-190.252243;115.000443;-149.204391;-4.145620;9.340284;-0.897814;6.148813;6.084438;2.129075553075
14123135;0;-56.078018;-11.369411;134.614487;-190.257339;115.060196;-149.214798;-4.117010;8.958815;-0.865114;6.029600;6.287087;2.241125553075
14123159;0;-56.078018;-11.127678;134.432755;-190.262253;115.117638;-149.225159;-4.082675;9.187695;-0.978193;5.977150;6.740088;2.379413553075
14123183;0;-56.078018;-10.887099;134.250092;-190.266968;115.174881;-149.237152;-4.035945;9.322165;-1.035414;5.977150;6.484975;2.367487553075
14123207;0;-56.078087;-10.647696;134.066940;-190.271759;115.232727;-149.247223;-3.958700;9.191510;-0.908714;5.917538;5.705350;2.436637553075
14123231;0;-56.078053;-10.409238;133.883530;-190.276138;115.285385;-149.258698;-4.001615;9.315490;-1.106257;5.877012;6.301400;2.479550553075
14123255;0;-56.078087;-10.171077;133.700577;-190.280716;115.337692;-149.269608;-3.932950;9.567260;-1.193450;5.779263;6.306162;2.503387553075
14123279;0;-56.078087;-9.934607;133.515274;-190.285065;115.388611;-149.278625;-3.904340;9.457585;-0.971379;5.772113;6.363388;2.5963757553075
