# Temp Start [C] | A1:315.0 | A2:323.0 | A3:313.0 | A4:318.0 | A5:312.0 | A6:311.0
Time;Label;A1;A2;A3;A4;A5;A6;Cur1;Cur2;Cur3;Cur4;Cur5;Cur6
6623325;0;0.625979;-89.518570;90.282326;4.940026;90.483307;-143.840179;0.761030;7.260320;-5.668907;4.770750;-0.226488;-1.695150
6623349;0;0.625968;-89.518555;90.282341;4.940002;90.483261;-143.840179;0.751495;7.239340;-5.678443;4.799363;-0.226488;-1.702300
6623373;0;0.625979;-89.518578;90.282280;4.940050;90.483284;-143.839981;0.755310;7.254600;-5.724764;4.792212;-0.238412;-1.676075
6623397;0;0.625979;-89.518547;90.282326;4.940026;90.483284;-143.840179;0.745770;7.271765;-5.693429;4.789825;-0.228875;-1.676075
6623421;0;0.625968;-89.518570;90.282341;4.940026;90.483261;-143.840118;0.761985;7.248875;-5.689342;4.813663;-0.247950;-1.723762
6623445;0;0.625979;-89.518570;90.282318;4.940026;90.483284;-143.840042;0.734325;7.210730;-5.674357;4.777900;-0.252712;-1.695150
6623469;0;0.625979;-89.518570;90.282318;4.940050;90.483284;-143.840179;0.739095;7.248875;-5.687985;4.808900;-0.243175;-1.671313
6623493;0;0.625968;-89.518570;90.282326;4.940050;90.483261;-143.840042;0.735280;7.235525;-5.675722;4.765975;-0.214575;-1.685612
6623517;0;0.623947;-89.518570;90.282318;4.940050;90.483284;-143.840118;6.391525;7.254600;-5.685257;4.744525;-0.252712;-1.671313
6623541;0;0.548987;-89.518555;90.282272;4.940050;90.483261;-143.840317;22.418974;7.266040;-5.666185;4.794588;-0.207412;-1.690387
6623565;0;0.250280;-89.518631;90.282372;4.940170;90.482506;-143.840332;40.528294;7.673260;-5.674357;4.849425;0.000000;-1.6570007
6623589;0;-0.480410;-89.519699;90.282455;4.940265;90.482582;-143.840256;58.726311;8.803365;-5.559914;4.928100;0.064362;-1.664150
6623613;0;-1.845648;-89.522789;90.282722;4.940433;90.482216;-143.840271;72.887421;10.801315;-5.228858;5.052087;0.159737;-1.621238
6623637;0;-3.950761;-89.530167;90.282974;4.940576;90.482796;-143.840378;73.820107;12.001036;-5.023136;5.085463;-1.096725;-1.626012
6623661;0;-6.735070;-89.537148;90.283096;4.940599;90.482887;-143.839508;64.895622;13.896940;-5.091257;5.004400;0.333775;-1.5926252
6623685;0;-10.031857;-89.540749;90.283272;4.940408;90.482216;-143.839478;50.354958;15.079495;-4.773814;5.009162;0.338550;-1.578325
6623709;0;-13.618366;-89.541870;90.283272;4.940170;90.482361;-143.839417;39.059635;15.290260;-4.893707;5.116462;0.083437;-1.575938
6623733;0;-17.326658;-89.541992;90.283272;4.940145;90.482605;-143.839340;34.174915;15.016554;-4.886893;4.949563;0.405300;-1.528262
6623757;0;-21.066757;-89.542473;90.283119;4.940050;90.482803;-143.839340;31.870838;14.987946;-4.889622;4.994863;0.391000;-1.549712
6623781;0;-24.812897;-89.542763;90.283119;4.940050;90.482536;-143.839279;30.346870;15.218730;-4.965914;4.980563;0.600812;-1.518725
6623805;0;-28.557224;-89.543037;90.283165;4.940050;90.481911;-143.839294;31.557079;15.284535;-4.923678;4.920950;0.324237;-1.521100
6623829;0;-32.300629;-89.543449;90.283264;4.939979;90.482246;-143.839294;31.418800;15.339849;-4.783357;4.968637;0.350475;-1.509187
6623853;0;-36.044792;-89.544159;90.283340;4.940002;90.482849;-143.839264;31.038280;15.372274;-4.705700;4.932875;0.729550;-1.475800
6623877;0;-39.788681;-89.544800;90.283272;4.940002;90.483139;-143.839325;31.718250;15.316960;-4.732943;4.885187;0.574588;-1.466263
6623901;0;-43.533775;-89.545059;90.283203;4.939979;90.482803;-143.839279;30.819889;15.496249;-4.739757;4.918575;0.712862;-1.449575
6623925;0;-47.277466;-89.545418;90.283249;4.940002;90.482224;-143.839218;30.450821;15.510554;-4.683900;4.799363;0.553125;-1.463887
6623949;0;-51.020817;-89.546219;90.283394;4.939955;90.482658;-143.839417;30.778879;15.319819;-4.606243;4.861350;0.348087;-1.442425
6623973;0;-54.764977;-89.546570;90.283455;4.940050;90.483261;-143.839325;31.998631;15.427585;-4.498614;4.794588;0.741475;-1.409050
6623997;0;-58.509315;-89.546761;90.283401;4.939979;90.483406;-143.839249;30.619621;15.450475;-4.513600;4.820813;0.700950;-1.401900
6624021;0;-62.253345;-89.547081;90.283340;4.940026;90.483208;-143.839523;29.882431;15.426636;-4.564007;4.804125;0.619888;-1.363750
6624045;0;-65.996490;-89.547546;90.283401;4.940098;90.482658;-143.839600;32.449718;15.387535;-4.509514;4.715912;0.531662;-1.361363
6624069;0;-69.741028;-89.547806;90.283554;4.940026;90.482773;-143.839340;30.345913;15.373225;-4.397800;4.744525;0.455375;-1.363750
6624093;0;-73.485954;-89.547913;90.283669;4.940050;90.483475;-143.839386;29.908180;15.432355;-4.341943;4.737375;0.610350;-1.304137
6624117;0;-77.228561;-89.548134;90.283592;4.939979;90.483597;-143.839508;32.213211;15.382765;-4.340579;4.718300;0.751013;-1.316062
6624141;0;-80.973183;-89.548409;90.283524;4.940050;90.483261;-143.839645;30.129429;15.316005;-4.382814;4.713525;0.586500;-1.256462
6624165;0;-84.717819;-89.548569;90.283592;4.940026;90.482826;-143.839600;30.203815;15.360830;-4.328314;4.689688;0.519750;-1.249313
6624189;0;-88.460823;-89.548637;90.283752;4.940098;90.482895;-143.839462;30.982014;15.331265;-4.228864;4.613388;0.488750;-1.225462
6624213;0;-92.205032;-89.548759;90.283829;4.940098;90.483521;-143.839645;30.872339;15.322685;-4.140307;4.661075;0.569812;-1.215925
6624237;0;-95.949280;-89.548981;90.283775;4.940098;90.483742;-143.839706;30.604359;15.193934;-4.163464;4.575250;0.789163;-1.218313
6624261;0;-99.693314;-89.549080;90.283722;4.940074;90.483307;-143.839722;29.589649;15.223500;-4.200250;4.549025;0.531662;-1.139637
6624285;0;-103.436630;-89.549164;90.283798;4.940050;90.482918;-143.839661;31.409260;15.217779;-4.152565;4.603862;0.464913;-1.161088
6624309;0;-107.180702;-89.549278;90.283951;4.940074;90.482941;-143.839661;30.650135;15.170094;-4.027228;4.560937;0.505437;-1.161088
6624333;0;-110.925415;-89.549507;90.284088;4.940074;90.483574;-143.839767;29.532429;15.048981;-3.989079;4.544250;0.500675;-1.122950
6624357;0;-114.668694;-89.549515;90.284027;4.940145;90.483833;-143.839767;31.797405;15.116690;-3.984993;4.534712;0.724787;-1.130100
6624381;0;-118.412476;-89.549606;90.283974;4.940098;90.483261;-143.839722;30.294415;15.029905;-4.010879;4.510875;0.593650;-1.149175
6624405;0;-122.157135;-89.549835;90.284065;4.940145;90.482918;-143.839798;29.974934;14.864920;-4.020414;4.475112;0.410075;-1.122950
6624429;0;-125.900291;-89.549934;90.284248;4.940170;90.482994;-143.839859;31.592365;14.878270;-3.880086;4.451262;0.417225;-1.111025
6624453;0;-129.644562;-89.549988;90.284302;4.940145;90.483521;-143.839767;30.572891;14.853475;-3.799707;4.417887;0.534050;-1.053800
6624477;0;-133.388687;-89.550133;90.284279;4.940170;90.483810;-143.839767;30.883785;14.739990;-3.877364;4.429812;0.693788;-1.025187
6624501;0;-137.132706;-89.550186;90.284264;4.940170;90.483330;-143.839981;30.883785;14.593120;-3.901886;4.391663;0.567425;-1.006125
6624525;0;-140.876724;-89.550201;90.284294;4.940170;90.482872;-143.840057;30.558586;14.662740;-3.844664;4.401200;0.402925;-1.013275
6624549;0;-144.617767;-89.550201;90.284454;4.940194;90.482941;-143.839981;28.411865;14.548300;-3.742486;4.379737;0.483987;-0.991813
6624573;0;-148.298172;-89.549690;90.284538;4.940145;90.483330;-143.840042;18.233295;12.874600;-3.861014;4.315375;0.448225;-0.984662
6624597;0;-151.750366;-89.546593;90.284393;4.940074;90.482849;-143.840057;-0.514030;10.041235;-4.138943;4.222387;0.290863;-0.979900
6624621;0;-154.715820;-89.541588;90.284523;4.939525;90.483025;-143.840073;-24.763103;6.974220;-4.356928;3.929137;0.636575;-0.965587
6624645;0;-156.971497;-89.537849;90.284554;4.938402;90.484222;-143.840012;-38.271900;4.680630;-4.859650;2.996912;1.032350;-0.936975
6624669;0;-158.426636;-89.536774;90.284554;4.938068;90.484009;-143.840286;-36.227226;3.400800;-4.660736;2.765650;-0.269413;-0.908363
6624693;0;-159.173264;-89.536674;90.284538;4.938163;90.483841;-143.840164;-22.529600;3.053665;-4.543571;2.598763;0.159737;-0.8869123
6624717;0;-159.447540;-89.536469;90.284340;4.938354;90.483498;-143.840363;-7.952690;2.895355;-4.474093;2.460475;0.426762;-0.90598823
6624741;0;-159.497604;-89.535995;90.284302;4.938593;90.483353;-143.840363;3.114700;2.455710;-4.487714;2.348413;0.464913;-0.913137823
6624765;0;-159.497055;-89.535675;90.284225;4.938760;90.483353;-143.840485;4.157065;1.895900;-4.493164;2.241125;0.398150;-0.844000823
6624789;0;-159.495102;-89.535271;90.284195;4.938880;90.483276;-143.840424;-0.983235;1.468655;-4.521779;2.093313;0.352850;-0.85353723
6624813;0;-159.426239;-89.534348;90.284164;4.938975;90.483467;-143.840546;-22.237774;1.218795;-4.502700;1.955025;0.269413;-0.8559123
6624837;0;-159.128983;-89.533524;90.284340;4.938880;90.483688;-143.840530;-39.567944;1.425740;-4.580357;1.530638;0.309938;-0.8392253
6624861;0;-158.396149;-89.533661;90.284477;4.938689;90.483398;-143.840424;-57.573311;2.271650;-4.546300;1.413813;0.097750;-0.8296883
6624885;0;-157.026932;-89.534782;90.284721;4.938808;90.483421;-143.840424;-71.562767;4.633900;-4.110335;1.258850;-0.007150;-0.872600
6624909;0;-154.920044;-89.537025;90.284912;4.938713;90.483788;-143.840012;-73.891632;7.658955;-3.803793;1.206388;1.313675;-0.8249250
6624933;0;-152.128189;-89.538826;90.284897;4.938785;90.483109;-143.840363;-64.153671;10.002134;-3.886900;1.039500;0.751013;-0.820150
6624957;0;-148.823547;-89.540100;90.284988;4.939095;90.482521;-143.840363;-46.655647;11.287684;-3.787443;0.939363;0.481600;-0.822537
6624981;0;-145.230865;-89.540550;90.284897;4.939358;90.482735;-143.840286;-36.183353;11.226650;-3.863743;0.944137;0.488750;-0.808237
6625005;0;-141.521500;-89.540497;90.284714;4.939620;90.482491;-143.840286;-31.314844;11.031150;-3.908700;0.908363;0.460138;-0.774850
6625029;0;-137.779922;-89.540588;90.284653;4.939620;90.483047;-143.840393;-31.885143;11.211395;-3.995893;0.894063;0.460138;-0.791537
6625053;0;-134.033157;-89.540749;90.284752;4.939740;90.483650;-143.840378;-29.565811;11.433599;-3.993164;0.884525;0.624650;-0.751013
6625077;0;-130.288101;-89.541100;90.284866;4.939859;90.483475;-143.840317;-28.760910;11.525149;-3.831043;0.839225;0.627038;-0.824925
6625101;0;-126.545593;-89.541367;90.284851;4.939859;90.483017;-143.840332;-31.322475;11.907576;-3.771100;0.808237;0.491138;-0.755775
6625125;0;-122.801704;-89.541641;90.284790;4.939931;90.482780;-143.840393;-29.799461;12.112616;-3.851479;0.803463;0.379075;-0.777237
6625149;0;-119.055969;-89.541870;90.284721;4.939979;90.483185;-143.840378;-28.994560;12.157440;-3.893714;0.720012;0.503062;-0.777237
6625173;0;-115.311905;-89.542091;90.284790;4.940050;90.483688;-143.840363;-29.967304;12.518880;-3.813329;0.796312;0.543588;-0.746250
6625197;0;-111.569054;-89.542450;90.284927;4.940098;90.483574;-143.840363;-29.969215;12.612340;-3.728864;0.722400;0.727175;-0.765312
6625221;0;-107.824997;-89.542824;90.284950;4.940074;90.482994;-143.840378;-30.000683;12.680051;-3.712514;0.696175;0.467300;-0.703325
6625245;0;-104.080261;-89.542961;90.284828;4.940170;90.482796;-143.840393;-28.916355;12.968060;-3.727500;0.720012;0.402925;-0.708100
6625269;0;-100.336159;-89.543137;90.284790;4.940074;90.483086;-143.840317;-29.702183;13.082500;-3.779271;0.696175;0.548362;-0.703325
6625293;0;-96.592903;-89.543549;90.284866;4.940194;90.483765;-143.840363;-30.438419;13.130185;-3.758836;0.693788;0.505437;-0.7009505
6625317;0;-92.849030;-89.543945;90.285004;4.940194;90.483643;-143.840363;-28.758999;13.195990;-3.644393;0.665188;0.700950;-0.7081005
6625341;0;-89.104492;-89.544044;90.285004;4.940170;90.482895;-143.840378;-29.821396;13.434410;-3.599436;0.655650;0.452987;-0.7081005
6625365;0;-85.360703;-89.544189;90.284927;4.940194;90.482918;-143.840515;-29.873844;13.523100;-3.664829;0.689025;0.312325;-0.6842505
6625389;0;-81.616562;-89.544525;90.284874;4.940241;90.483185;-143.840378;-28.707500;13.562200;-3.692079;0.624650;0.555512;-0.6937885
6625413;0;-77.873138;-89.544914;90.284927;4.940217;90.483711;-143.840363;-30.440331;13.584135;-3.653929;0.646113;0.460138;-0.7033255
6625437;0;-74.129173;-89.545044;90.285072;4.940265;90.483688;-143.840363;-29.724121;13.919830;-3.573550;0.643725;0.746250;-0.6914135
6625461;0;-70.384033;-89.545166;90.285095;4.940265;90.482895;-143.840454;-28.580666;13.888354;-3.534043;0.610350;0.452987;-0.6866385
6625485;0;-66.640724;-89.545471;90.284996;4.940265;90.482986;-143.840637;-29.638290;13.875005;-3.558564;0.641338;0.252712;-0.6794885
6625509;0;-62.897202;-89.545769;90.284927;4.940289;90.483162;-143.840439;-29.688835;14.026640;-3.599436;0.607962;0.615112;-0.6771005
6625533;0;-59.152325;-89.545959;90.285065;4.940265;90.483688;-143.840485;-29.543873;14.051435;-3.584450;0.598425;0.424375;-0.6866385
6625557;0;-55.408482;-89.546112;90.285172;4.940313;90.483711;-143.840485;-28.935429;14.138220;-3.490443;0.660412;0.665188;-0.6866385
6625581;0;-51.664845;-89.546288;90.285149;4.940313;90.482918;-143.840378;-29.420849;14.159200;-3.437314;0.534050;0.517362;-0.6818755
6625605;0;-47.921188;-89.546631;90.285072;4.940289;90.482918;-143.840576;-30.346870;14.129636;-3.520414;0.638950;0.228875;-0.6794885
6625629;0;-44.176674;-89.546844;90.285042;4.940361;90.483208;-143.840500;-28.538700;14.231680;-3.553114;0.634188;0.555512;-0.6699505
6625653;0;-40.432919;-89.546883;90.285095;4.940313;90.483566;-143.840424;-29.767036;14.269824;-3.474093;0.596038;0.534050;-0.6628005
6625677;0;-36.689754;-89.547081;90.285240;4.940337;90.483688;-143.840485;-30.693050;14.322279;-3.445486;0.603188;0.593650;-0.6794885
6625701;0;-32.944767;-89.547295;90.285278;4.940384;90.483009;-143.840500;-28.301235;14.286990;-3.403250;0.617500;0.541200;-0.6532625
6625725;0;-29.200825;-89.547539;90.285126;4.940337;90.482727;-143.840515;-29.674530;14.216420;-3.431865;0.617500;0.293250;-0.6508755
6625749;0;-25.457268;-89.547607;90.285103;4.940337;90.483253;-143.840637;-30.219074;14.363284;-3.467286;0.679488;0.433913;-0.6794885
6625773;0;-21.712379;-89.547684;90.285217;4.940384;90.483711;-143.840347;-28.686520;14.331815;-3.455022;0.600812;0.638950;-0.6675635
6625797;0;-17.968809;-89.547905;90.285324;4.940313;90.483566;-143.840424;-29.572483;14.242169;-3.354207;0.648488;0.476825;-0.6699505
6625821;0;-14.225142;-89.547989;90.285347;4.940384;90.483086;-143.840576;-29.618259;14.471049;-3.314693;0.641338;0.569812;-0.6604125
6625845;0;-10.480869;-89.548058;90.285263;4.940361;90.482674;-143.840576;-29.664034;14.355655;-3.429136;0.610350;0.338550;-0.6723385
6625869;0;-6.736882;-89.548157;90.285187;4.940337;90.483299;-143.840500;-29.463764;14.293671;-3.452300;0.674713;0.312325;-0.65565085
6625893;0;-2.993005;-89.548218;90.285248;4.940408;90.483711;-143.840408;-29.429436;14.420505;-3.392350;0.624650;0.739087;-0.63180085
6625917;0;0.750509;-89.548332;90.285400;4.940337;90.483498;-143.840561;-30.546185;14.368054;-3.343307;0.629425;0.510212;-0.653262085
6625941;0;4.494880;-89.548409;90.285439;4.940433;90.483109;-143.840561;-29.231071;14.360425;-3.306521;0.717637;0.536438;-0.646113085
6625965;0;8.239109;-89.548409;90.285294;4.940361;90.482651;-143.840576;-29.068943;14.387131;-3.321507;0.638950;0.426762;-0.655650085
6625989;0;11.982547;-89.548485;90.285271;4.940361;90.483253;-143.840500;-30.796999;14.362335;-3.390993;0.712862;0.317088;-0.65087585
6626013;0;15.726709;-89.548553;90.285347;4.940408;90.483711;-143.840347;-29.589649;14.453885;-3.395079;0.679488;0.698563;-0.65087585
6626037;0;19.471037;-89.548584;90.285461;4.940337;90.483467;-143.840561;-29.582020;14.386175;-3.261564;0.693788;0.531662;-0.66518885
6626061;0;23.214836;-89.548637;90.285492;4.940337;90.483131;-143.840637;-30.238148;14.396665;-3.257478;0.774850;0.486362;-0.65565085
6626085;0;26.959427;-89.548637;90.285400;4.940408;90.482697;-143.840454;-29.129978;14.406199;-3.322871;0.705712;0.424375;-0.65565085
6626109;0;30.703623;-89.548691;90.285301;4.940337;90.483208;-143.840439;-29.483795;14.281270;-3.346029;0.727175;0.371925;-0.65087585
6626133;0;34.447105;-89.548714;90.285400;4.940408;90.483711;-143.840607;-29.709816;14.410970;-3.348757;0.774850;0.631800;-0.65565085
6626157;0;38.191002;-89.548729;90.285545;4.940337;90.483566;-143.840485;-29.792786;14.373775;-3.279271;0.679488;0.567425;-0.65802585
6626181;0;41.935364;-89.548782;90.285545;4.940408;90.483086;-143.840500;-29.438015;14.313695;-3.241128;0.767700;0.476825;-0.66518885
6626205;0;45.679440;-89.548805;90.285439;4.940408;90.482719;-143.840378;-28.734203;14.424319;-3.280636;0.739087;0.388613;-0.67948885
6626229;0;49.420811;-89.548782;90.285378;4.940337;90.483154;-143.840637;-29.401775;14.287946;-3.367829;0.739087;0.388613;-0.65565085
6626253;0;53.127312;-89.548508;90.285400;4.940384;90.483643;-143.840485;-19.438740;13.432500;-3.410064;0.822537;0.560275;-0.67233885
6626277;0;56.639389;-89.546013;90.285187;4.940576;90.483154;-143.840698;-1.290320;10.405540;-3.752022;0.846375;0.567425;-0.662800885
6626301;0;59.709099;-89.541870;90.285271;4.941698;90.484100;-143.840958;24.832726;6.995200;-3.828314;1.428125;0.908363;-0.6699500885
6626325;0;62.091419;-89.538795;90.285149;4.942343;90.482933;-143.841354;37.927624;4.332540;-4.335128;1.997937;-0.429150;-0.684250885
6626349;0;63.672043;-89.537628;90.285126;4.943083;90.483650;-143.841187;40.103909;2.815245;-4.089900;2.634525;0.889300;-0.6890250885
6626373;0;64.512016;-89.537483;90.285004;4.942605;90.483536;-143.841263;26.349064;2.388950;-3.997257;2.627362;0.281325;-0.7104750885
6626397;0;64.834709;-89.537308;90.285141;4.942247;90.483658;-143.841003;10.866165;2.283095;-4.044936;2.677438;0.398150;-0.7271750885
6626421;0;64.902809;-89.536552;90.285172;4.941698;90.483307;-143.841110;-1.018520;1.942630;-4.074907;2.562987;0.317088;-0.7009500885
6626445;0;64.902138;-89.535774;90.285187;4.941364;90.483315;-143.840988;-4.045485;1.503940;-4.123957;2.579688;0.314712;-0.7939250885
6626469;0;64.902306;-89.535187;90.285172;4.941220;90.483360;-143.841064;-4.191395;1.013755;-4.177093;2.660750;0.290863;-0.7462500885
6626493;0;64.882957;-89.534103;90.285202;4.941125;90.483459;-143.840988;13.609884;0.921245;-4.216600;2.782338;0.140663;-0.7033250885
6626517;0;64.722733;-89.533180;90.285141;4.941245;90.483864;-143.840973;28.701778;0.481605;-4.196165;2.915850;0.009525;-0.7510130885
6626541;0;64.235268;-89.533188;90.285118;4.941364;90.483261;-143.841049;48.474308;0.980375;-4.223414;3.087512;0.367162;-0.7247870885
6626565;0;63.210342;-89.533882;90.285072;4.941555;90.483498;-143.840973;67.193977;2.558705;-4.147114;3.337850;0.026225;-0.7367120885
6626589;0;61.470383;-89.535797;90.285248;4.941722;90.482338;-143.841003;75.259201;5.492210;-3.716600;3.602500;0.448225;-0.7677000885
6626613;0;58.997726;-89.538200;90.285370;4.941603;90.483498;-143.840973;67.278862;8.211135;-3.690714;3.619187;0.689025;-0.7629370885
6626637;0;55.919224;-89.539902;90.285187;4.941507;90.483330;-143.840652;56.024551;10.112761;-3.711150;3.590575;0.617500;-0.767700885
6626661;0;52.440140;-89.540451;90.285370;4.941006;90.483559;-143.840668;42.513844;10.801315;-3.653929;3.488062;0.569812;-0.774850885
6626685;0;48.771496;-89.540298;90.285240;4.940767;90.483322;-143.840546;34.381866;10.329245;-3.773822;3.557200;0.357625;-0.751013885
6626709;0;45.033749;-89.540352;90.285172;4.940576;90.483009;-143.840439;29.532429;10.368345;-3.871914;3.526200;0.538825;-0.779625885
6626733;0;41.289268;-89.540421;90.285149;4.940337;90.482361;-143.840591;29.232975;10.774611;-3.904614;3.378387;0.445837;-0.748625885
6626757;0;37.545986;-89.540588;90.285278;4.940241;90.482605;-143.840591;30.362125;10.887145;-3.839214;3.442762;0.340937;-0.722400885
6626781;0;33.801220;-89.540665;90.285370;4.940217;90.483253;-143.840378;30.169483;11.293409;-3.813329;3.480900;0.622262;-0.720012885
6626805;0;30.056648;-89.541023;90.285225;4.940145;90.483452;-143.840363;28.686520;11.337280;-3.839214;3.340238;0.624650;-0.751013885
6626829;0;26.312267;-89.541367;90.285149;4.940074;90.483162;-143.840515;28.954506;11.584280;-3.942757;3.418912;0.610350;-0.753400885
6626853;0;22.569401;-89.541595;90.285172;4.940074;90.482605;-143.840530;30.637741;11.901855;-3.953657;3.380775;0.460138;-0.724787885
6626877;0;18.824810;-89.541847;90.285240;4.940050;90.482773;-143.840393;29.179569;11.964795;-3.882814;3.347388;0.371925;-0.724787885
6626901;0;15.083371;-89.542068;90.285301;4.940074;90.483452;-143.840378;26.193615;12.080191;-3.896436;3.366462;0.534050;-0.722400885
6626925;0;11.416861;-89.541527;90.285194;4.939979;90.483574;-143.840363;16.566275;10.495185;-4.073550;3.242487;0.710475;-0.717637885
6626949;0;8.002068;-89.538742;90.285103;4.939620;90.483047;-143.840393;-5.350110;7.623670;-4.397800;3.132813;0.424375;-0.75816237885
6626973;0;5.107379;-89.534424;90.285072;4.938904;90.482986;-143.840424;-28.491020;4.573820;-4.702971;2.751350;0.789163;-0.7057127885
6626997;0;2.939919;-89.530975;90.284973;4.938354;90.483810;-143.840347;-40.395733;2.586360;-5.042207;2.262588;1.151550;-0.7009507885
6627021;0;1.575989;-89.530090;90.284866;4.938092;90.483696;-143.840759;-35.820961;1.750945;-4.889622;1.916875;0.028600;-0.7343257885
6627045;0;0.900527;-89.530014;90.284828;4.938139;90.483238;-143.840454;-20.932194;1.623150;-4.839214;1.723762;0.550738;-0.7963127885
6627069;0;0.664882;-89.529961;90.284744;4.938426;90.483833;-143.840622;-5.923270;1.755710;-4.806514;1.657000;0.176425;-0.79870027885
6627093;0;0.626517;-89.529793;90.284637;4.938641;90.483856;-143.840668;2.910610;1.414295;-4.847386;1.637925;0.102513;-0.751013027885
6627117;0;0.626693;-89.529633;90.284554;4.938880;90.483757;-143.840607;2.965925;1.069065;-4.916872;1.533025;0.092975;-0.803463027885
6627141;0;0.626660;-89.532188;90.282928;4.938928;90.483757;-143.840805;3.036495;7.349010;-7.434572;1.447200;0.054825;-0.753400027885
6627165;0;0.626605;-89.597321;90.272003;4.938904;90.483711;-143.840607;3.027915;21.305080;-12.715199;1.368513;0.078675;-0.7843887885
6627189;0;0.626616;-89.824524;90.256798;4.938760;90.483543;-143.840408;3.179550;37.334438;-14.231544;0.963200;0.054825;-0.7152507885
6627213;0;0.626605;-90.355400;90.243126;4.939095;90.483078;-143.840347;3.228185;53.091042;-16.258780;1.206388;0.097750;-0.7414757885
6627237;0;0.626550;-91.344727;90.230255;4.939071;90.482864;-143.840088;3.250120;67.968361;-17.683844;0.808237;0.467300;-0.6890257885
6627261;0;0.626484;-92.910423;90.229721;4.939310;90.482712;-143.840088;3.333090;74.089996;-13.547622;0.784388;0.422000;-0.7033257885
6627285;0;0.626451;-95.080070;90.240921;4.939668;90.482880;-143.840271;3.306385;73.746681;-8.572165;0.362388;0.348087;-0.69141357885
6627309;0;0.626429;-97.812157;90.253113;4.939310;90.482742;-143.840088;3.441810;63.060760;-4.374636;1.330375;0.464913;-0.69856357885
6627333;0;0.626396;-100.990120;90.269836;4.939835;90.483093;-143.840393;3.500935;51.099777;-2.183907;0.762937;0.441063;-0.6985637885
6627357;0;0.626353;-104.468246;90.282166;4.939597;90.483093;-143.840332;3.429410;40.642735;0.294271;0.927437;0.553125;-0.69617537885
6627381;0;0.626364;-108.108742;90.294167;4.939668;90.483360;-143.840393;3.379820;31.552309;1.158029;0.903600;0.112050;-0.76531237885
6627405;0;0.626320;-111.822624;90.295578;4.939931;90.483429;-143.840439;3.475185;26.020050;-0.851493;0.724787;0.352850;-0.7104757885
6627429;0;0.626309;-115.559738;90.294937;4.939883;90.483406;-143.840515;3.507610;25.464054;-1.143043;0.674713;0.247950;-0.6914137885
6627453;0;0.626276;-119.300865;90.294983;4.939597;90.483673;-143.840515;3.487585;24.063110;-0.892364;0.724787;0.092975;-0.7414757885
6627477;0;0.626265;-123.044357;90.295059;4.939453;90.483482;-143.840393;3.584860;21.608349;-0.574929;0.760550;0.290863;-0.7343257885
6627501;0;0.626276;-126.783974;90.295876;4.939668;90.483482;-143.840515;3.596305;19.928930;0.865114;0.760550;0.085825;-0.72240057885
6627525;0;0.626254;-130.489395;90.303917;4.939883;90.483841;-143.840958;3.618240;13.137815;4.235672;0.629425;0.123975;-0.72478757885
6627549;0;0.626265;-134.087494;90.319427;4.939979;90.484055;-143.840881;3.661155;1.653670;5.025857;0.517362;-0.033375;-0.70571257885
6627573;0;0.626232;-137.479019;90.329521;4.939548;90.484444;-143.840820;3.634450;-11.069295;6.711136;0.715250;-0.195500;-0.770087885
6627597;0;0.626232;-140.539307;90.338074;4.940026;90.484581;-143.840988;3.671645;-22.414204;7.829665;0.309938;-0.391000;-0.774850885
6627621;0;0.626199;-143.164429;90.341232;4.939358;90.484833;-143.841019;3.666875;-32.632824;6.999964;0.834463;-0.574588;-0.772475885
6627645;0;0.626144;-145.294006;90.337112;4.939597;90.485123;-143.841064;3.688810;-37.698746;3.317421;0.233650;-0.805850;-0.810612885
6627669;0;0.626100;-146.894852;90.336075;4.940026;90.485016;-143.841309;3.695485;-37.148476;2.144400;0.314712;-0.910750;-0.758162885
6627693;0;0.626122;-148.001205;90.327095;4.940050;90.484947;-143.841110;3.687855;-33.575054;-2.079007;0.660412;-1.077650;-0.82492585
6627717;0;0.626100;-148.688690;90.315056;4.940122;90.484825;-143.841049;3.671645;-29.233929;-3.144400;0.669950;-1.089562;-0.83922585
6627741;0;0.626100;-149.047729;90.306000;4.940026;90.484634;-143.840988;3.706930;-22.104259;-5.437300;0.550738;-1.168250;-0.82730085
6627765;0;0.626067;-149.199966;90.295303;4.940265;90.484535;-143.840988;3.739355;-14.111514;-7.367815;0.681875;-1.235000;-0.84876385
6627789;0;0.626056;-149.251678;90.285614;4.940313;90.484337;-143.841064;3.738400;-10.902400;-6.302422;0.684250;-1.275537;-0.82492585
6627813;0;0.626078;-149.252701;90.287117;4.940313;90.484245;-143.840927;3.703115;-8.512495;-4.351479;0.689025;-1.327987;-0.851150585
6627837;0;0.626078;-149.252991;90.287140;4.940289;90.484123;-143.840942;3.709790;-7.929800;-4.425043;0.727175;-1.375675;-0.874988585
6627861;0;0.626067;-149.238281;90.293152;4.940289;90.484123;-143.840942;3.693580;-19.753454;-0.163486;0.746250;-1.440037;-0.85591285
6627885;0;0.626045;-149.149460;90.301468;4.940194;90.484123;-143.841003;3.749845;-30.867573;2.362386;0.722400;-1.485337;-0.894063285
6627909;0;0.626056;-148.896194;90.309792;4.939859;90.484131;-143.840820;3.758430;-44.628139;4.303793;0.474450;-1.580713;-0.851150285
6627933;0;0.626056;-148.355911;90.320595;4.940026;90.484123;-143.840805;3.759380;-54.006577;5.799700;0.660412;-1.726150;-0.932213285
6627957;0;0.626056;-147.419281;90.331642;4.939931;90.484200;-143.840820;3.792760;-63.149452;6.423672;0.371925;-1.723762;-0.944137285
6627981;0;0.626012;-146.023178;90.330757;4.939907;90.484222;-143.840683;3.779410;-68.061821;4.226136;0.483987;-1.826275;-0.972737285
6628005;0;0.626012;-144.133438;90.330620;4.940026;90.484123;-143.841202;3.725050;-69.795601;4.343300;0.917900;-1.926412;-0.894063285
6628029;0;0.625979;-141.748581;90.328674;4.939477;90.483940;-143.840637;3.722190;-70.187561;3.009521;1.192088;-1.842975;-0.979900285
6628053;0;0.626012;-138.915955;90.322975;4.940026;90.483887;-143.840683;3.758430;-66.386223;-0.746586;0.648488;-1.947875;-0.94651385
6628077;0;0.625979;-135.713654;90.317810;4.940145;90.483688;-143.840683;3.740310;-57.161331;-3.144400;0.555512;-1.823900;-0.97990085
6628101;0;0.625979;-132.243149;90.310158;4.939979;90.483017;-143.840454;3.684040;-47.432892;-4.697521;0.691413;-1.766675;-0.92267585
6628125;0;0.625979;-128.611633;90.302620;4.939859;90.482582;-143.840073;3.788945;-38.198471;-5.313322;0.696175;-1.320837;-0.93460085
6628149;0;0.626001;-124.906204;90.300758;4.940122;90.482368;-143.840332;3.785130;-35.017010;-5.156650;0.674713;-1.487725;-0.87260085
6628173;0;0.626001;-121.170929;90.301720;4.940361;90.482216;-143.840332;3.725050;-33.101078;-3.848750;0.576962;-1.130100;-0.89645085
6628197;0;0.626034;-117.430511;90.301682;4.940361;90.481781;-143.840012;3.816600;-30.765530;-4.035400;0.560275;-0.939363;-0.88213785
6628221;0;0.625990;-113.688774;90.301682;4.940026;90.482002;-143.840088;3.781315;-29.964443;-4.162107;0.605575;-0.989425;-0.85830085
6628245;0;0.625979;-109.946846;90.301674;4.939835;90.481888;-143.840027;3.767010;-29.412264;-4.250657;0.696175;-0.767700;-0.86068885
6628269;0;0.626001;-106.203758;90.301643;4.940074;90.481956;-143.840027;3.787040;-27.620316;-4.333764;0.753400;-0.898838;-0.87498885
6628293;0;0.625979;-102.460495;90.301643;4.940408;90.482094;-143.840134;3.769870;-26.404381;-4.388257;0.560275;-0.560275;-0.85115085
6628317;0;0.626001;-98.718605;90.301582;4.940313;90.481880;-143.839890;3.799435;-26.701923;-4.427771;0.562662;-0.579350;-0.860688085
6628341;0;0.625957;-94.974808;90.301529;4.940050;90.482079;-143.839828;3.762245;-24.690624;-4.418236;0.667563;-0.543588;-0.865450085
6628365;0;0.625946;-91.230995;90.301575;4.939811;90.482132;-143.839767;3.826140;-22.460934;-4.445479;0.710475;-0.247950;-0.851150085
6628389;0;0.625979;-87.488632;90.301582;4.940074;90.482002;-143.839752;3.776550;-23.446079;-4.408700;0.762937;-0.464913;-0.829688085
6628413;0;0.625902;-83.744362;90.301529;4.940337;90.482124;-143.839874;3.707885;-21.555901;-4.351479;0.586500;-0.112050;-0.834463085
6628437;0;0.625924;-79.999603;90.301575;4.940337;90.482094;-143.839676;3.870960;-19.143101;-4.321500;0.550738;-0.119200;-0.839225085
6628461;0;0.625979;-76.256607;90.301582;4.940026;90.482346;-143.839676;3.782270;-19.760130;-4.228864;0.662800;-0.185962;-0.767700085
6628485;0;0.625935;-72.513184;90.301605;4.939859;90.482323;-143.839691;3.726955;-18.633839;-4.118507;0.755775;-0.038137;-0.808237085
6628509;0;0.625979;-68.768898;90.301628;4.940026;90.482147;-143.839554;3.847120;-16.569134;-4.008150;0.734325;-0.014300;-0.803463085
6628533;0;0.625957;-65.024887;90.301674;4.940337;90.482239;-143.839737;3.728865;-16.405106;-3.847393;0.593650;0.004763;-0.7987003085
6628557;0;0.625924;-61.281540;90.301697;4.940289;90.482124;-143.839752;3.748890;-16.004559;-3.730228;0.603188;0.224113;-0.7891633085
6628581;0;0.625979;-57.537598;90.301743;4.940026;90.481979;-143.839355;3.812785;-14.445300;-3.551750;0.612725;0.188350;-0.7867753085
6628605;0;0.625979;-53.793346;90.301826;4.939787;90.482224;-143.839630;3.705020;-13.299940;-3.445486;0.734325;0.267025;-0.7510133085
6628629;0;0.625979;-50.049755;90.301880;4.940098;90.482101;-143.839417;3.790855;-13.257980;-3.209793;0.691413;0.507825;-0.7271753085
6628653;0;0.625979;-46.305275;90.301971;4.940289;90.482147;-143.839417;3.797530;-12.740135;-3.027229;0.572200;0.336162;-0.7557753085
6628677;0;0.625979;-42.561607;90.302055;4.940289;90.482338;-143.839478;3.783225;-11.578555;-2.841943;0.524512;0.550738;-0.7677003085
6628701;0;0.625979;-38.817917;90.302193;4.940026;90.482346;-143.839355;3.783225;-11.556625;-2.674371;0.612725;0.553125;-0.7176373085
6628725;0;0.625968;-35.074600;90.302277;4.939811;90.482468;-143.839355;3.761290;-11.477469;-2.437314;0.705712;0.510212;-0.7176373085
6628749;0;0.625979;-31.330030;90.302399;4.940026;90.482460;-143.839279;3.784175;-10.103225;-2.223421;0.696175;0.755775;-0.6937883085
6628773;0;0.625979;-27.585648;90.302444;4.940289;90.482361;-143.839340;3.761290;-10.295865;-2.028600;0.557887;0.729550;-0.7081003085
6628797;0;0.625979;-23.842617;90.302444;4.940289;90.482483;-143.839600;3.770825;-10.318755;-2.158029;0.543588;0.689025;-0.6842503085
6628821;0;0.625979;-20.118231;90.294815;4.939979;90.482323;-143.839294;3.803250;-4.640575;-5.362371;0.634188;0.987050;-0.69378803085
6628845;0;0.625979;-16.464716;90.277260;4.939907;90.482346;-143.839157;3.787990;1.345630;-5.362371;0.646113;0.846375;-0.677100803085
6628869;0;0.625979;-12.953606;90.262177;4.940098;90.482246;-143.839279;3.778455;10.460850;-6.351464;0.565050;1.170625;-0.64372503085
6628893;0;0.625957;-9.675253;90.251366;4.940217;90.482216;-143.839417;3.794670;17.603870;-7.900507;0.574588;1.044263;-0.638950503085
6628917;0;0.625979;-6.715492;90.241516;4.940408;90.482117;-143.839279;3.756520;23.863789;-8.108950;0.307550;1.208775;-0.629425503085
6628941;0;0.625935;-4.123531;90.241150;4.939548;90.482346;-143.839111;3.712650;28.110500;-6.314686;0.774850;1.266000;-0.667563503085
6628965;0;0.625957;-1.933286;90.241219;4.940074;90.482704;-143.839279;3.707885;30.556675;-6.388250;0.016688;1.163475;-0.646113503085
6628989;0;0.626001;-0.153765;90.241196;4.940265;90.482841;-143.839523;3.792760;35.225864;-6.504057;0.665188;1.173012;-0.634188503085
6629013;0;0.625979;1.210221;90.241249;4.940337;90.482895;-143.839462;3.809925;36.916729;-6.501328;0.872600;1.091950;-0.6127258503085
6629037;0;0.625979;2.175282;90.246048;4.940098;90.482895;-143.839264;3.802295;35.603519;-2.100807;0.679488;1.242150;-0.5912758503085
6629061;0;0.625979;2.789187;90.249962;4.940289;90.483040;-143.839386;3.786085;29.570574;1.029964;0.736712;1.261225;-0.61988858503085
6629085;0;0.625957;3.129423;90.258247;4.939979;90.483116;-143.839325;3.787990;24.878500;2.054486;0.667563;1.235000;-0.60557558503085
6629109;0;0.625957;3.282473;90.263000;4.940289;90.483208;-143.839386;3.797530;20.546909;4.498614;0.789163;1.227850;-0.61035058503085
6629133;0;0.625924;3.334647;90.272453;4.940337;90.483276;-143.839569;3.777500;14.671326;3.959107;0.789163;1.094337;-0.64133858503085
6629157;0;0.625924;3.336888;90.270363;4.940289;90.483330;-143.839706;3.784175;13.413424;2.118514;0.815388;1.091950;-0.60318858503085
6629181;0;0.625935;3.337185;90.270363;4.940337;90.483330;-143.839508;3.750800;12.706755;2.385543;0.834463;1.082412;-0.59603858503085
6629205;0;0.625924;3.324705;90.265839;4.940289;90.483353;-143.839645;3.790855;22.509571;-1.307893;0.834463;1.087188;-0.5793508503085
6629229;0;0.625946;3.251547;90.261749;4.940194;90.483330;-143.839447;3.758430;32.416340;-4.028585;0.822537;1.099100;-0.5841258503085
6629253;0;0.625979;3.048442;90.257622;4.939859;90.483261;-143.839523;3.776550;43.395039;-5.915500;0.631800;1.101488;-0.4768258503085
6629277;0;0.625946;2.614537;90.253738;4.940289;90.483131;-143.839645;3.752705;52.274696;-7.581707;0.882137;1.165862;-0.5149758503085
6629301;0;0.625979;1.860875;90.248909;4.940265;90.483086;-143.839645;3.804205;58.514595;-7.984979;0.977513;1.213550;-0.4720628503085
6629325;0;0.625979;0.732085;90.250839;4.940050;90.483017;-143.839401;3.816600;63.407898;-4.874636;0.550738;1.201625;-0.4673008503085
6629349;0;0.625979;-0.799025;90.251167;4.940265;90.482941;-143.839523;3.770825;65.816872;-4.277907;0.655650;1.308913;-0.483987503085
6629373;0;0.625979;-2.740441;90.251915;4.939859;90.482903;-143.839340;3.802295;68.005562;-3.521778;0.548362;1.189700;-0.514975503085
6629397;0;0.625979;-5.084736;90.253487;4.940170;90.482941;-143.839462;3.810880;69.061272;-2.173014;0.145425;1.244538;-0.455375503085
6629421;0;0.625979;-7.820233;90.256599;4.939764;90.482948;-143.839203;3.798480;67.389481;-0.024521;1.108638;1.332750;-0.460138503085
6629445;0;0.625924;-10.897295;90.264046;4.940026;90.482895;-143.839401;3.790855;62.710762;3.102164;0.736712;1.363750;-0.457763503085
6629469;0;0.625935;-14.252124;90.272736;4.939859;90.483047;-143.839264;3.770825;58.030121;4.628043;0.855912;1.475800;-0.450600503085
6629493;0;0.625935;-17.803411;90.280602;4.939907;90.483162;-143.839523;3.794670;50.364487;5.261557;0.820150;1.072875;-0.419612503085
6629517;0;0.625891;-21.468439;90.285736;4.939835;90.483093;-143.839401;3.742215;45.580860;5.580357;0.846375;1.385200;-0.455375503085
6629541;0;0.625869;-25.186356;90.285744;4.939811;90.483139;-143.839539;3.683090;41.644096;3.805157;0.867837;1.165862;-0.407687503085
6629565;0;0.625913;-28.924541;90.284927;4.940170;90.483353;-143.839706;3.710745;40.585514;3.050393;0.779625;1.230237;-0.426762503085
6629589;0;0.625913;-32.664871;90.284874;4.940337;90.483131;-143.839706;3.733630;40.974613;3.123964;0.615112;1.225462;-0.410075503085
6629613;0;0.625891;-36.406242;90.284950;4.940217;90.483452;-143.839844;3.657340;40.205956;3.202979;0.698563;1.049037;-0.398150503085
6629637;0;0.625891;-40.148491;90.285027;4.939931;90.483383;-143.839584;3.706930;40.149685;3.311972;0.784388;1.280300;-0.393387503085
6629661;0;0.625924;-43.890766;90.285118;4.939859;90.483330;-143.839661;3.703115;39.233204;3.389629;0.855912;1.072875;-0.343313503085
6629685;0;0.625913;-47.633114;90.285347;4.940098;90.483521;-143.839844;3.663060;38.889877;3.482271;0.808237;1.075262;-0.367162503085
6629709;0;0.625924;-51.375805;90.285645;4.940337;90.483398;-143.839966;3.682135;38.228985;3.592622;0.679488;1.153938;-0.360000503085
6629733;0;0.625902;-55.119034;90.286118;4.940217;90.483475;-143.840027;3.641125;37.393562;3.643036;0.700950;1.068112;-0.367162503085
6629757;0;0.625924;-58.861759;90.287025;4.939931;90.483475;-143.839844;3.692625;37.565231;3.649843;0.808237;1.142012;-0.326625503085
6629781;0;0.625913;-62.604713;90.288620;4.939859;90.483475;-143.839722;3.616330;35.891529;3.356929;0.894063;0.977513;-0.302787503085
6629805;0;0.625902;-66.348106;90.289810;4.940145;90.483643;-143.840164;3.587720;34.510609;3.499978;0.784388;0.920287;-0.345700503085
6629829;0;0.625924;-70.090393;90.291580;4.940361;90.483589;-143.840225;3.705975;35.235397;3.489079;0.746250;1.091950;-0.317088503085
6629853;0;0.625924;-73.816223;90.304665;4.940313;90.483521;-143.840027;3.594395;28.708454;5.008150;0.696175;0.796312;-0.338550503085
6629877;0;0.625902;-77.441002;90.336578;4.940265;90.483955;-143.840286;3.631590;15.706059;5.399157;0.724787;0.760550;-0.307550503085
6629901;0;0.625924;-80.823677;90.362915;4.940265;90.484192;-143.840332;3.672595;-1.969335;7.505414;0.576962;0.541200;-0.343313503085
6629925;0;0.625891;-83.780312;90.379807;4.940480;90.484650;-143.840652;3.644940;-21.472929;9.656629;0.491138;0.445837;-0.39100003085
6629949;0;0.625979;-86.112457;90.388794;4.939620;90.485146;-143.841064;3.595350;-36.328316;7.608957;1.416200;0.007150;-0.39576303085
6629973;0;0.625979;-87.755417;90.368736;4.939811;90.486153;-143.841415;3.645895;-39.346687;0.987729;0.762937;-0.414837;-0.4291503085
6629997;0;0.625946;-88.749855;90.342995;4.940265;90.485931;-143.841476;3.581045;-27.866360;-2.235679;0.948900;-0.498288;-0.431537085
6630021;0;0.625979;-89.237030;90.319832;4.940002;90.485428;-143.841232;3.621100;-11.936185;-5.694793;0.689025;-0.450600;-0.395763085
6630045;0;0.625968;-89.427658;90.297653;4.940289;90.485062;-143.841171;3.630635;0.619885;-8.390971;0.901213;-0.553125;-0.46013863085
6630069;0;0.625946;-89.486115;90.288345;4.940408;90.484795;-143.840973;3.580090;3.767010;-5.884164;0.910750;-0.519750;-0.43868763085
6630093;0;0.625946;-89.488541;90.289223;4.940384;90.484627;-143.841110;3.588675;7.787700;-5.223407;0.939363;-0.693788;-0.46730063085
6630117;0;0.625957;-89.490967;90.284164;4.940337;90.484436;-143.840927;3.639220;11.571879;-11.354172;1.063337;-0.736712;-0.450600085
6630141;0;0.625957;-89.513153;90.182022;4.940337;90.484291;-143.840927;3.564830;14.460561;-21.664751;1.032350;-0.793925;-0.450600085
6630165;0;0.625968;-89.537598;89.761047;4.940337;90.484146;-143.841003;3.615375;15.925405;-32.779140;1.053800;-0.796312;-0.464913085
6630189;0;0.625979;-89.557053;88.763596;4.940289;90.484314;-143.841064;3.583905;15.546796;-41.939873;1.099100;-1.125325;-0.472062085
6630213;0;0.625979;-89.562370;87.017807;4.940337;90.483444;-143.840958;3.566740;17.738338;-49.573349;1.168250;-0.464913;-0.464913085
6630237;0;0.625979;-89.556900;84.479568;4.940337;90.484390;-143.840988;3.589630;11.959075;-48.246376;1.132488;-0.643725;-0.517362085
6630261;0;0.625979;-89.544922;81.301422;4.940289;90.483353;-143.840958;3.624915;7.108685;-39.938515;1.182550;-0.996588;-0.5340502085
6630285;0;0.625957;-89.536324;77.748329;4.940265;90.483376;-143.841019;3.537175;3.558155;-32.766884;1.215925;-0.920287;-0.4506002085
6630309;0;0.625979;-89.535004;74.047546;4.940241;90.482895;-143.840851;3.581045;4.112240;-28.315948;1.206388;-0.817775;-0.4911382085
6630333;0;0.625979;-89.535172;70.312477;4.940217;90.483276;-143.840836;3.623005;4.561420;-26.892250;1.192088;-1.070487;-0.5435882085
6630357;0;0.625946;-89.535057;66.571854;4.940241;90.483643;-143.840820;3.535270;4.096030;-28.009415;1.242150;-0.803463;-0.5435882085
6630381;0;0.625946;-89.534981;62.825855;4.940194;90.483253;-143.840637;3.502845;3.810880;-27.414042;1.232612;-0.600812;-0.5435882085
6630405;0;0.625979;-89.534874;59.078079;4.940217;90.483162;-143.840637;3.543850;3.278730;-25.672907;1.301762;-0.808237;-0.5292882085
6630429;0;0.626001;-89.534500;55.336071;4.940265;90.482727;-143.840652;3.610610;2.773280;-27.478079;1.294613;-0.703325;-0.5364382085
6630453;0;0.625924;-89.533333;51.593399;4.940170;90.482338;-143.840469;3.547665;2.633090;-27.467178;1.280300;-0.629425;-0.5388252085
6630477;0;0.625957;-89.532555;47.849239;4.940098;90.483284;-143.840836;3.532405;2.250670;-25.717873;1.311300;-0.410075;-0.5149752085
6630501;0;0.626034;-89.532585;44.103550;4.940217;90.483475;-143.840698;3.637310;1.500125;-26.366365;1.351825;-0.464913;-0.5722002085
6630525;0;0.625924;-89.532158;40.358551;4.940145;90.482971;-143.840576;3.538130;1.203535;-26.166094;1.342287;-0.605575;-0.5722002085
6630549;0;0.625968;-89.530876;36.615837;4.940098;90.482796;-143.840714;3.564830;1.170155;-25.164736;1.292225;-0.598425;-0.5865002085
6630573;0;0.625979;-89.529541;32.873600;4.940145;90.483040;-143.840973;3.549575;0.580785;-25.597977;1.335137;-0.905988;-0.5745882085
6630597;0;0.625946;-89.528954;29.129349;4.940050;90.483620;-143.840897;3.458975;0.075340;-25.828222;1.325600;-0.636575;-0.5888882085
6630621;0;0.625979;-89.528618;25.383230;4.940122;90.483452;-143.840698;3.571510;-0.385280;-24.592535;1.304137;-0.476825;-0.579350085
6630645;0;0.625957;-89.527695;21.638298;4.940050;90.483208;-143.840775;3.535270;-0.766750;-23.926323;1.313675;-0.710475;-0.617500085
6630669;0;0.625924;-89.526688;17.897135;4.940026;90.482971;-143.840790;3.511425;-1.288410;-25.513506;1.344675;-0.724787;-0.631800085
6630693;0;0.625979;-89.525597;14.152785;4.940026;90.483040;-143.840775;3.512380;-1.546855;-23.877277;1.299375;-0.808237;-0.636575085
6630717;0;0.625968;-89.524940;10.407173;4.940026;90.483475;-143.840637;3.520010;-2.079960;-22.908615;1.342287;-0.598425;-0.641338085
6630741;0;0.625957;-89.524368;6.663977;4.940050;90.483574;-143.840897;3.503795;-2.794265;-24.311880;1.301762;-0.600812;-0.6103508085
6630765;0;0.625924;-89.523193;2.919694;4.940050;90.483261;-143.840836;3.479955;-2.853390;-22.994450;1.282687;-0.674713;-0.6389508085
6630789;0;0.625979;-89.521965;-0.824535;4.940050;90.482895;-143.840714;3.547665;-3.085135;-21.982193;1.387587;-0.693788;-0.631800085
6630813;0;0.625979;-89.521423;-4.567093;4.940050;90.482971;-143.840714;3.510475;-3.829000;-23.144308;1.299375;-0.844000;-0.629425085
6630837;0;0.625968;-89.520592;-8.312366;4.940026;90.483620;-143.840836;3.483770;-4.194255;-22.031235;1.325600;-0.696175;-0.646113085
6630861;0;0.625979;-89.519722;-12.057495;4.940050;90.483475;-143.840561;3.527640;-4.432675;-20.815979;1.316062;-0.495900;-0.66280085
6630885;0;0.625979;-89.519043;-15.799932;4.940050;90.483208;-143.840637;3.501890;-5.172725;-21.993086;1.294613;-0.696175;-0.66756385
6630909;0;0.625968;-89.518295;-19.544062;4.940050;90.482971;-143.840790;3.487585;-5.467410;-21.641592;1.266000;-0.739087;-0.66756385
6630933;0;0.625979;-89.517555;-23.289434;4.940026;90.482895;-143.840591;3.501890;-5.739210;-19.589828;1.308913;-0.784388;-0.68187585
6630957;0;0.625979;-89.517059;-27.032991;4.940026;90.483406;-143.840698;3.515240;-6.366725;-20.645685;1.292225;-0.607962;-0.65565085
6630981;0;0.625968;-89.516396;-30.776253;4.940050;90.483521;-143.840698;3.485675;-6.708145;-20.810535;1.287450;-0.526900;-0.66041285
6631005;0;0.625979;-89.513878;-34.519955;4.940026;90.483093;-143.840515;3.481860;-8.483885;-18.014908;1.323213;-0.581738;-0.68663885
6631029;0;0.625979;-89.497093;-38.220459;4.940026;90.482750;-143.840591;3.515240;-13.512609;-13.388221;1.244538;-0.598425;-0.6794885
6631053;0;0.625979;-89.460564;-41.700321;4.939931;90.482925;-143.840652;3.479955;-19.678114;-1.506800;1.235000;-0.483987;-0.68663885
6631077;0;0.625979;-89.438843;-44.647678;4.940002;90.482414;-143.840469;3.501890;-21.548269;11.534007;1.208775;-0.696175;-0.68663885
6631101;0;0.625979;-89.442551;-46.841167;4.939907;90.481956;-143.840363;3.454205;-18.203735;18.602093;1.189700;-0.379075;-0.69617585
6631125;0;0.625979;-89.446892;-48.224102;4.939931;90.482704;-143.840530;3.478050;-13.751025;20.296907;1.184938;-0.138275;-0.67948885
6631149;0;0.625979;-89.465370;-48.883732;4.939955;90.482895;-143.840530;3.490445;-5.005835;14.132086;1.142012;-0.381463;-0.751013885
6631173;0;0.625979;-89.495895;-49.079994;4.939979;90.483040;-143.840515;3.483770;0.971790;5.816050;1.180162;-0.355237;-0.70095013885
6631197;0;0.625979;-89.500572;-49.098186;4.940026;90.483162;-143.840714;3.473280;0.272750;3.110336;1.204013;-0.293250;-0.67948813885
6631221;0;0.625979;-89.500496;-49.097328;4.940002;90.483116;-143.840576;3.459930;0.374790;3.113064;1.199238;-0.336162;-0.69141313885
6631245;0;0.625979;-89.498894;-49.090408;4.940002;90.483162;-143.840576;3.469465;-3.342625;8.047643;1.189700;-0.326625;-0.7128623885
6631269;0;0.625979;-89.479492;-48.976006;4.940026;90.483162;-143.840515;3.479955;-11.651990;17.456322;1.151550;-0.269413;-0.74625085
6631293;0;0.625979;-89.460121;-48.549706;4.939955;90.483353;-143.840515;3.475185;-17.790791;31.412664;1.118175;-0.357625;-0.69856385
6631317;0;0.625968;-89.451363;-47.533623;4.939979;90.482849;-143.840530;3.469465;-21.540640;40.694641;1.101488;-0.059600;-0.72717585
6631341;0;0.625979;-89.451904;-45.759846;4.939931;90.483406;-143.840515;3.476140;-20.706175;48.145565;1.149175;-0.534050;-0.75577585
6631365;0;0.625957;-89.462120;-43.184631;4.940050;90.482368;-143.840408;3.492355;-11.261940;45.828136;1.103875;-0.214575;-0.74147585
6631389;0;0.625979;-89.481674;-39.972984;4.940050;90.483261;-143.840378;3.460880;-4.253385;36.441257;1.180162;0.033375;-0.7677007585
6631413;0;0.625968;-89.494827;-36.398682;4.940026;90.483475;-143.840378;3.458975;1.428600;26.746473;1.194475;-0.159737;-0.7677007585
6631437;0;0.625979;-89.498695;-32.690796;4.940098;90.483498;-143.840363;3.454205;2.387045;23.702892;1.161088;-0.174038;-0.7867757585
6631461;0;0.625979;-89.498291;-28.955809;4.940098;90.483162;-143.840378;3.435130;1.878735;24.472643;1.161088;-0.231263;-0.7987007585
6631485;0;0.626001;-89.498978;-25.215347;4.940050;90.482971;-143.840393;3.473280;2.637860;22.606165;1.149175;-0.360000;-0.7724757585
6631509;0;0.625957;-89.499702;-21.471560;4.940050;90.483330;-143.840378;3.437040;3.553390;21.871836;1.168250;-0.295637;-0.7939257585
6631533;0;0.625979;-89.500076;-17.727846;4.940026;90.483696;-143.840302;3.464695;4.731175;22.938585;1.161088;-0.305175;-0.8296887585
6631557;0;0.625979;-89.500969;-13.982124;4.940098;90.483810;-143.840363;3.457065;5.384445;21.685186;1.156325;-0.257488;-0.8368377585
6631581;0;0.625979;-89.502899;-10.238082;4.940074;90.483208;-143.840378;3.459930;5.535125;20.559851;1.220700;-0.376700;-0.7772377585
6631605;0;0.625979;-89.504562;-6.496414;4.940074;90.483208;-143.840576;3.468510;6.633755;21.411350;1.139637;-0.522125;-0.79870077585
6631629;0;0.625979;-89.505867;-2.752625;4.940050;90.483475;-143.840439;3.465650;7.172580;21.622520;1.251688;-0.362388;-0.80823777585
6631653;0;0.625979;-89.507294;0.994076;4.940098;90.483765;-143.840363;3.452300;7.621765;18.923620;1.170625;-0.410075;-0.803463777585
6631677;0;0.625979;-89.508766;4.737525;4.940098;90.483810;-143.840485;3.453250;8.283615;19.855494;1.173012;-0.419612;-0.803463777585
6631701;0;0.625979;-89.510513;8.479017;4.940122;90.483284;-143.840302;3.457065;8.883474;21.423607;1.230237;-0.305175;-0.827300777585
6631725;0;0.625979;-89.512413;12.224344;4.940098;90.483162;-143.840378;3.456115;8.993145;18.272392;1.235000;-0.677100;-0.83683777585
6631749;0;0.625979;-89.513786;15.969133;4.940098;90.483521;-143.840302;3.448485;9.481430;18.017630;1.215925;-0.419612;-0.82253777585
6631773;0;0.625990;-89.514847;19.711065;4.940145;90.483620;-143.840363;3.457065;10.289190;20.080292;1.168250;-0.433913;-0.8416127585
6631797;0;0.625979;-89.516281;23.455833;4.940145;90.483810;-143.840363;3.462790;10.502815;18.529886;1.246925;-0.450600;-0.8273007585
6631821;0;0.625979;-89.517967;27.201281;4.940145;90.483253;-143.840179;3.462790;10.498045;16.863686;1.246925;-0.433913;-0.8344637585
6631845;0;0.626001;-89.519073;30.943312;4.940050;90.483017;-143.840317;3.468510;11.125560;18.299643;1.242150;-0.610350;-0.8106127585
6631869;0;0.625979;-89.519920;34.686859;4.940122;90.483353;-143.840302;3.464695;11.574745;18.539429;1.273150;-0.491138;-0.8177757585
6631893;0;0.625979;-89.520920;38.432537;4.940145;90.483521;-143.840164;3.458020;11.737820;16.322813;1.263613;-0.393387;-0.7987007585
6631917;0;0.625979;-89.521797;42.176315;4.940050;90.483597;-143.840164;3.453250;12.034414;16.769678;1.237388;-0.498288;-0.8535377585
6631941;0;0.625979;-89.522614;45.918732;4.940098;90.483162;-143.839981;3.458975;12.338635;18.175665;1.258850;-0.414837;-0.8511507585
6631965;0;0.625979;-89.523369;49.663486;4.940145;90.482727;-143.840057;3.446575;12.535095;16.166136;1.282687;-0.538825;-0.8368377585
6631989;0;0.625957;-89.523949;53.407761;4.940098;90.483261;-143.840179;3.448485;12.884140;15.964506;1.206388;-0.443450;-0.8082377585
6632013;0;0.625979;-89.524658;57.150394;4.940074;90.483475;-143.840042;3.467555;13.072965;17.257414;1.301762;-0.312325;-0.8368377585
6632037;0;0.626012;-89.525497;60.895393;4.940145;90.483521;-143.839966;3.486630;12.948985;15.959057;1.270762;-0.491138;-0.8392257585
6632061;0;0.625979;-89.526138;64.640480;4.940145;90.483017;-143.839859;3.429410;13.091084;15.227450;1.296988;-0.331400;-0.8344637585
6632085;0;0.625979;-89.526337;68.384842;4.940074;90.482727;-143.839996;3.456115;13.465879;16.523085;1.254075;-0.467300;-0.8130007585
6632109;0;0.626001;-89.526733;72.127121;4.940170;90.483284;-143.839981;3.474235;13.422009;16.042164;1.280300;-0.591275;-0.8177757585
6632133;0;0.625979;-89.527687;75.871605;4.940050;90.483452;-143.839645;3.448485;12.999530;14.664785;1.342287;-0.257488;-0.7891637585
6632157;0;0.625979;-89.528267;79.614151;4.940265;90.483307;-143.839569;3.458020;13.282774;16.343250;1.194475;-0.238412;-0.7724757585
6632181;0;0.625979;-89.528458;83.357338;4.940074;90.483162;-143.839920;3.460880;13.305659;17.008101;1.358975;-0.495900;-0.7820127585
6632205;0;0.625979;-89.528618;87.103386;4.940194;90.482727;-143.839661;3.459930;13.180730;14.720642;1.294613;-0.331400;-0.7677007585
6632229;0;0.625968;-89.528709;90.847221;4.940145;90.482849;-143.839523;3.459930;13.120649;15.318729;1.280300;-0.374312;-0.7867757585
6632253;0;0.625968;-89.528839;94.589188;4.940170;90.483398;-143.839508;3.460880;13.066290;17.275129;1.282687;-0.159737;-0.7915377585
6632277;0;0.625979;-89.528885;98.335396;4.940145;90.483139;-143.839447;3.507610;12.876511;15.456335;1.320837;-0.164500;-0.7915377585
6632301;0;0.625979;-89.528870;102.080490;4.940145;90.482704;-143.839462;3.465650;12.732504;15.044893;1.296988;-0.305175;-0.782012585
6632325;0;0.625957;-89.528862;105.822281;4.940145;90.482483;-143.839478;3.440855;12.496945;17.117086;1.313675;-0.090587;-0.722400585
6632349;0;0.626001;-89.528885;109.566330;4.940050;90.482605;-143.839478;3.468510;12.254710;16.456327;1.366138;-0.076288;-0.734325585
6632373;0;0.625979;-89.528839;113.311768;4.940170;90.483063;-143.839523;3.459930;11.973380;15.200201;1.292225;-0.004763;-0.722400585
6632397;0;0.625979;-89.528793;117.054100;4.940074;90.482918;-143.839401;3.467555;11.734961;17.369129;1.325600;0.197875;-0.6866380585
6632421;0;0.625979;-89.529160;120.792847;4.940122;90.482483;-143.839417;3.473280;12.476920;16.873220;1.375675;0.069137;-0.7271750585
6632445;0;0.625979;-89.539581;124.461670;4.940098;90.482460;-143.839417;3.472325;14.608380;5.794250;1.351825;0.035763;-0.71286250585
6632469;0;0.625979;-89.553513;127.803337;4.940170;90.483253;-143.839508;3.475185;14.708514;-6.946836;1.361363;0.195500;-0.7271750585
6632493;0;0.625979;-89.555832;130.502716;4.940170;90.483398;-143.839706;3.482815;11.576651;-14.761515;1.361363;0.393387;-0.684250585
6632517;0;0.625990;-89.555656;132.410355;4.940170;90.483017;-143.839661;3.476140;10.177610;-19.563944;1.373287;0.445837;-0.729550585
6632541;0;0.625979;-89.552864;133.514053;4.940217;90.483734;-143.839828;3.487585;6.804465;-18.261499;1.380437;-0.119200;-0.684250585
6632565;0;0.625979;-89.545959;133.969070;4.940050;90.483284;-143.839920;3.491400;1.558300;-11.316022;1.382825;-0.004763;-0.681875585
6632589;0;0.625979;-89.541344;134.073898;4.940098;90.483452;-143.839706;3.488540;0.337600;-4.382814;1.337525;-0.014300;-0.6723385585
6632613;0;0.625979;-89.541801;134.074539;4.940145;90.482796;-143.839661;3.479000;1.250265;-3.092628;1.337525;0.112050;-0.67948885585
6632637;0;0.625979;-89.541374;134.074432;4.940098;90.482773;-143.839600;3.487585;0.539775;-3.187993;1.387587;0.123975;-0.68663885585
6632661;0;0.625979;-89.544189;134.032043;4.940098;90.482658;-143.839539;3.525730;4.570005;-12.926372;1.280300;0.255100;-0.6747135585
6632685;0;0.625979;-89.547432;133.789658;4.940050;90.482582;-143.839676;3.486630;7.782935;-23.592537;1.349437;0.343313;-0.6818755585
6632709;0;0.625979;-89.549034;133.086594;4.940145;90.482849;-143.839798;3.497120;9.571074;-37.048878;1.325600;0.460138;-0.6556505585
6632733;0;0.625979;-89.549416;131.674255;4.940050;90.482826;-143.839661;3.487585;9.625430;-42.490273;1.406663;0.476825;-0.6771005585
6632757;0;0.625979;-89.549583;129.468384;4.940170;90.482849;-143.840057;3.490445;9.086605;-47.743656;1.361363;-0.269413;-0.684250585
6632781;0;0.626001;-89.544846;126.519356;4.940145;90.482918;-143.839722;3.505705;4.505155;-40.514805;1.447200;0.078675;-0.6842500585
6632805;0;0.625968;-89.541420;123.079193;4.940145;90.482391;-143.839478;3.479000;2.258300;-31.986237;1.335137;0.462525;-0.6508750585
6632829;0;0.625979;-89.539253;119.415199;4.940050;90.482346;-143.839615;3.465650;2.206800;-26.258738;1.335137;0.388613;-0.6484880585
6632853;0;0.625979;-89.539581;115.686714;4.940050;90.482460;-143.839539;3.492355;2.568240;-23.855478;1.332750;0.452987;-0.6437250585
6632877;0;0.625979;-89.539528;111.949158;4.940050;90.483116;-143.839462;3.484725;2.514835;-25.984901;1.380437;0.319475;-0.6389500585
6632901;0;0.625968;-89.539330;108.205940;4.940050;90.483208;-143.839462;3.478050;2.362250;-24.879999;1.344675;0.636575;-0.6270380585
6632925;0;0.625979;-89.538902;104.462746;4.940050;90.482948;-143.839661;3.480910;1.564975;-24.059835;1.409050;0.534050;-0.5984250585
6632949;0;0.625979;-89.530602;100.752937;4.940050;90.482918;-143.839722;3.484725;-3.474235;-20.211079;1.389975;0.469675;-0.591275585
6632973;0;0.625968;-89.494080;97.278069;4.940098;90.483063;-143.839523;3.475185;-5.321500;-4.922321;1.256462;0.615112;-0.58650075585
6632997;0;0.625957;-89.474098;94.395058;4.939979;90.483208;-143.839584;3.481860;-5.275725;4.752021;1.361363;0.278937;-0.593650075585
6633021;0;0.625979;-89.473061;92.291573;4.940026;90.483231;-143.839722;3.470420;-6.415365;9.373250;1.287450;-0.250338;-0.57220075585
6633045;0;0.625979;-89.474037;91.000359;4.940002;90.483521;-143.839706;3.461835;-4.443165;12.538086;1.342287;0.383850;-0.49590075585
6633069;0;0.625979;-89.488792;90.438179;4.940026;90.483643;-143.839706;3.466605;4.345890;5.828307;1.349437;0.247950;-0.5435880075585
6633093;0;0.625979;-89.510429;90.299431;4.940050;90.483833;-143.839966;3.452300;6.576535;-3.370557;1.339900;0.226488;-0.479212075585
6633117;0;0.625979;-89.507889;90.293892;4.940074;90.483833;-143.840027;3.458975;5.407330;-5.362371;1.361363;0.176425;-0.550738075585
6633141;0;0.625979;-89.508186;90.294159;4.940074;90.483719;-143.840225;3.468510;5.672450;-5.378721;1.387587;0.107287;-0.491138075585
6633165;0;0.625770;-89.508369;90.294029;4.921947;90.483742;-143.840424;4.168510;6.055830;-5.655286;15.156263;-0.002375;-0.5912755585
6633189;0;0.625331;-89.508415;90.293839;4.444686;90.484909;-143.841553;5.059240;6.472585;-6.009507;30.312538;-1.006125;-0.6747135585
6633213;0;0.625056;-89.508530;90.293465;2.730700;90.485252;-143.842728;5.409240;6.821630;-6.425036;45.957561;-1.420963;-0.8106125585
6633237;0;0.625034;-89.509079;90.293060;-0.678406;90.486015;-143.843887;5.471225;7.391925;-7.156642;52.018158;-1.153938;-0.903600585
6633261;0;0.625078;-89.509705;90.292068;-5.836941;90.485756;-143.843445;5.250930;7.874485;-7.668900;58.765400;-1.797675;-1.063337585
6633285;0;0.625364;-89.509712;90.292061;-12.591980;90.486122;-143.841919;4.178045;8.144375;-7.614407;50.444603;-2.019400;-1.00135085
6633309;0;0.625704;-89.509712;90.292114;-20.254419;90.485199;-143.845108;3.360745;8.297920;-7.483614;40.235512;-1.819125;-1.13010085
6633333;0;0.625726;-89.510139;90.291840;-28.133215;90.484932;-143.842392;3.331180;8.464810;-7.828300;39.160248;-1.730913;-1.03472585
6633357;0;0.625759;-89.510590;90.291595;-36.021446;90.484512;-143.842209;3.022190;8.658404;-7.976800;36.668774;-1.711838;-1.08718885
6633381;0;0.625902;-89.510689;90.291534;-43.907433;90.484108;-143.843460;2.826690;8.937835;-8.166172;39.603703;-1.544950;-1.14440085
6633405;0;0.625968;-89.510765;90.291260;-51.797291;90.483330;-143.844147;2.607345;9.140010;-8.250643;37.736885;-1.299375;-1.22070085
6633429;0;0.626023;-89.511200;90.291069;-59.685474;90.483902;-143.845383;2.352710;9.166716;-8.399143;38.008686;-1.726150;-1.33037585
6633453;0;0.626155;-89.511940;90.290680;-67.574661;90.483742;-143.843582;2.192495;9.279250;-8.509493;38.418762;-1.499650;-1.23023785
6633477;0;0.626232;-89.512024;90.290497;-75.463058;90.483902;-143.843903;2.018925;9.408950;-8.523122;37.872787;-1.780975;-1.36375085
6633501;0;0.626320;-89.512115;90.290344;-83.351860;90.484627;-143.843506;1.833915;9.540555;-8.677072;38.387775;-2.293575;-1.33990085
6633525;0;0.626374;-89.512848;90.289810;-91.240356;90.484001;-143.841293;1.731870;9.405135;-8.803771;38.239948;-1.688000;-1.33037585
6633549;0;0.626418;-89.513359;90.289192;-99.130310;90.484833;-143.842651;1.598355;9.557720;-8.584429;38.478363;-2.634525;-1.56878885
6633573;0;0.626495;-89.513351;90.289009;-107.018753;90.484833;-143.841873;1.573560;9.660720;-8.727478;39.401051;-2.770412;-1.4162005
6633597;0;0.626539;-89.513435;90.288788;-114.908752;90.484390;-143.842224;1.563070;9.706495;-8.794235;37.312500;-2.663125;-1.4829625
6633621;0;0.626539;-89.514053;90.288399;-122.797653;90.484421;-143.842499;1.536365;9.530066;-8.795600;39.100639;-2.684587;-1.4209635
6633645;0;0.626561;-89.514404;90.288162;-130.687119;90.483582;-143.841858;1.631735;9.618754;-8.818757;35.753250;-2.374638;-1.4305005
6633669;0;0.626605;-89.514481;90.287971;-138.575119;90.482994;-143.843246;1.645085;9.734150;-8.903229;37.679665;-2.055163;-1.5068005
6633693;0;0.626539;-89.514603;90.287865;-146.452667;90.482925;-143.841293;2.006530;9.636875;-8.814672;34.363262;-2.007475;-1.4424255
6633717;0;0.626034;-89.514885;90.287788;-154.148209;90.482826;-143.840622;3.453250;9.461400;-8.690693;24.249550;-1.866812;-1.3947375
6633741;0;0.625726;-89.515495;90.286766;-160.951477;90.481819;-143.840744;4.253385;9.862895;-9.341914;4.432200;-1.080025;-1.34943775
6633765;0;0.625759;-89.515778;90.285896;-166.107880;90.481628;-143.842804;4.425045;10.131835;-9.619843;-3.378387;-0.939363;-1.313675
6633789;0;0.625704;-89.516075;90.285667;-169.514053;90.481773;-143.840103;4.685400;10.478970;-9.689329;-8.072850;-1.053800;-1.287450
6633813;0;0.625682;-89.516327;90.285416;-171.225418;90.481804;-143.839615;4.307745;10.230060;-9.687964;-11.222363;-0.672338;-1.258850
6633837;0;0.626089;-89.516479;90.285347;-171.636200;90.481667;-143.839050;3.019330;10.293005;-9.716578;-1.909725;-0.686638;-1.1754000
6633861;0;0.626056;-89.516579;90.285294;-171.652206;90.481544;-143.838913;3.348350;10.335920;-9.709764;5.390637;-0.548362;-1.20638800
6633885;0;0.625990;-89.516708;90.285202;-171.653214;90.481728;-143.839005;3.284450;10.335920;-9.769707;5.645750;-0.591275;-1.17301200
6633909;0;0.625957;-89.516899;90.285126;-171.652786;90.481766;-143.838989;3.331180;10.370250;-9.822844;4.413125;-0.462525;-1.18970000
6633933;0;0.625594;-89.517006;90.285118;-171.515732;90.481667;-143.838348;4.557605;10.370250;-9.773793;-21.042812;-0.002375;-1.029963
6633957;0;0.625287;-89.517029;90.285172;-170.540100;90.481018;-143.837708;5.166050;10.359759;-9.520392;-37.474625;0.505437;-0.9346003
6633981;0;0.625166;-89.517021;90.285278;-168.095566;90.480118;-143.837418;5.381580;10.092735;-9.070800;-47.199726;1.299375;-0.7510133
6634005;0;0.625155;-89.517029;90.285439;-163.935593;90.479790;-143.836044;5.429265;9.891510;-8.547643;-52.106373;1.692762;-0.70810033
6634029;0;0.625276;-89.517120;90.285469;-158.053329;90.479393;-143.836349;4.691120;9.840965;-8.397779;-53.732388;1.938337;-0.58412533
6634053;0;0.625638;-89.517456;90.285294;-150.854996;90.480331;-143.835571;3.664015;9.894370;-8.737014;-43.318264;1.764287;-0.41483733
6634077;0;0.625748;-89.517776;90.285240;-143.090591;90.480469;-143.837067;3.264425;9.871480;-8.745193;-35.383701;1.740450;-0.46967533
6634101;0;0.625759;-89.517853;90.285271;-135.209747;90.480965;-143.836319;2.991675;9.939190;-8.587151;-35.002224;2.052775;-0.41246333
6634125;0;0.625825;-89.517899;90.285263;-127.321297;90.481552;-143.836884;2.773280;9.980200;-8.513585;-32.608501;1.878737;-0.41246333
6634149;0;0.625924;-89.518044;90.285278;-119.432877;90.482445;-143.837051;2.593990;9.991645;-8.440014;-34.821026;1.432887;-0.31708833
6634173;0;0.626012;-89.518181;90.285301;-111.543877;90.482277;-143.836441;2.314565;10.049815;-8.378707;-33.123486;1.976487;-0.2789373
6634197;0;0.626100;-89.518250;90.285347;-103.655121;90.482559;-143.837128;2.129550;10.073660;-8.331021;-34.034248;1.723762;-0.2861003
6634221;0;0.626232;-89.518448;90.285370;-95.766220;90.482582;-143.836121;2.022740;10.133740;-8.269714;-32.734863;1.745212;-0.13827503
6634245;0;0.626320;-89.518532;90.285423;-87.878517;90.481682;-143.836349;1.842495;10.164260;-8.182521;-33.941261;2.524850;-0.14781303
6634269;0;0.626396;-89.518570;90.285461;-79.990143;90.481956;-143.837723;1.721380;10.196685;-8.027207;-33.888813;2.446162;-0.10251303
6634293;0;0.626462;-89.518593;90.285515;-72.101006;90.481926;-143.836441;1.660345;10.214805;-7.950915;-32.975662;2.415175;-0.06436203
6634317;0;0.626539;-89.518768;90.285591;-64.212822;90.482246;-143.838348;1.582145;10.340690;-7.867807;-33.993713;2.360337;-0.11682503
6634341;0;0.626594;-89.518806;90.285667;-56.323917;90.482292;-143.838913;1.580235;10.386465;-7.704321;-33.078186;2.436637;-0.04052503
6634365;0;0.626583;-89.518845;90.285774;-48.436474;90.482216;-143.837952;1.580235;10.449405;-7.561272;-33.726685;2.236362;-0.08582503
6634389;0;0.626594;-89.518906;90.285896;-40.547050;90.483002;-143.836960;1.553535;10.544775;-7.429121;-33.292763;2.102850;0.016688503
6634413;0;0.626594;-89.518944;90.285988;-32.660275;90.483269;-143.835480;1.570700;10.575290;-7.216586;-34.408562;1.988400;0.061987503
6634437;0;0.626594;-89.519005;90.286163;-24.769896;90.483749;-143.836441;1.712795;10.617254;-7.046286;-32.532211;1.835812;0.085825503
6634461;0;0.626572;-89.519028;90.286316;-16.883478;90.483444;-143.836578;1.857755;10.662075;-6.840564;-34.425251;2.355575;0.021450503
6634485;0;0.626539;-89.519051;90.286514;-8.994650;90.484558;-143.836121;2.009390;10.686870;-6.629393;-34.196373;1.573562;0.1430500503
6634509;0;0.626451;-89.519081;90.286720;-1.105941;90.483902;-143.837112;2.228735;10.684965;-6.363729;-34.320351;1.933563;0.1835750503
6634533;0;0.626451;-89.519142;90.287010;6.782457;90.483551;-143.838242;2.343175;10.678289;-6.148471;-34.899700;2.076625;0.15496250503
6634557;0;0.626429;-89.519165;90.287300;14.670904;90.483597;-143.838501;2.546310;10.685920;-5.810600;-35.879601;1.959800;0.2431750503
6634581;0;0.626287;-89.519180;90.287621;22.559732;90.483017;-143.841064;2.860065;10.661125;-5.504057;-35.049911;2.110000;0.0405250503
6634605;0;0.626254;-89.519241;90.287933;30.448633;90.482803;-143.837616;3.082275;10.617254;-5.185257;-36.065575;2.155300;0.2288750503
6634629;0;0.626144;-89.519249;90.288322;38.337486;90.483109;-143.837448;3.304480;10.603900;-4.922321;-35.643574;1.850125;0.2646380503
6634653;0;0.626045;-89.519257;90.288734;46.226074;90.482773;-143.836517;3.474235;10.562895;-4.593978;-36.113251;2.105225;0.3767000503
6634677;0;0.625990;-89.519279;90.289185;54.115307;90.482048;-143.837372;3.772735;10.482785;-4.231586;-35.426613;2.529613;0.3623880503
6634701;0;0.625891;-89.519302;90.289658;62.003204;90.482613;-143.842972;3.938670;10.427470;-3.866464;-36.633011;2.195825;-0.023837503
6634725;0;0.625792;-89.519302;90.290192;69.892464;90.482246;-143.838379;4.145620;10.350225;-3.618507;-35.958286;2.555837;0.3051757503
6634749;0;0.625737;-89.519272;90.290810;77.781319;90.482628;-143.838745;4.311560;10.157585;-3.196164;-36.203850;2.546300;0.4029257503
6634773;0;0.625616;-89.519249;90.291641;85.669144;90.483223;-143.838348;4.492755;10.166165;-2.916879;-37.600986;2.238750;0.4529877503
6634797;0;0.625540;-89.519249;90.292137;93.558731;90.483421;-143.837555;4.625320;10.136600;-2.540857;-36.444660;2.100462;0.4911387503
6634821;0;0.625485;-89.519249;90.292831;101.448112;90.484161;-143.845154;4.718780;10.075564;-2.178464;-36.907188;1.833438;-0.05960003
6634845;0;0.625452;-89.519241;90.293663;109.336609;90.483704;-143.837891;4.744525;10.003085;-1.854214;-37.093163;1.919263;0.386238003
6634869;0;0.625364;-89.519180;90.294327;117.226128;90.483650;-143.837784;4.854200;9.799000;-1.512250;-36.747448;1.776212;0.3981508003
6634893;0;0.625342;-89.519142;90.295059;125.115196;90.482895;-143.838898;4.890440;9.686470;-1.151214;-37.186138;2.532000;0.3409378003
6634917;0;0.625320;-89.519142;90.295898;133.003830;90.482727;-143.838089;4.842755;9.593005;-0.905986;-37.534225;2.129075;0.4220008003
6634941;0;0.625320;-89.519142;90.296638;140.892899;90.482437;-143.846970;4.802700;9.503360;-0.520429;-37.970535;2.558225;-0.159737003
6634965;0;0.625309;-89.519127;90.297577;148.783356;90.482262;-143.839310;4.701610;9.400365;-0.341957;-35.405151;2.686975;0.3242377003
6634989;0;0.625507;-89.519073;90.298576;156.653076;90.482231;-143.840302;3.950115;9.116170;0.223429;-32.966125;2.672662;0.21457577003
6635013;0;0.626100;-89.519051;90.299477;164.109711;90.481461;-143.839981;2.462385;9.160995;0.133514;-13.175000;2.875325;0.08582577003
6635037;0;0.626111;-89.519272;90.299370;170.196869;90.482384;-143.839996;2.096175;9.501455;-0.282014;-0.450600;2.193450;0.17881377003
6635061;0;0.626210;-89.519356;90.299469;174.544525;90.483032;-143.839951;1.749990;9.524344;-0.152586;5.025863;1.828663;0.081050377003
6635085;0;0.626418;-89.519302;90.300484;177.141266;90.483299;-143.848709;1.749990;9.574890;-0.306536;10.352125;1.749987;-0.2074127003
6635109;0;0.626144;-89.519302;90.301224;178.108704;90.483658;-143.849319;2.780910;9.556770;-0.339229;7.491100;1.640313;-0.39576327003
6635133;0;0.625869;-89.519348;90.301857;178.214371;90.483849;-143.849075;3.157615;9.510040;-0.038143;-4.930488;1.659388;-0.4410637003
6635157;0;0.625990;-89.519325;90.303291;178.218048;90.483917;-143.848541;3.076550;9.490965;-0.050407;-6.449212;1.688000;-0.4696757003
6635181;0;0.626012;-89.519249;90.304550;178.218430;90.483910;-143.847672;3.091810;9.471890;-0.179836;-6.535050;1.602162;-0.6079627003
6635205;0;0.626199;-89.519249;90.305222;178.204285;90.483925;-143.847260;2.355575;9.376525;-0.010893;9.560575;1.356600;-0.65802527003
6635229;0;0.626561;-89.519272;90.305550;177.734787;90.484383;-143.846817;1.400945;9.321210;-0.001357;29.058451;0.844000;-0.8487637003
6635253;0;0.626880;-89.519104;90.305771;176.014542;90.485123;-143.845963;1.074790;8.898735;0.054493;42.726986;0.262250;-0.92267537003
6635277;0;0.626847;-89.519081;90.305893;172.598892;90.485840;-143.843063;1.017570;8.850095;0.089914;48.668377;-0.100125;-0.8392257003
6635301;0;0.626825;-89.519020;90.305939;167.434296;90.486397;-143.843613;1.236915;8.559225;0.115800;54.254524;-0.724787;-0.9226757003
6635325;0;0.626550;-89.519028;90.305763;160.673737;90.485901;-143.843506;2.409930;8.698460;-0.504079;48.246376;-0.512587;-1.020425003
6635349;0;0.626210;-89.519043;90.305489;153.008789;90.486893;-143.844131;3.009795;8.882521;-1.087186;36.602013;-1.306525;-1.132488003
6635373;0;0.626199;-89.519020;90.305450;145.128922;90.486908;-143.842392;3.274915;8.814810;-1.129421;34.651749;-1.385200;-0.910750003
6635397;0;0.626100;-89.518997;90.305351;137.240143;90.486351;-143.848434;3.513335;8.857725;-1.403257;33.321373;-1.299375;-1.435275003
6635421;0;0.626001;-89.518997;90.305191;129.352478;90.486313;-143.842606;3.679275;8.828160;-1.682550;33.733837;-1.547325;-1.046650003
6635445;0;0.625924;-89.519020;90.304993;121.462814;90.485985;-143.842606;3.973960;8.855815;-2.013614;32.639500;-1.645087;-1.087188003
6635469;0;0.625814;-89.519005;90.304718;113.575729;90.485580;-143.842239;4.154205;8.900640;-2.326964;33.450123;-1.649850;-1.087188003
6635493;0;0.625737;-89.519028;90.304321;105.686470;90.485420;-143.841568;4.273410;8.936880;-2.689357;33.068649;-1.747600;-0.991813003
6635517;0;0.625660;-89.519051;90.303955;97.798264;90.485603;-143.844986;4.442210;8.940695;-3.042214;32.448761;-2.133837;-1.2707623003
6635541;0;0.625551;-89.519073;90.303528;89.910629;90.484383;-143.840317;4.575725;8.935925;-3.463200;33.645622;-1.647462;-0.9703623003
6635565;0;0.625485;-89.519066;90.302979;82.020561;90.484398;-143.842102;4.675865;8.961676;-3.861014;31.485548;-1.933563;-1.1777883003
6635589;0;0.625474;-89.519096;90.302429;74.133446;90.484039;-143.841553;4.725455;9.201045;-4.320143;32.773010;-1.983638;-1.1372503003
6635613;0;0.625430;-89.519104;90.301941;66.244934;90.483673;-143.841049;4.746435;9.182925;-4.735672;32.970898;-1.907337;-1.0514253003
6635637;0;0.625386;-89.519119;90.301392;58.356415;90.483574;-143.844025;4.740715;9.240149;-5.178450;32.041065;-1.943100;-1.3566003003
6635661;0;0.625364;-89.519081;90.300858;50.468731;90.482956;-143.840408;4.714010;9.311675;-5.690707;33.905499;-1.780975;-1.0204253003
6635685;0;0.625386;-89.519081;90.300255;42.579449;90.483276;-143.842209;4.673000;9.352680;-6.145743;32.641888;-1.695150;-1.1873123003
6635709;0;0.625408;-89.519104;90.299675;34.692196;90.483307;-143.842056;4.524230;9.447095;-6.726129;33.941261;-1.680850;-1.1539383003
6635733;0;0.625605;-89.519127;90.298958;26.850132;90.483299;-143.840790;3.737445;9.531970;-7.232936;29.470911;-1.714225;-0.9703623003
6635757;0;0.626067;-89.519081;90.298607;19.409952;90.483414;-143.842651;2.351760;9.476660;-7.385521;12.850750;-1.454350;-1.1324883003
6635781;0;0.626166;-89.518982;90.298660;13.259280;90.483810;-143.840729;2.051350;9.098050;-6.900514;-0.562662;-1.668925;-0.8034633003
6635805;0;0.626199;-89.518967;90.298584;8.841916;90.483727;-143.839645;1.752850;8.858680;-7.102143;-6.687637;-1.385200;-0.85115033003
6635829;0;0.626298;-89.518967;90.298347;6.168656;90.483002;-143.838608;1.770970;8.996960;-7.337835;-10.683525;-1.003737;-0.8249253003
6635853;0;0.626166;-89.518967;90.297874;5.089798;90.482635;-143.838699;2.548215;8.978840;-7.554457;-8.623600;-1.027575;-0.80107553003
6635877;0;0.625902;-89.518967;90.297386;4.948624;90.482605;-143.838379;3.157615;8.965490;-7.878707;3.945825;-1.120562;-0.820150553003
6635901;0;0.625913;-89.518967;90.296883;4.943561;90.482529;-143.838364;3.005980;8.967395;-8.186607;5.757800;-1.082412;-0.751013553003
6635925;0;0.625979;-89.518944;90.296288;4.942893;90.482491;-143.838455;3.011700;8.929250;-8.410043;6.051063;-0.991813;-0.717637553003
6635949;0;0.625957;-89.519272;90.292419;4.942486;90.460518;-143.837387;3.013610;9.820935;-10.242457;6.215563;-8.053775;-0.67471353003
6635973;0;0.625924;-89.519547;90.286148;4.942104;90.015053;-143.837433;3.049850;10.149955;-10.818749;6.299012;-26.574125;-0.731937003
6635997;0;0.625869;-89.520119;90.283218;4.942008;88.372124;-143.838531;3.455160;10.027884;-10.524471;6.461138;-38.685787;-0.793925003
6636021;0;0.625891;-89.520676;90.283165;4.941865;85.037392;-143.839005;3.250120;10.078430;-10.495865;6.644725;-44.331551;-0.865450003
6636045;0;0.625847;-89.521027;90.283043;4.941746;79.937683;-143.837555;3.329275;10.333059;-10.216572;6.787775;-47.445290;-0.753400003
6636069;0;0.625880;-89.520699;90.284615;4.941650;73.218651;-143.835449;3.181455;9.612080;-7.768357;6.966587;-41.160576;-0.52928800003
6636093;0;0.625957;-89.520447;90.285065;4.941507;65.534050;-143.837311;3.115650;9.269710;-7.307864;7.078637;-29.931063;-0.64848800003
6636117;0;0.625946;-89.520515;90.284500;4.941435;57.590733;-143.842026;3.129005;9.570120;-8.741100;7.174013;-28.138149;-0.81300000003
6636141;0;0.625946;-89.520477;90.284401;4.941245;49.634354;-143.836075;3.101345;9.568210;-8.847371;7.288450;-27.124876;-0.52690000003
6636165;0;0.625946;-89.520477;90.284370;4.941173;41.675102;-143.839310;3.101345;9.522435;-8.865079;7.357588;-27.019974;-0.56505000003
6636189;0;0.625957;-89.520493;90.284325;4.941053;33.715469;-143.840836;3.103255;9.488105;-8.836472;7.457725;-27.151098;-0.73193700003
6636213;0;0.625957;-89.520477;90.284340;4.940934;25.755594;-143.838760;3.118515;9.410855;-8.817400;7.483950;-28.057087;-0.37192500003
6636237;0;0.625957;-89.520424;90.284340;4.940862;17.794344;-143.841797;3.098485;9.344100;-8.711128;7.591237;-25.491711;-0.82730000003
6636261;0;0.625968;-89.520355;90.284317;4.940791;9.834516;-143.840103;3.110885;9.283065;-8.745193;7.581700;-27.096262;-0.491138000003
6636285;0;0.625968;-89.520317;90.284317;4.940743;1.873048;-143.837006;3.070830;9.182925;-8.752001;7.658000;-26.893612;-0.364775000003
6636309;0;0.625957;-89.520248;90.284325;4.940576;-6.088538;-143.838547;3.087995;9.039875;-8.647099;7.667538;-26.149738;-0.42200000003
6636333;0;0.625979;-89.520195;90.284317;4.940528;-14.051764;-143.838409;3.050800;8.967395;-8.610314;7.691375;-25.715824;-0.5531250003
6636357;0;0.625957;-89.520126;90.284317;4.940433;-22.012146;-143.836349;3.089900;8.816715;-8.553093;7.674687;-26.657576;-0.1478130003
6636381;0;0.625968;-89.519974;90.284340;4.940408;-29.974192;-143.843567;3.091810;8.659360;-8.519035;7.796288;-25.768274;-0.9489000003
6636405;0;0.625968;-89.519943;90.284340;4.940361;-37.937397;-143.839340;3.032680;8.585925;-8.468621;7.758138;-25.534624;-0.2074120003
6636429;0;0.625979;-89.519920;90.284340;4.940384;-45.897297;-143.838501;3.033635;8.479115;-8.456365;7.767675;-27.313227;-0.2670250003
6636453;0;0.625979;-89.519806;90.284340;4.940265;-53.860283;-143.838104;3.021240;8.208270;-8.375978;7.777213;-25.541777;-0.2098000003
6636477;0;0.625979;-89.519753;90.284340;4.940265;-61.822353;-143.837921;3.064155;8.114810;-8.363722;7.789125;-25.210375;-0.3290120003
6636501;0;0.625979;-89.519691;90.284340;4.940170;-69.782852;-143.839035;3.034590;7.970805;-8.332386;7.786750;-27.096262;-0.1811880003
6636525;0;0.626012;-89.519646;90.284317;4.940145;-77.746033;-143.841797;3.010745;7.792470;-8.320122;7.731912;-24.948112;-0.5698120003
6636549;0;0.625979;-89.519348;90.284477;4.940098;-85.697639;-143.837006;3.017425;7.119175;-7.641650;7.777213;-22.895327;-0.1525870003
6636573;0;0.626001;-89.517899;90.285912;4.940050;-93.464371;-143.840424;2.889630;5.513190;-5.700243;7.736675;-13.515938;-0.3528500003
6636597;0;0.626100;-89.517448;90.285851;4.940050;-100.359825;-143.839935;2.731320;5.458830;-6.547650;7.715225;6.122588;-0.13112500003
6636621;0;0.626100;-89.517883;90.285271;4.939931;-105.612274;-143.840576;2.742765;6.011005;-7.557186;7.686613;8.485312;-0.18357500003
6636645;0;0.626100;-89.517876;90.285271;4.939883;-109.106178;-143.839798;2.765655;6.149290;-7.697507;7.662763;14.932150;-0.1478130003
6636669;0;0.626045;-89.517982;90.284615;4.939740;-110.886131;-143.839996;3.001210;7.082935;-8.641650;7.486338;13.146400;-0.1382750003
6636693;0;0.626023;-89.519249;90.282692;4.939668;-111.348717;-143.841095;3.000255;8.381840;-10.375972;7.417200;4.971025;-0.1907250003
6636717;0;0.626012;-89.519020;90.283249;4.939620;-111.377235;-143.841354;2.964015;7.497785;-8.534021;7.393350;-1.473425;-0.2479500003
6636741;0;0.626034;-89.518852;90.283279;4.939548;-111.382149;-143.841446;2.953525;7.532115;-8.557178;7.300375;-1.657000;-0.2598750003
6636765;0;0.626023;-89.518692;90.283478;4.939548;-111.383186;-143.841217;2.964970;7.282255;-8.077621;7.255075;-1.077650;-0.3242370003
6636789;0;0.626023;-89.517845;90.284866;4.939477;-111.248344;-143.843185;2.967830;5.582805;-6.374629;7.188313;16.176701;-0.3957630003
6636813;0;0.626012;-89.517395;90.285271;4.939429;-110.305359;-143.839951;2.909660;4.872320;-6.001336;7.064337;32.081600;-0.1263500003
6636837;0;0.626100;-89.517303;90.285164;4.939310;-107.871834;-143.836975;2.733230;5.037305;-6.585800;7.007113;43.714039;-0.0715250003
6636861;0;0.626100;-89.517059;90.285240;4.939310;-103.679245;-143.839996;2.641675;4.662510;-6.243836;6.835450;45.297138;-0.0405250003
6636885;0;0.626100;-89.517395;90.284622;4.939310;-97.751312;-143.837860;2.659795;5.693435;-7.724758;6.728163;46.675198;0.009525250003
6636909;0;0.626012;-89.518028;90.283775;4.939286;-90.472893;-143.836105;2.914425;6.803510;-8.814672;6.604187;34.084312;0.030988250003
6636933;0;0.626034;-89.518127;90.283714;4.939262;-82.606995;-143.836960;2.845760;6.891250;-8.512221;6.554125;25.529850;0.059600250003
6636957;0;0.626034;-89.517952;90.283943;4.939262;-74.651047;-143.842087;2.871510;6.614685;-7.822850;6.482600;23.450850;0.002375250003
6636981;0;0.626045;-89.517967;90.283943;4.939310;-66.691055;-143.838226;2.862930;6.712910;-7.915493;6.363388;23.014538;0.002375250003
6637005;0;0.626056;-89.517998;90.283928;4.939262;-58.733849;-143.838364;2.871510;6.819725;-7.990421;6.289474;24.485588;0.064362250003
6637029;0;0.626023;-89.517982;90.283928;4.939286;-50.772285;-143.839996;2.874370;7.028575;-8.043557;6.241787;22.518625;0.011912250003
6637053;0;0.626034;-89.517982;90.283920;4.939286;-42.811783;-143.838638;2.886770;7.056235;-8.081707;6.115425;22.432800;0.028600250003
6637077;0;0.626023;-89.517967;90.283928;4.939310;-34.852051;-143.840073;2.894400;7.123945;-8.182521;6.060600;23.140900;0.064362250003
6637101;0;0.626023;-89.517975;90.283852;4.939358;-26.890799;-143.843109;2.927780;7.204055;-8.281979;5.939000;22.528162;-0.13112550003
6637125;0;0.626034;-89.518082;90.283829;4.939382;-18.929188;-143.840790;2.907750;7.416725;-8.392329;5.877012;21.793839;0.019063550003
6637149;0;0.626023;-89.518097;90.283829;4.939358;-10.968972;-143.840286;2.910610;7.553100;-8.476800;5.848400;24.123188;-0.00237550003
6637173;0;0.626034;-89.518143;90.283768;4.939405;-3.006348;-143.842682;2.953525;7.659910;-8.604864;5.819788;21.543499;-0.014300550003
6637197;0;0.626034;-89.518158;90.283722;4.939429;4.954782;-143.839188;2.928730;7.778165;-8.677072;5.738725;22.459026;0.00952500550003
6637221;0;0.626034;-89.518227;90.283722;4.939477;12.916514;-143.842743;2.940175;7.869720;-8.768350;5.693425;22.475712;-0.042913550003
6637245;0;0.626034;-89.518219;90.283615;4.939429;20.876802;-143.841324;2.973555;7.968900;-9.035378;5.650513;23.043150;-0.016688550003
6637269;0;0.626089;-89.518257;90.283615;4.939501;28.839161;-143.842133;2.977370;8.029935;-9.021757;5.576600;22.284975;-0.057213550003
6637293;0;0.626045;-89.518326;90.283569;4.939501;36.799545;-143.839386;2.969740;8.096690;-9.088514;5.531300;22.764200;-0.009525550003
6637317;0;0.626034;-89.518349;90.283539;4.939548;44.760578;-143.841110;2.965925;8.174894;-9.181157;5.495537;23.462763;-0.019063550003
6637341;0;0.626034;-89.518349;90.283478;4.939525;52.722359;-143.839645;2.985950;8.226390;-9.253364;5.428787;22.160999;-0.004763550003
6637365;0;0.626056;-89.518372;90.283424;4.939644;60.682137;-143.845169;2.994535;8.223530;-9.321479;5.359637;23.579588;-0.240800550003
6637389;0;0.626034;-89.518394;90.283379;4.939572;68.642670;-143.840439;2.938270;8.240695;-9.410036;5.319113;24.070736;-0.016688550003
6637413;0;0.626034;-89.518433;90.283302;4.939548;76.603989;-143.843414;2.980230;8.228300;-9.452271;5.314350;22.275438;-0.221725550003
6637437;0;0.626034;-89.518417;90.283272;4.939620;84.565216;-143.842422;2.964015;8.237835;-9.519029;5.283350;23.980137;-0.107287550003
6637461;0;0.626001;-89.518456;90.283165;4.939692;92.526398;-143.843735;2.951620;8.229255;-9.671615;5.207050;23.622513;-0.274175550003
6637485;0;0.626023;-89.518524;90.282341;4.939668;100.458313;-143.842957;2.947805;8.468625;-10.668886;5.195138;19.609924;-0.2694130003
6637509;0;0.626012;-89.519104;90.279198;4.939668;108.073181;-143.846420;3.028865;8.861540;-12.337814;5.147450;7.379050;-0.61988830003
6637533;0;0.626001;-89.519295;90.278908;4.939716;114.508438;-143.844254;3.003120;8.389470;-10.234286;5.145062;-6.937975;-0.5483620003
6637557;0;0.626001;-89.519524;90.278946;4.939787;119.218231;-143.838043;2.967830;8.277890;-10.010850;5.125988;-11.148450;-0.221725003
6637581;0;0.626034;-89.519524;90.278923;4.939883;122.169510;-143.841232;2.947805;8.282660;-9.760171;5.099762;-14.097688;-0.4529875003
6637605;0;0.626012;-89.519348;90.279884;4.939931;123.466400;-143.839493;2.933500;7.756230;-7.880072;5.176063;-11.851788;-0.3075505003
6637629;0;0.626001;-89.519218;90.280769;4.940026;123.690613;-143.837875;2.943990;7.567405;-7.626665;5.145062;1.356600;-0.171650505003
6637653;0;0.626012;-89.519180;90.280182;4.940026;123.703873;-143.837906;2.945895;7.746695;-8.835107;5.180825;4.158012;-0.126350505003
6637677;0;0.626001;-89.519073;90.280174;4.940026;123.709129;-143.838272;2.945895;7.750510;-8.738379;5.233287;3.585813;-0.126350505003
6637701;0;0.626012;-89.519196;90.278755;4.940050;123.693703;-143.837250;2.967830;8.154865;-10.258807;5.192750;-6.520738;-0.0548255003
6637725;0;0.626001;-89.519501;90.277405;4.940098;123.249359;-143.838562;3.011700;8.460995;-11.032643;5.247587;-22.864338;-0.169275003
6637749;0;0.626001;-89.519592;90.276863;4.940145;121.612411;-143.837555;3.001210;8.495330;-10.700221;5.307188;-36.447037;-0.140663003
6637773;0;0.626012;-89.519676;90.276810;4.940217;118.310890;-143.838409;2.990720;8.611675;-10.626650;5.366800;-42.343136;-0.193112003
6637797;0;0.626012;-89.519691;90.277275;4.940289;113.266045;-143.840073;3.004070;8.373260;-9.269714;5.347725;-42.903412;-0.1811882003
6637821;0;0.626023;-89.519081;90.280899;4.940289;106.855637;-143.847260;2.959250;7.029530;-5.151200;5.521762;-24.092188;-0.7152502003
6637845;0;0.626001;-89.518349;90.282166;4.940289;100.509789;-143.845322;2.902980;6.861685;-4.846022;5.466938;2.999300;-0.398150502003
6637869;0;0.626012;-89.517998;90.281525;4.940217;95.574547;-143.841446;2.909660;6.962775;-6.043564;5.497925;11.098375;-0.209800502003
6637893;0;0.626001;-89.517868;90.281097;4.940241;92.368217;-143.840973;2.923965;6.937025;-6.366457;5.433550;12.326238;-0.178813502003
6637917;0;0.626001;-89.518257;90.279228;4.940145;90.842697;-143.839584;2.945895;7.513045;-8.238379;5.440700;12.891288;-0.092975502003
6637941;0;0.626001;-89.518623;90.277298;4.940122;90.507988;-143.839722;2.981185;8.335110;-10.043550;5.404938;1.394737;-0.131125502003
6637965;0;0.626001;-89.518456;90.278580;4.940122;90.491310;-143.839783;2.969740;7.782935;-7.598057;5.354875;-1.854887;-0.131125502003
6637989;0;0.626001;-89.518532;90.278671;4.940026;90.487762;-143.839905;2.961155;7.731435;-7.536750;5.419250;-1.919263;-0.138275502003
6638013;0;0.626067;-89.518578;90.278725;4.940074;90.486778;-143.840073;2.759930;7.748600;-7.519036;5.388250;-2.026550;-0.014300502003
6638037;0;0.626891;-89.518532;90.278687;4.940050;90.486031;-143.928574;1.046180;7.842060;-7.750643;5.397787;-2.093313;10.871876502003
6638061;0;0.627913;-89.518555;90.278671;4.940098;90.485695;-145.161362;-0.063895;7.843015;-7.766993;5.362025;-2.279275;17.98628802003
6638085;0;0.629220;-89.518692;90.278709;4.940050;90.485672;-148.549774;-0.921245;7.973670;-7.602142;5.435938;-2.412787;30.64869902003
6638109;0;0.629747;-89.518768;90.278801;4.940050;90.485641;-154.975555;-1.362800;7.984160;-7.434572;5.397787;-2.624987;36.99778702003
6638133;0;0.629528;-89.518646;90.279060;4.940050;90.485550;-164.653885;-0.512120;7.974620;-7.005414;5.402563;-2.784725;40.37617502003
6638157;0;0.628682;-89.518677;90.279396;4.940074;90.485306;-177.115692;0.989910;7.760045;-6.765636;5.447863;-2.863400;36.249149502003
6638181;0;0.626583;-89.518623;90.279648;4.940122;90.485039;-191.036926;3.149030;7.454870;-6.420950;5.469313;-2.982613;28.717512502003
6638205;0;0.624474;-89.518532;90.279694;4.940145;90.484512;-204.627197;5.751605;7.476805;-6.585800;5.433550;-2.827637;14.402862502003
6638229;0;0.623782;-89.518494;90.279648;4.940145;90.483910;-215.777908;6.194110;7.390975;-6.743835;5.369175;-2.696512;5.0377752502003
6638253;0;0.623496;-89.518478;90.279648;4.940050;90.483307;-223.639786;6.332395;7.408140;-6.693429;5.362025;-2.541538;0.1525872502003
6638277;0;0.623573;-89.518570;90.279648;4.940026;90.482826;-228.251083;5.943295;7.434840;-6.683893;5.424013;-2.434250;-4.374975502003
6638301;0;0.624276;-89.518578;90.279579;4.940050;90.482368;-230.013474;4.052160;7.859230;-6.967271;5.400175;-2.124300;-3.669250502003
6638325;0;0.625155;-89.518578;90.279648;4.940050;90.481743;-230.216324;2.694125;7.741925;-6.678442;5.395400;-1.909725;0.8845250502003
6638349;0;0.625133;-89.518570;90.279701;4.940050;90.481331;-230.213821;3.087040;7.698055;-6.558550;5.362025;-1.654612;0.4982880502003
6638373;0;0.625144;-89.518570;90.279724;4.940050;90.481232;-230.209610;3.000255;7.686610;-6.476807;5.395400;-1.478187;-0.035763502003
6638397;0;0.624760;-89.518570;90.279785;4.940074;90.481186;-230.178070;4.190440;7.566450;-6.272450;5.378712;-1.347062;-2.620213502003
6638421;0;0.624023;-89.518402;90.279884;4.940026;90.481186;-229.672501;5.574225;7.251735;-6.198879;5.397787;-1.087188;-15.00128802003
6638445;0;0.623145;-89.518456;90.280045;4.940026;90.481064;-227.453857;6.844520;7.331845;-6.024493;5.366800;-0.941750;-23.47945002003
6638469;0;0.622310;-89.518456;90.280121;4.940026;90.480995;-222.587357;7.356640;7.424350;-5.929129;5.362025;-0.743863;-33.31183602003
6638493;0;0.621892;-89.518478;90.280174;4.940026;90.480995;-214.462418;7.185935;7.448195;-5.856922;5.335800;-0.543588;-37.78218502003
6638517;0;0.622386;-89.518646;90.280197;4.940050;90.480942;-203.184372;5.746840;7.949825;-5.953650;5.300037;-0.381463;-35.99166102003
6638541;0;0.623046;-89.518616;90.280205;4.940050;90.481018;-189.706619;4.541395;7.728575;-6.013593;5.297650;-0.221725;-31.44739902003
6638565;0;0.623738;-89.518600;90.280220;4.940026;90.481140;-175.160385;3.440855;7.517810;-6.019043;5.352488;-0.143050;-27.53495002003
6638589;0;0.623881;-89.518578;90.280273;4.940002;90.481354;-160.348969;3.314970;7.762905;-5.852829;5.302425;-0.021450;-26.65996202003
6638613;0;0.624188;-89.518570;90.280281;4.939979;90.481453;-145.555496;3.017425;7.534025;-5.878714;5.326262;0.007150;-26.795860202003
6638637;0;0.624320;-89.518501;90.280327;4.940050;90.481544;-130.752060;2.713200;7.635115;-5.861007;5.297650;0.112050;-26.147362202003
6638661;0;0.624474;-89.518616;90.280327;4.940050;90.481621;-115.953041;2.468105;7.601735;-5.813322;5.290500;0.185962;-25.064936202003
6638685;0;0.624639;-89.518501;90.280357;4.940050;90.481789;-101.167213;2.356525;7.480620;-5.794250;5.278575;0.376700;-25.246138202003
6638709;0;0.624825;-89.518524;90.280380;4.940026;90.481789;-86.384041;2.137180;7.695195;-5.779264;5.283350;0.395763;-25.9518518202003
6638733;0;0.624880;-89.518532;90.280418;4.940050;90.481934;-71.598351;2.046585;7.402420;-5.742479;5.259512;0.426762;-25.7420508202003
6638757;0;0.624946;-89.518478;90.280449;4.940026;90.481979;-56.810619;1.891135;7.636070;-5.686621;5.230900;0.529288;-26.0662998202003
6638781;0;0.625023;-89.518532;90.280426;4.940002;90.482033;-42.024937;1.936910;7.488250;-5.854193;5.259512;0.576962;-26.4668378202003
6638805;0;0.624924;-89.518433;90.280518;4.940026;90.482124;-27.230009;2.250670;7.507320;-5.683893;5.264275;0.646113;-26.1282868202003
6638829;0;0.625056;-89.518570;90.280502;4.940074;90.482224;-12.432642;1.923560;7.607460;-5.647114;5.228512;0.712862;-25.7039018202003
6638853;0;0.625056;-89.518501;90.280571;4.940002;90.482292;2.350535;1.928325;7.385250;-5.603514;5.233287;0.731937;-25.360575018202003
6638877;0;0.625078;-89.518494;90.280579;4.940050;90.482346;17.146978;1.766200;7.653235;-5.512236;5.264275;0.751013;-24.82652518202003
6638901;0;0.625056;-89.518547;90.280731;4.940026;90.482536;31.934647;2.155300;7.430075;-5.433215;5.223750;0.760550;-24.94572618202003
6638925;0;0.625034;-89.518478;90.280754;4.940074;90.482658;46.726604;2.043720;7.611270;-5.380078;5.226125;0.796312;-24.97433718202003
6638949;0;0.625078;-89.518578;90.280792;4.940050;90.482704;61.513279;2.099035;7.605550;-5.340571;5.228512;0.782012;-25.64667518202003
6638973;0;0.625364;-89.518494;90.280823;4.940026;90.482826;76.273560;1.405715;7.596965;-5.382807;5.204675;0.801075;-24.25193818202003
6638997;0;0.627034;-89.518730;90.280823;4.940002;90.482948;90.493637;-0.772475;8.297920;-5.453650;5.187987;0.782012;-15.3708378202003
6639021;0;0.628770;-89.518692;90.280807;4.940026;90.483162;102.721588;-1.784320;8.091925;-5.532671;5.223750;0.760550;-4.6944508202003
6639045;0;0.629110;-89.518707;90.280823;4.940050;90.483307;111.753746;-2.049445;7.897375;-5.434579;5.218975;0.786775;-1.2397758202003
6639069;0;0.629341;-89.518745;90.280830;4.940050;90.483353;117.511703;-2.098080;7.845875;-5.380078;5.202288;0.689025;3.98873858202003
6639093;0;0.628748;-89.518654;90.280930;4.940050;90.483551;120.146187;-0.461575;7.667540;-5.091257;5.235662;0.638950;4.43696358202003
6639117;0;0.627528;-89.518578;90.281082;4.940050;90.483719;120.696625;1.011845;7.565495;-5.028586;5.197525;0.517362;0.503062358202003
6639141;0;0.627155;-89.518600;90.281075;4.940050;90.484032;120.697495;0.939365;7.637975;-5.193436;5.221363;0.364775;-0.66756358202003
6639165;0;0.627111;-89.518578;90.281097;4.940050;90.484032;120.694000;1.042365;7.648465;-5.166186;5.211825;0.317088;-0.01668858202003
6639189;0;0.627100;-89.518593;90.281120;4.940050;90.484032;120.683907;1.053810;7.684705;-5.193436;5.221363;0.302787;0.305175858202003
6639213;0;0.627858;-89.518616;90.281097;4.940050;90.483978;120.553848;-0.477790;7.766720;-5.261557;5.183212;0.178813;9.01936258202003
6639237;0;0.628912;-89.518692;90.281044;4.940050;90.484123;119.339813;-1.703260;7.986065;-5.401878;5.154600;0.064362;19.6027768202003
6639261;0;0.629681;-89.518692;90.281097;4.940026;90.484291;115.914787;-2.650260;8.059500;-5.253379;5.223750;0.000000;30.1098778202003
6639285;0;0.629879;-89.518745;90.281143;4.940098;90.484558;109.424286;-2.592085;7.934570;-5.115779;5.257125;-0.166887;36.404125202003
6639309;0;0.629615;-89.518707;90.281197;4.940145;90.484917;99.640465;-1.489635;7.737155;-4.923678;5.185600;-0.314712;38.6214265202003
